customer_id,first_name,last_name,email,phone,gender,date_of_birth,city,state,signup_date,loyalty_tier
1,Sneha,Mehta,sneha.mehta1@gmail.com,9387191275,Male,1994-01-23,Delhi,Delhi,2022-09-06,Bronze
2,Lakshmi,Sharma,lakshmi.sharma2@yahoo.com,9497928285,Male,1999-12-04,Hyderabad,Telangana,2023-05-16,Bronze
3,Tanvi,Joshi,tanvi.joshi3@example.com,,Female,1970-09-26,Kolkata,West Bengal,2024-08-25,Bronze
4,Riya,Kumar,riya.kumar4@gmail.com,,Male,1974-11-02,Delhi,Delhi,2022-03-13,Platinum
5,Meera,Pillai,meera.pillai5@gmail.com,,Male,1966-06-30,Bengaluru,Karnataka,2025-06-01,Bronze
6,Rahul,Rao,rahul.rao6@yahoo.com,9890642591,Female,1984-07-18,Kochi,Kerala,2022-08-23,Bronze
7,Vikram,Pillai,vikram.pillai7@outlook.com,9807000856,Female,1984-10-02,Delhi,Delhi,2024-12-13,Bronze
8,Deepak,Kumar,deepak.kumar8@example.com,9198481201,Female,1966-03-10,Gurugram,Haryana,2024-04-24,Gold
9,Aditya,Sharma,aditya.sharma9@outlook.com,9846873318,Female,1991-06-12,Bengaluru,Karnataka,2025-03-06,Silver
10,Aditya,Iyer,aditya.iyer10@yahoo.com,9954834839,Female,1965-05-10,Hyderabad,Telangana,2024-11-27,Bronze
11,Diya,Kumar,diya.kumar11@example.com,9144394823,Female,1996-09-10,Hyderabad,Telangana,2023-12-08,Platinum
12,Ramesh,Gupta,ramesh.gupta12@gmail.com,9452362749,Female,1993-03-14,Jaipur,Rajasthan,2024-11-01,Bronze
13,Tanvi,Pillai,tanvi.pillai13@example.com,9284072157,Male,1997-08-01,Pune,Maharashtra,2023-04-20,Gold
14,Riya,Mehta,riya.mehta14@yahoo.com,9260170350,Female,1969-09-24,Kolkata,West Bengal,2024-03-10,Bronze
15,Pooja,Kapoor,pooja.kapoor15@yahoo.com,9953956010,Male,1999-10-17,Hyderabad,Telangana,2025-06-06,Bronze
16,Arjun,Nair,arjun.nair16@example.com,9589506657,Male,1986-11-25,Chennai,Tamil Nadu,2022-04-27,Bronze
17,Siddharth,Gupta,siddharth.gupta17@outlook.com,9574109432,Male,1999-07-06,Mumbai,Maharashtra,2023-05-03,Platinum
18,Aditya,Pillai,aditya.pillai18@yahoo.com,9090243037,Female,1992-10-27,Bengaluru,Karnataka,2022-01-24,Gold
19,Deepak,Iyer,deepak.iyer19@yahoo.com,9283018497,Female,1991-03-29,Kolkata,West Bengal,2024-01-02,Silver
20,Deepak,Singh,deepak.singh20@yahoo.com,9037091785,Female,1966-04-16,Pune,Maharashtra,2024-12-06,Bronze
21,Rahul,Pillai,rahul.pillai21@example.com,9887732824,Other,1992-08-30,Delhi,Delhi,2022-02-22,Bronze
22,Vikram,Menon,vikram.menon22@gmail.com,9533539138,Female,1982-12-09,Hyderabad,Telangana,2024-01-23,Bronze
23,Siddharth,Pillai,siddharth.pillai23@gmail.com,9476372716,Male,1998-12-12,Kochi,Kerala,2023-07-23,Bronze
24,Swathi,Das,swathi.das24@yahoo.com,9186011952,Female,1992-05-07,Ahmedabad,Gujarat,2024-12-07,Bronze
25,Meera,Kapoor,meera.kapoor25@yahoo.com,9202853033,Female,1967-12-22,Delhi,Delhi,2022-10-29,Silver
26,Deepak,Kapoor,deepak.kapoor26@example.com,9166932836,Female,2000-07-26,Chennai,Tamil Nadu,2022-08-11,Silver
27,Kavya,Shetty,kavya.shetty27@gmail.com,9783617062,Male,1967-07-08,Hyderabad,Telangana,2022-05-10,Gold
28,Santosh,Iyer,santosh.iyer28@example.com,9406463056,Male,1976-12-17,Bengaluru,Karnataka,2023-07-12,Bronze
29,Neha,Menon,neha.menon29@example.com,9627521307,Female,1973-09-01,Mysuru,Karnataka,2023-10-30,Bronze
30,Vikram,Iyer,vikram.iyer30@yahoo.com,9001306185,Male,2003-12-11,Delhi,Delhi,2025-06-12,Bronze
31,Swathi,Reddy,swathi.reddy31@example.com,9041958312,Male,1971-02-15,Delhi,Delhi,2023-09-30,Bronze
32,Manoj,Singh,manoj.singh32@example.com,9474932416,Male,1998-10-05,Kochi,Kerala,2022-08-23,Silver
33,Ramesh,Rao,ramesh.rao33@example.com,9163367928,Male,1973-11-18,Coimbatore,Tamil Nadu,2024-08-14,Silver
34,Naveen,Mehta,naveen.mehta34@yahoo.com,9899726728,Male,1991-01-04,Hyderabad,Telangana,2022-03-26,Bronze
35,Rahul,Kapoor,rahul.kapoor35@yahoo.com,9748067045,Other,1968-08-12,Hyderabad,Telangana,2023-04-18,Bronze
36,Aditya,Patel,aditya.patel36@example.com,9286241079,Female,1980-09-01,Chennai,Tamil Nadu,2024-06-13,Gold
37,Riya,Rao,riya.rao37@yahoo.com,9226516214,Female,1989-11-28,Bengaluru,Karnataka,2022-12-14,Bronze
38,Siddharth,Pillai,siddharth.pillai38@gmail.com,9756247529,Male,1993-06-05,Mumbai,Maharashtra,2024-03-24,Bronze
39,Kavya,Shetty,kavya.shetty39@outlook.com,9097123952,Male,1999-11-17,Chennai,Tamil Nadu,2023-09-13,Silver
40,Rahul,Reddy,rahul.reddy40@yahoo.com,9918830893,Male,1997-08-17,Pune,Maharashtra,2025-07-27,Silver
41,Diya,Chopra,diya.chopra41@example.com,9121653660,Male,1985-09-25,Hyderabad,Telangana,2023-01-29,Bronze
42,Diya,Verma,diya.verma42@example.com,9487890245,Male,1977-02-15,Kolkata,West Bengal,2025-05-25,Gold
43,Ananya,Das,ananya.das43@gmail.com,9777167750,Female,1975-06-12,Delhi,Delhi,2024-05-06,Gold
44,Deepak,Mehta,deepak.mehta44@example.com,9178845151,Other,2004-09-08,Coimbatore,Tamil Nadu,2024-10-22,Bronze
45,Riya,Shetty,riya.shetty45@example.com,9770973409,Female,1989-04-26,Kolkata,West Bengal,2022-08-20,Bronze
46,Meera,Pillai,meera.pillai46@example.com,9196938433,Male,2001-04-27,Gurugram,Haryana,2022-01-27,Silver
47,Arjun,Naidu,arjun.naidu47@yahoo.com,9944655319,Male,1982-05-04,Hyderabad,Telangana,2024-09-27,Silver
48,Riya,Kapoor,riya.kapoor48@outlook.com,9494559151,Male,1984-05-29,Chennai,Tamil Nadu,2023-10-20,Bronze
49,Rohan,Mehta,,9859216133,Male,1998-01-04,Delhi,Delhi,2023-02-27,Bronze
50,Siddharth,Chopra,siddharth.chopra50@example.com,9216732168,Female,1993-11-23,Bengaluru,Karnataka,2025-05-11,Silver
51,Priya,Sharma,priya.sharma51@yahoo.com,9546991486,Male,1973-01-10,Chennai,Tamil Nadu,2023-03-23,Bronze
52,Ishaan,Menon,ishaan.menon52@outlook.com,9891652614,Female,1985-12-12,Bengaluru,Karnataka,2023-08-17,Bronze
53,Diya,Sharma,diya.sharma53@yahoo.com,9436997399,Female,1973-07-14,Gurugram,Haryana,2024-09-18,Bronze
54,Vikram,Chopra,vikram.chopra54@yahoo.com,9888776638,Male,1995-06-02,Pune,Maharashtra,2025-08-10,Bronze
55,Divya,Shetty,divya.shetty55@outlook.com,9667095912,Male,1966-03-14,Delhi,Delhi,2025-05-15,Gold
56,Divya,Joshi,divya.joshi56@yahoo.com,9966455155,Male,1998-01-21,Gurugram,Haryana,2024-06-12,Silver
57,Aarav,Bose,aarav.bose57@gmail.com,9337646245,Male,2002-02-20,Hyderabad,Telangana,2022-06-01,Bronze
58,Sneha,Reddy,sneha.reddy58@outlook.com,9215949878,Female,1965-12-06,Mumbai,Maharashtra,2022-05-30,Gold
59,Tanvi,Shetty,tanvi.shetty59@yahoo.com,9471350791,Female,1990-03-14,Bengaluru,Karnataka,2024-08-06,Bronze
60,Diya,Menon,diya.menon60@outlook.com,9901769451,Female,1968-03-01,Bengaluru,Karnataka,2023-11-29,Bronze
61,Meera,Joshi,meera.joshi61@yahoo.com,9695939513,Female,1979-05-26,Pune,Maharashtra,2022-07-02,Bronze
62,Ramesh,Pillai,ramesh.pillai62@example.com,9408269465,Male,1978-06-14,Mumbai,Maharashtra,2024-08-10,Silver
63,Diya,Rao,diya.rao63@example.com,9703608600,Male,1985-10-10,Mumbai,Maharashtra,2025-07-14,Silver
64,Vivaan,Singh,,9165454300,Male,2001-09-06,Delhi,Delhi,2022-03-31,Silver
65,Diya,Rao,diya.rao65@outlook.com,9672246550,Male,1983-06-15,Pune,Maharashtra,2025-02-04,Bronze
66,Rahul,Joshi,rahul.joshi66@gmail.com,,Female,1980-12-02,Mumbai,Maharashtra,2023-04-17,Bronze
67,Diya,Kapoor,diya.kapoor67@example.com,9241414947,Female,1968-09-16,Mumbai,Maharashtra,2023-06-29,Bronze
68,Karan,Kumar,karan.kumar68@gmail.com,,Male,2000-06-23,Coimbatore,Tamil Nadu,2024-09-08,Platinum
69,Ishaan,Das,ishaan.das69@example.com,9265056235,Male,1977-07-31,Bengaluru,Karnataka,2022-12-04,Bronze
70,Kiran,Das,kiran.das70@example.com,9909880539,Male,1983-06-27,Hyderabad,Telangana,2022-08-04,Silver
71,Arjun,Iyer,arjun.iyer71@gmail.com,9760841894,Female,1968-09-09,Chennai,Tamil Nadu,2025-08-12,Silver
72,Manoj,Verma,manoj.verma72@gmail.com,9663799639,Male,1976-07-19,Hyderabad,Telangana,2023-04-22,Bronze
73,Manoj,Sharma,,9903557501,Male,1987-02-13,Kolkata,West Bengal,2022-08-21,Bronze
74,Sneha,Joshi,sneha.joshi74@example.com,9766423651,Male,2001-01-01,Chennai,Tamil Nadu,2024-08-02,Bronze
75,Harini,Mehta,harini.mehta75@outlook.com,9385854951,Female,1978-02-23,Bengaluru,Karnataka,2022-10-24,Silver
76,Aarav,Kapoor,aarav.kapoor76@gmail.com,9463484314,Female,1987-05-31,Chennai,Tamil Nadu,2024-11-27,Platinum
77,Siddharth,Chopra,siddharth.chopra77@outlook.com,9724698216,Female,2000-01-02,Coimbatore,Tamil Nadu,2022-04-07,Bronze
78,Rohan,Iyer,rohan.iyer78@yahoo.com,9231713407,Male,1979-05-31,Pune,Maharashtra,2023-12-11,Platinum
79,Riya,Iyer,riya.iyer79@example.com,9651006778,Male,1976-10-14,Mumbai,Maharashtra,2023-07-06,Bronze
80,Tanvi,Gupta,tanvi.gupta80@example.com,9302775078,Female,1966-10-11,Gurugram,Haryana,2025-08-02,Bronze
81,Swathi,Naidu,swathi.naidu81@example.com,9286860612,Male,2001-04-18,Pune,Maharashtra,2023-12-15,Gold
82,Diya,Sharma,diya.sharma82@yahoo.com,9894232540,Male,1969-06-08,Hyderabad,Telangana,2025-06-20,Gold
83,Rahul,Nair,rahul.nair83@yahoo.com,9666976244,Female,1973-08-12,Gurugram,Haryana,2022-12-07,Bronze
84,Harini,Sharma,harini.sharma84@example.com,9946509620,Male,1970-07-27,Mysuru,Karnataka,2023-10-11,Silver
85,Santosh,Mehta,santosh.mehta85@gmail.com,9930602807,Male,1993-04-13,Bengaluru,Karnataka,2025-01-19,Gold
86,Deepak,Shetty,deepak.shetty86@gmail.com,9632458256,Female,1979-08-02,Bengaluru,Karnataka,2022-08-08,Silver
87,Kavya,Joshi,kavya.joshi87@gmail.com,9089027819,Female,1993-03-07,Delhi,Delhi,2025-06-24,Silver
88,Kavya,Kumar,kavya.kumar88@outlook.com,9323625017,Male,1989-04-12,Hyderabad,Telangana,2024-11-24,Bronze
89,Diya,Iyer,diya.iyer89@gmail.com,9377919841,Male,1965-08-09,Mysuru,Karnataka,2024-07-15,Bronze
90,Deepak,Gupta,deepak.gupta90@outlook.com,9150055892,Female,1977-04-18,Mumbai,Maharashtra,2022-11-29,Silver
91,Karan,Das,karan.das91@gmail.com,9312498946,Male,1965-03-01,Mysuru,Karnataka,2025-01-24,Bronze
92,Kiran,Patel,kiran.patel92@example.com,9724534407,Male,1967-08-15,Delhi,Delhi,2025-02-27,Bronze
93,Rohan,Chopra,rohan.chopra93@yahoo.com,9979402815,Female,1983-11-28,Hyderabad,Telangana,2023-02-05,Bronze
94,Kavya,Shetty,kavya.shetty94@gmail.com,9031115628,Female,1975-08-03,Hyderabad,Telangana,2024-03-14,Bronze
95,Siddharth,Reddy,siddharth.reddy95@outlook.com,9375799597,Other,1968-07-25,Coimbatore,Tamil Nadu,2022-03-25,Bronze
96,Tanvi,Patel,tanvi.patel96@yahoo.com,9291417881,Male,1981-05-03,Pune,Maharashtra,2023-06-24,Bronze
97,Santosh,Iyer,santosh.iyer97@yahoo.com,9231506559,Male,1983-01-24,Hyderabad,Telangana,2022-07-26,Bronze
98,Harini,Chopra,harini.chopra98@outlook.com,9725886048,Female,2004-08-31,Bengaluru,Karnataka,2024-02-01,Bronze
99,Ramesh,Kumar,ramesh.kumar99@example.com,9055239594,Female,1991-06-12,Bengaluru,Karnataka,2024-01-22,Gold
100,Rahul,Patel,rahul.patel100@example.com,9869330211,Male,1980-09-16,Kochi,Kerala,2023-12-31,Silver
101,Karan,Reddy,karan.reddy101@yahoo.com,9383889584,Female,1983-12-03,Ahmedabad,Gujarat,2024-07-16,Bronze
102,Swathi,Verma,swathi.verma102@example.com,9681017427,Male,1968-07-26,Delhi,Delhi,2025-06-19,Bronze
103,Meera,Kumar,meera.kumar103@gmail.com,9014976734,Female,1980-06-16,Chennai,Tamil Nadu,2022-09-27,Bronze
104,Aditya,Joshi,aditya.joshi104@example.com,9875073363,Female,1988-03-25,Kochi,Kerala,2022-10-21,Silver
105,Lakshmi,Reddy,lakshmi.reddy105@example.com,9501597492,Male,1965-11-03,Delhi,Delhi,2022-10-22,Silver
106,Tanvi,Sharma,tanvi.sharma106@outlook.com,9840096190,Female,2001-10-05,Delhi,Delhi,2025-06-24,Silver
107,Aarav,Kumar,aarav.kumar107@outlook.com,9370969882,Other,1985-08-04,Hyderabad,Telangana,2022-05-07,Silver
108,Ramesh,Joshi,ramesh.joshi108@outlook.com,9221604554,Male,1996-06-12,Chennai,Tamil Nadu,2022-02-12,Bronze
109,Sneha,Singh,sneha.singh109@gmail.com,9219455373,Male,1976-01-07,Bengaluru,Karnataka,2022-08-08,Bronze
110,Sneha,Patel,sneha.patel110@example.com,9483660682,Female,1998-06-05,Ahmedabad,Gujarat,2024-11-19,Bronze
111,Divya,Nair,divya.nair111@outlook.com,9901987624,Male,1979-09-01,Hyderabad,Telangana,2024-03-04,Bronze
112,Meera,Chopra,meera.chopra112@example.com,9505011109,Male,2002-02-08,Chennai,Tamil Nadu,2025-06-13,Bronze
113,Kavya,Kapoor,kavya.kapoor113@gmail.com,9853197740,Male,1985-11-15,Coimbatore,Tamil Nadu,2022-10-07,Silver
114,Sneha,Pillai,sneha.pillai114@example.com,9642308189,Female,1990-06-12,Mumbai,Maharashtra,2023-06-24,Bronze
115,Rohan,Das,rohan.das115@yahoo.com,9060850779,Male,1973-02-23,Chennai,Tamil Nadu,2024-01-31,Silver
116,Ishaan,Chopra,ishaan.chopra116@example.com,9496532670,Female,2004-10-08,Kolkata,West Bengal,2022-04-11,Bronze
117,Divya,Gupta,divya.gupta117@example.com,9403761700,Male,1972-09-13,Delhi,Delhi,2025-06-11,Bronze
118,Karan,Sharma,karan.sharma118@example.com,9902155897,Male,1966-05-01,Delhi,Delhi,2025-01-06,Silver
119,Neha,Gupta,neha.gupta119@example.com,9409525334,Female,1982-08-01,Hyderabad,Telangana,2022-07-16,Bronze
120,Vikram,Chopra,vikram.chopra120@gmail.com,9719016177,Male,1998-05-16,Pune,Maharashtra,2025-02-27,Bronze
121,Karan,Rao,karan.rao121@yahoo.com,9449761502,Male,2001-10-28,Mumbai,Maharashtra,2023-09-07,Bronze
122,Riya,Shetty,riya.shetty122@yahoo.com,9649908813,Male,1999-04-05,Pune,Maharashtra,2023-04-06,Silver
123,Lakshmi,Shetty,lakshmi.shetty123@outlook.com,9900592761,Female,1987-02-09,Bengaluru,Karnataka,2025-07-19,Bronze
124,Kavya,Reddy,kavya.reddy124@example.com,9264225849,Male,2001-08-23,Hyderabad,Telangana,2023-12-11,Gold
125,Ishaan,Sharma,ishaan.sharma125@outlook.com,9647479710,Male,1984-09-01,Bengaluru,Karnataka,2022-11-08,Platinum
126,Rahul,Patel,rahul.patel126@outlook.com,9885284232,Male,1984-02-12,Mumbai,Maharashtra,2025-01-13,Gold
127,Ishaan,Kapoor,ishaan.kapoor127@example.com,9236031697,Male,1972-03-23,Coimbatore,Tamil Nadu,2024-09-06,Bronze
128,Swathi,Bose,swathi.bose128@gmail.com,9250425465,Male,1996-06-28,Mysuru,Karnataka,2022-09-20,Silver
129,Siddharth,Verma,siddharth.verma129@outlook.com,9909778020,Female,1977-08-20,Bengaluru,Karnataka,2024-07-16,Bronze
130,Diya,Nair,diya.nair130@outlook.com,9733646938,Male,1972-10-19,Mumbai,Maharashtra,2024-05-11,Gold
131,Aditya,Menon,aditya.menon131@gmail.com,9539412855,Male,1979-10-10,Chennai,Tamil Nadu,2023-01-12,Bronze
132,Kavya,Joshi,kavya.joshi132@outlook.com,9610491790,Female,1989-02-09,Jaipur,Rajasthan,2023-08-13,Bronze
133,Harini,Shetty,harini.shetty133@example.com,9181773255,Female,1975-10-18,Mumbai,Maharashtra,2025-02-23,Bronze
134,Priya,Pillai,priya.pillai134@example.com,9859222608,Male,1979-05-04,Madurai,Tamil Nadu,2022-08-27,Gold
135,Tanvi,Reddy,tanvi.reddy135@example.com,9799075785,Male,1978-03-13,Mumbai,Maharashtra,2024-09-15,Gold
136,Rohan,Sharma,rohan.sharma136@example.com,9084459527,Male,1988-10-31,Bengaluru,Karnataka,2025-02-12,Bronze
137,Ishaan,Rao,ishaan.rao137@yahoo.com,9605782585,Female,1993-07-18,Kochi,Kerala,2025-07-06,Bronze
138,Manoj,Menon,manoj.menon138@gmail.com,9410696763,Male,1992-01-03,Mumbai,Maharashtra,2023-03-21,Silver
139,Vivaan,Naidu,vivaan.naidu139@example.com,9522569221,Male,1970-08-23,Gurugram,Haryana,2022-12-31,Gold
140,Kavya,Menon,kavya.menon140@yahoo.com,9973974350,Male,1978-11-16,Bengaluru,Karnataka,2025-07-03,Silver
141,Siddharth,Das,siddharth.das141@outlook.com,9192189818,Male,1990-12-04,Mumbai,Maharashtra,2023-09-26,Bronze
142,Aarav,Singh,aarav.singh142@gmail.com,9209260185,Male,1973-08-24,Mumbai,Maharashtra,2024-02-18,Silver
143,Neha,Verma,neha.verma143@example.com,9918890151,Male,1967-10-12,Jaipur,Rajasthan,2023-12-04,Gold
144,Naveen,Kapoor,naveen.kapoor144@example.com,9086891803,Female,1977-11-10,Mumbai,Maharashtra,2023-12-06,Bronze
145,Aditya,Bose,aditya.bose145@example.com,9227188605,Female,1992-02-18,Mumbai,Maharashtra,2024-05-05,Bronze
146,Lakshmi,Nair,lakshmi.nair146@gmail.com,9633490535,Female,1991-07-17,Chennai,Tamil Nadu,2023-08-03,Bronze
147,Pooja,Chopra,pooja.chopra147@example.com,9094915670,Female,1970-03-10,Madurai,Tamil Nadu,2023-06-21,Bronze
148,Manoj,Gupta,,9614007787,Male,1992-01-22,Mumbai,Maharashtra,2023-07-03,Silver
149,Aditya,Mehta,aditya.mehta149@gmail.com,9517217515,Female,1972-10-09,Hyderabad,Telangana,2024-06-17,Bronze
150,Swathi,Bose,swathi.bose150@outlook.com,9647532283,Female,1994-08-20,Bengaluru,Karnataka,2025-01-24,Bronze
151,Aarav,Bose,aarav.bose151@yahoo.com,9735647989,Female,1987-08-25,Kolkata,West Bengal,2024-01-30,Bronze
152,Harini,Nair,harini.nair152@outlook.com,9077430880,Female,1970-01-22,Ahmedabad,Gujarat,2024-07-16,Gold
153,Tanvi,Singh,tanvi.singh153@gmail.com,9551583794,Male,1978-12-31,Mysuru,Karnataka,2023-07-20,Gold
154,Ananya,Bose,ananya.bose154@outlook.com,9121362592,Male,1997-09-20,Mumbai,Maharashtra,2024-11-25,Bronze
155,Aarav,Naidu,aarav.naidu155@outlook.com,9836128555,Male,1982-04-19,Bengaluru,Karnataka,2023-06-24,Silver
156,Sneha,Verma,sneha.verma156@outlook.com,9293090820,Male,1992-07-04,Pune,Maharashtra,2023-07-31,Bronze
157,Aditya,Bose,aditya.bose157@example.com,9265132682,Male,1994-11-29,Chennai,Tamil Nadu,2022-03-17,Gold
158,Sneha,Kumar,sneha.kumar158@outlook.com,9840388737,Male,1966-03-22,Pune,Maharashtra,2022-12-24,Silver
159,Ramesh,Menon,ramesh.menon159@outlook.com,9775599524,Male,2002-03-27,Delhi,Delhi,2024-10-07,Bronze
160,Vikram,Verma,vikram.verma160@gmail.com,9563089034,Female,1978-06-01,Delhi,Delhi,2022-04-29,Platinum
161,Rahul,Joshi,rahul.joshi161@example.com,,Female,1996-09-18,Bengaluru,Karnataka,2022-11-03,Bronze
162,Karan,Joshi,karan.joshi162@yahoo.com,9772440549,Female,1983-08-28,Ahmedabad,Gujarat,2024-11-29,Silver
163,Karan,Joshi,karan.joshi163@outlook.com,9373138286,Male,1988-01-24,Chennai,Tamil Nadu,2025-04-10,Bronze
164,Arjun,Pillai,arjun.pillai164@outlook.com,9775606715,Female,1979-06-02,Bengaluru,Karnataka,2023-07-23,Silver
165,Rahul,Naidu,rahul.naidu165@example.com,9530022264,Female,1999-02-09,Mumbai,Maharashtra,2023-07-12,Bronze
166,Tanvi,Bose,tanvi.bose166@yahoo.com,9106987370,Female,1969-09-11,Hyderabad,Telangana,2023-11-29,Bronze
167,Siddharth,Chopra,siddharth.chopra167@yahoo.com,9111308761,Female,2000-10-27,Kolkata,West Bengal,2024-11-20,Bronze
168,Ramesh,Shetty,ramesh.shetty168@example.com,9809721684,Male,1973-04-16,Gurugram,Haryana,2023-10-05,Platinum
169,Lakshmi,Joshi,lakshmi.joshi169@outlook.com,9044393266,Male,2000-04-21,Coimbatore,Tamil Nadu,2022-08-26,Bronze
170,Deepak,Joshi,deepak.joshi170@yahoo.com,9653211547,Female,1965-12-25,Kochi,Kerala,2023-08-14,Silver
171,Pooja,Das,pooja.das171@yahoo.com,9851022073,Other,1965-07-21,Coimbatore,Tamil Nadu,2022-12-15,Bronze
172,Siddharth,Pillai,siddharth.pillai172@example.com,9720144496,Male,1968-09-20,Mumbai,Maharashtra,2024-07-25,Gold
173,Harini,Verma,harini.verma173@example.com,9714659439,Male,1986-11-25,Chennai,Tamil Nadu,2022-07-15,Bronze
174,Karan,Das,karan.das174@gmail.com,9350104909,Male,1975-08-24,Jaipur,Rajasthan,2024-04-13,Silver
175,Kavya,Mehta,kavya.mehta175@yahoo.com,9800951956,Male,1988-11-25,Mysuru,Karnataka,2022-06-27,Platinum
176,Kavya,Naidu,kavya.naidu176@example.com,9623159661,Other,1997-10-11,Bengaluru,Karnataka,2025-08-23,Bronze
177,Deepak,Verma,deepak.verma177@gmail.com,9590270290,Female,1966-02-01,Hyderabad,Telangana,2024-05-26,Bronze
178,Pooja,Rao,pooja.rao178@gmail.com,9433227012,Male,1986-01-19,Lucknow,Uttar Pradesh,2022-07-10,Gold
179,Ramesh,Nair,ramesh.nair179@gmail.com,9830564088,Male,1994-07-21,Ahmedabad,Gujarat,2025-08-05,Bronze
180,Harini,Kapoor,harini.kapoor180@outlook.com,9993494869,Male,1981-12-20,Delhi,Delhi,2024-02-25,Bronze
181,Diya,Kapoor,diya.kapoor181@yahoo.com,9078171990,Male,2001-12-23,Ahmedabad,Gujarat,2024-04-10,Bronze
182,Swathi,Reddy,swathi.reddy182@yahoo.com,9538371293,Female,1991-06-21,Ahmedabad,Gujarat,2022-03-28,Gold
183,Rohan,Kapoor,rohan.kapoor183@gmail.com,,Female,1966-05-20,Mumbai,Maharashtra,2022-09-15,Gold
184,Harini,Kumar,harini.kumar184@outlook.com,9172851895,Female,1986-08-25,Coimbatore,Tamil Nadu,2025-01-11,Silver
185,Rohan,Shetty,rohan.shetty185@example.com,9802123435,Male,1980-05-07,Delhi,Delhi,2023-10-03,Silver
186,Divya,Chopra,divya.chopra186@gmail.com,9238503819,Female,1970-04-05,Pune,Maharashtra,2024-04-23,Bronze
187,Diya,Sharma,diya.sharma187@outlook.com,9264671352,Female,2002-12-28,Hyderabad,Telangana,2025-09-13,Bronze
188,Naveen,Reddy,naveen.reddy188@example.com,9382150082,Male,1973-11-25,Bengaluru,Karnataka,2023-08-10,Bronze
189,Arjun,Mehta,arjun.mehta189@outlook.com,,Female,1968-05-02,Delhi,Delhi,2023-06-06,Bronze
190,Kavya,Reddy,kavya.reddy190@outlook.com,9265352196,Female,1973-11-23,Chennai,Tamil Nadu,2025-01-03,Bronze
191,Harini,Iyer,harini.iyer191@gmail.com,9699575269,Female,1997-11-25,Jaipur,Rajasthan,2022-04-01,Silver
192,Vivaan,Shetty,vivaan.shetty192@example.com,9859104291,Male,1988-12-25,Chennai,Tamil Nadu,2023-09-15,Bronze
193,Rahul,Kapoor,rahul.kapoor193@example.com,9571059009,Male,1997-10-11,Bengaluru,Karnataka,2025-03-16,Bronze
194,Aditya,Mehta,aditya.mehta194@outlook.com,9672342497,Female,1983-06-15,Kolkata,West Bengal,2022-11-08,Bronze
195,Siddharth,Reddy,siddharth.reddy195@example.com,9847467891,Male,1969-09-04,Mysuru,Karnataka,2023-02-21,Bronze
196,Diya,Nair,diya.nair196@outlook.com,9777049924,Male,1980-06-29,Chennai,Tamil Nadu,2023-10-09,Bronze
197,Sneha,Naidu,sneha.naidu197@outlook.com,9893881001,Female,1972-12-26,Mumbai,Maharashtra,2022-04-12,Bronze
198,Rahul,Singh,rahul.singh198@example.com,9736067935,Male,1987-04-02,Kolkata,West Bengal,2022-04-07,Bronze
199,Ishaan,Sharma,ishaan.sharma199@gmail.com,9436580255,Male,1975-10-09,Chennai,Tamil Nadu,2022-12-11,Bronze
200,Rohan,Gupta,rohan.gupta200@gmail.com,9960488841,Other,2003-10-12,Coimbatore,Tamil Nadu,2025-05-14,Silver
201,Naveen,Kumar,naveen.kumar201@gmail.com,9283704920,Female,1980-01-30,Delhi,Delhi,2022-10-31,Gold
202,Naveen,Rao,naveen.rao202@outlook.com,9206125369,Female,1977-07-24,Kochi,Kerala,2024-09-27,Silver
203,Karan,Singh,karan.singh203@gmail.com,9979709506,Female,2004-05-09,Mumbai,Maharashtra,2023-08-07,Silver
204,Rohan,Naidu,rohan.naidu204@yahoo.com,9256040127,Male,1985-10-17,Mysuru,Karnataka,2024-11-06,Gold
205,Vivaan,Rao,vivaan.rao205@yahoo.com,9407515269,Male,1971-10-26,Bengaluru,Karnataka,2023-03-29,Bronze
206,Naveen,Shetty,naveen.shetty206@outlook.com,9370480904,Female,1984-03-15,Chennai,Tamil Nadu,2025-04-12,Silver
207,Manoj,Gupta,manoj.gupta207@outlook.com,9103573417,Male,1975-03-08,Bengaluru,Karnataka,2023-05-23,Bronze
208,Deepak,Joshi,deepak.joshi208@gmail.com,9181639298,Male,1993-08-24,Pune,Maharashtra,2024-12-19,Bronze
209,Vikram,Gupta,vikram.gupta209@outlook.com,9443441389,Male,1987-12-08,Bengaluru,Karnataka,2025-02-12,Bronze
210,Tanvi,Joshi,tanvi.joshi210@yahoo.com,9072668788,Female,1994-03-12,Mumbai,Maharashtra,2023-08-15,Bronze
211,Vivaan,Chopra,vivaan.chopra211@gmail.com,9643332352,Male,2002-07-31,Delhi,Delhi,2024-07-02,Silver
212,Santosh,Singh,santosh.singh212@outlook.com,9373107960,Female,1994-02-22,Mumbai,Maharashtra,2022-06-12,Bronze
213,Riya,Naidu,riya.naidu213@yahoo.com,9523987559,Male,1978-08-13,Chennai,Tamil Nadu,2023-11-11,Silver
214,Siddharth,Kapoor,siddharth.kapoor214@yahoo.com,,Female,1973-01-21,Gurugram,Haryana,2023-05-27,Gold
215,Manoj,Kapoor,manoj.kapoor215@example.com,9427695516,Male,1986-02-28,Delhi,Delhi,2025-07-30,Bronze
216,Tanvi,Reddy,tanvi.reddy216@gmail.com,9327329942,Male,1982-12-14,Delhi,Delhi,2025-07-02,Bronze
217,Kavya,Chopra,kavya.chopra217@example.com,9166674667,Female,1977-07-07,Bengaluru,Karnataka,2024-12-08,Bronze
218,Rohan,Iyer,rohan.iyer218@yahoo.com,9706955654,Female,1997-06-05,Bengaluru,Karnataka,2025-07-23,Bronze
219,Aarav,Iyer,aarav.iyer219@example.com,9908126692,Male,2001-05-08,Jaipur,Rajasthan,2025-08-29,Platinum
220,Naveen,Shetty,naveen.shetty220@example.com,,Male,1980-04-02,Hyderabad,Telangana,2024-11-17,Silver
221,Vikram,Nair,vikram.nair221@example.com,9479727204,Male,1992-03-20,Coimbatore,Tamil Nadu,2024-03-23,Silver
222,Siddharth,Kapoor,siddharth.kapoor222@gmail.com,9542292721,Male,2004-05-06,Mumbai,Maharashtra,2022-10-07,Bronze
223,Santosh,Mehta,santosh.mehta223@example.com,9028469019,Female,1965-06-23,Pune,Maharashtra,2025-01-21,Silver
224,Rahul,Singh,rahul.singh224@yahoo.com,9563862602,Male,1979-08-01,Kochi,Kerala,2022-09-24,Silver
225,Diya,Verma,diya.verma225@example.com,,Female,1994-06-30,Chennai,Tamil Nadu,2022-09-11,Bronze
226,Manoj,Joshi,manoj.joshi226@example.com,9563167265,Male,1984-11-22,Jaipur,Rajasthan,2025-04-19,Bronze
227,Riya,Chopra,riya.chopra227@outlook.com,9503388843,Female,1996-08-27,Bengaluru,Karnataka,2022-06-06,Bronze
228,Tanvi,Kumar,tanvi.kumar228@example.com,9476646864,Male,1983-12-21,Mumbai,Maharashtra,2022-07-14,Bronze
229,Aarav,Bose,aarav.bose229@outlook.com,9897824237,Male,1967-07-30,Pune,Maharashtra,2023-12-01,Gold
230,Kavya,Singh,kavya.singh230@gmail.com,9607115291,Male,1982-05-03,Bengaluru,Karnataka,2024-03-10,Silver
231,Meera,Menon,meera.menon231@example.com,9172761550,Female,1981-03-03,Mysuru,Karnataka,2022-03-04,Bronze
232,Sneha,Patel,sneha.patel232@outlook.com,9789018363,Female,1998-10-21,Hyderabad,Telangana,2023-06-02,Gold
233,Ishaan,Menon,ishaan.menon233@gmail.com,9262151175,Female,1970-11-22,Kochi,Kerala,2022-11-05,Bronze
234,Ishaan,Iyer,ishaan.iyer234@gmail.com,9511334183,Male,1971-03-18,Mumbai,Maharashtra,2023-02-18,Bronze
235,Deepak,Kumar,deepak.kumar235@outlook.com,9844160783,Male,1970-08-28,Jaipur,Rajasthan,2022-09-05,Gold
236,Santosh,Das,santosh.das236@example.com,9860267068,Male,1987-09-10,Gurugram,Haryana,2024-07-16,Gold
237,Lakshmi,Menon,lakshmi.menon237@outlook.com,9085606437,Male,2004-10-18,Hyderabad,Telangana,2023-10-10,Silver
238,Vikram,Mehta,vikram.mehta238@yahoo.com,9204719694,Female,1989-09-23,Gurugram,Haryana,2025-08-06,Bronze
239,Kiran,Rao,kiran.rao239@yahoo.com,9115577750,Female,1997-08-18,Bengaluru,Karnataka,2022-01-12,Platinum
240,Vikram,Das,vikram.das240@yahoo.com,9588804624,Female,1999-01-10,Bengaluru,Karnataka,2024-11-30,Silver
241,Tanvi,Patel,tanvi.patel241@yahoo.com,9010984034,Female,1989-01-03,Kolkata,West Bengal,2025-05-30,Silver
242,Ishaan,Reddy,ishaan.reddy242@yahoo.com,9169888055,Male,1989-05-09,Gurugram,Haryana,2023-10-28,Bronze
243,Harini,Rao,harini.rao243@gmail.com,9115724015,Male,1974-09-19,Chennai,Tamil Nadu,2024-08-15,Bronze
244,Siddharth,Naidu,siddharth.naidu244@outlook.com,9579138089,Female,2003-05-18,Mumbai,Maharashtra,2023-08-27,Gold
245,Lakshmi,Pillai,lakshmi.pillai245@gmail.com,9016495623,Male,1996-06-29,Pune,Maharashtra,2024-03-25,Gold
246,Siddharth,Rao,siddharth.rao246@gmail.com,9111805508,Male,1999-11-12,Kolkata,West Bengal,2025-05-27,Silver
247,Ramesh,Naidu,ramesh.naidu247@yahoo.com,9511764400,Female,2004-04-28,Pune,Maharashtra,2023-12-27,Bronze
248,Kavya,Kapoor,kavya.kapoor248@example.com,9532362326,Female,1978-12-10,Hyderabad,Telangana,2024-03-02,Silver
249,Vivaan,Das,,9095279021,Female,1970-09-30,Hyderabad,Telangana,2025-09-12,Bronze
250,Rohan,Iyer,rohan.iyer250@yahoo.com,,Male,1999-05-17,Hyderabad,Telangana,2023-11-11,Bronze
251,Santosh,Rao,santosh.rao251@outlook.com,9076488092,Female,1983-11-28,Pune,Maharashtra,2022-08-26,Bronze
252,Rohan,Rao,rohan.rao252@outlook.com,9785885149,Male,2003-04-25,Kolkata,West Bengal,2024-07-23,Bronze
253,Vikram,Patel,vikram.patel253@yahoo.com,9291661413,Male,1992-10-05,Hyderabad,Telangana,2024-08-06,Silver
254,Pooja,Bose,pooja.bose254@example.com,9908672925,Male,1975-04-14,Chennai,Tamil Nadu,2022-11-21,Bronze
255,Rahul,Kapoor,rahul.kapoor255@outlook.com,9087161459,Female,1979-03-09,Chennai,Tamil Nadu,2024-09-24,Bronze
256,Arjun,Singh,arjun.singh256@gmail.com,9304970077,Female,1989-05-24,Delhi,Delhi,2022-03-29,Gold
257,Sneha,Kumar,sneha.kumar257@example.com,9502812478,Female,1980-10-06,Gurugram,Haryana,2023-03-15,Silver
258,Santosh,Nair,santosh.nair258@gmail.com,9543022073,Male,1976-04-07,Bengaluru,Karnataka,2025-03-16,Bronze
259,Manoj,Nair,manoj.nair259@gmail.com,9525167327,Female,1973-05-22,Bengaluru,Karnataka,2024-04-25,Bronze
260,Naveen,Patel,naveen.patel260@yahoo.com,9213942536,Male,1990-12-19,Mumbai,Maharashtra,2024-04-11,Silver
261,Arjun,Gupta,arjun.gupta261@yahoo.com,9454443928,Female,1966-05-29,Mysuru,Karnataka,2024-04-30,Bronze
262,Priya,Patel,,9753481576,Male,1968-09-29,Kolkata,West Bengal,2022-08-14,Bronze
263,Rahul,Nair,rahul.nair263@outlook.com,9151934841,Male,1966-09-14,Coimbatore,Tamil Nadu,2025-08-09,Bronze
264,Harini,Mehta,harini.mehta264@gmail.com,9866044252,Female,1994-05-08,Mysuru,Karnataka,2023-02-13,Bronze
265,Pooja,Rao,pooja.rao265@yahoo.com,9487220301,Male,1966-03-05,Jaipur,Rajasthan,2024-12-12,Silver
266,Aditya,Singh,aditya.singh266@example.com,9985746903,Female,1981-10-13,Mysuru,Karnataka,2025-09-17,Bronze
267,Santosh,Das,santosh.das267@outlook.com,9178764078,Male,1969-11-07,Chennai,Tamil Nadu,2022-11-26,Bronze
268,Vivaan,Patel,vivaan.patel268@outlook.com,9932600894,Female,1988-06-23,Mysuru,Karnataka,2024-05-18,Bronze
269,Vikram,Chopra,vikram.chopra269@outlook.com,,Male,1966-05-18,Bengaluru,Karnataka,2022-02-27,Bronze
270,Manoj,Rao,manoj.rao270@outlook.com,9984298526,Male,1966-01-13,Bengaluru,Karnataka,2024-05-20,Bronze
271,Neha,Shetty,neha.shetty271@gmail.com,9368405829,Male,1981-06-06,Bengaluru,Karnataka,2023-08-27,Gold
272,Deepak,Verma,deepak.verma272@outlook.com,9367109763,Male,1992-10-19,Chennai,Tamil Nadu,2022-04-09,Bronze
273,Riya,Kapoor,riya.kapoor273@outlook.com,9125632296,Female,1969-05-20,Bengaluru,Karnataka,2024-07-08,Bronze
274,Divya,Singh,divya.singh274@gmail.com,9904443007,Male,1984-10-29,Mumbai,Maharashtra,2025-08-19,Bronze
275,Pooja,Verma,pooja.verma275@outlook.com,9413949115,Male,1997-05-23,Delhi,Delhi,2022-04-24,Silver
276,Vivaan,Joshi,vivaan.joshi276@gmail.com,9694253107,Female,1989-12-29,Hyderabad,Telangana,2025-05-07,Bronze
277,Aditya,Nair,aditya.nair277@gmail.com,9615884065,Male,1994-12-29,Coimbatore,Tamil Nadu,2025-02-28,Gold
278,Ramesh,Nair,ramesh.nair278@example.com,9957553424,Female,1977-08-14,Mumbai,Maharashtra,2024-01-20,Silver
279,Vivaan,Shetty,vivaan.shetty279@yahoo.com,9934912443,Female,2002-08-28,Kolkata,West Bengal,2025-05-18,Bronze
280,Diya,Reddy,diya.reddy280@yahoo.com,9743489200,Male,1970-10-30,Kolkata,West Bengal,2023-02-28,Silver
281,Aarav,Das,aarav.das281@outlook.com,9460539645,Female,1989-03-13,Bengaluru,Karnataka,2024-09-12,Bronze
282,Siddharth,Reddy,siddharth.reddy282@outlook.com,9143136592,Male,1982-05-29,Chennai,Tamil Nadu,2024-08-13,Platinum
283,Riya,Iyer,riya.iyer283@outlook.com,9658974568,Male,1966-04-09,Chennai,Tamil Nadu,2024-03-05,Platinum
284,Rohan,Sharma,rohan.sharma284@example.com,9288022523,Male,2002-09-26,Chennai,Tamil Nadu,2025-02-14,Bronze
285,Kavya,Sharma,kavya.sharma285@outlook.com,9104352288,Female,1993-01-26,Mumbai,Maharashtra,2025-04-14,Silver
286,Kiran,Kumar,kiran.kumar286@gmail.com,9219646243,Female,1974-02-08,Hyderabad,Telangana,2024-12-12,Bronze
287,Aditya,Mehta,aditya.mehta287@gmail.com,9714811884,Female,1967-02-04,Bengaluru,Karnataka,2024-03-16,Bronze
288,Vivaan,Sharma,vivaan.sharma288@yahoo.com,9052518665,Female,1992-01-07,Hyderabad,Telangana,2025-08-30,Silver
289,Vikram,Singh,vikram.singh289@yahoo.com,9292390173,Male,1986-10-16,Mumbai,Maharashtra,2024-01-31,Gold
290,Lakshmi,Patel,lakshmi.patel290@yahoo.com,9558645731,Female,1966-12-29,Bengaluru,Karnataka,2024-05-21,Bronze
291,Priya,Menon,priya.menon291@gmail.com,9491198126,Female,2004-06-01,Kolkata,West Bengal,2022-09-16,Silver
292,Tanvi,Shetty,tanvi.shetty292@gmail.com,9778585464,Female,1993-09-15,Bengaluru,Karnataka,2023-03-16,Silver
293,Vivaan,Joshi,vivaan.joshi293@gmail.com,9689506228,Female,1983-06-30,Jaipur,Rajasthan,2025-05-23,Bronze
294,Deepak,Naidu,deepak.naidu294@example.com,9473668154,Other,1974-07-14,Bengaluru,Karnataka,2023-11-13,Silver
295,Aditya,Nair,aditya.nair295@yahoo.com,9481538220,Male,1975-11-02,Kolkata,West Bengal,2023-12-01,Silver
296,Manoj,Reddy,manoj.reddy296@example.com,9405246601,Female,1983-01-19,Ahmedabad,Gujarat,2025-01-22,Silver
297,Ishaan,Pillai,ishaan.pillai297@yahoo.com,9358106985,Female,1967-04-15,Kochi,Kerala,2023-03-23,Platinum
298,Divya,Singh,divya.singh298@yahoo.com,9054445710,Female,1979-09-14,Gurugram,Haryana,2022-12-30,Bronze
299,Vikram,Bose,vikram.bose299@yahoo.com,9045745976,Male,1973-09-10,Delhi,Delhi,2022-01-13,Bronze
300,Rohan,Kumar,,,Female,1969-07-06,Pune,Maharashtra,2022-11-13,Bronze
301,Ananya,Reddy,ananya.reddy301@outlook.com,9740662726,Male,1970-01-13,Delhi,Delhi,2023-12-03,Bronze
302,Aarav,Bose,aarav.bose302@gmail.com,9712172640,Female,1978-10-25,Bengaluru,Karnataka,2024-09-19,Bronze
303,Ishaan,Menon,ishaan.menon303@yahoo.com,9872878100,Female,1980-04-17,Mumbai,Maharashtra,2023-03-27,Gold
304,Riya,Bose,riya.bose304@example.com,9579956201,Male,1978-12-30,Mumbai,Maharashtra,2023-09-01,Bronze
305,Siddharth,Kumar,siddharth.kumar305@gmail.com,9065719796,Female,1992-07-31,Kolkata,West Bengal,2022-10-31,Silver
306,Ananya,Iyer,ananya.iyer306@example.com,9366116010,Male,1985-11-14,Hyderabad,Telangana,2025-01-22,Bronze
307,Lakshmi,Joshi,lakshmi.joshi307@example.com,9694154545,Female,1972-09-14,Hyderabad,Telangana,2023-12-20,Bronze
308,Arjun,Iyer,arjun.iyer308@gmail.com,9395306324,Female,2003-11-14,Pune,Maharashtra,2022-07-16,Gold
309,Diya,Joshi,diya.joshi309@outlook.com,9485768037,Male,1994-03-09,Chennai,Tamil Nadu,2024-04-14,Silver
310,Rohan,Mehta,rohan.mehta310@outlook.com,9144891271,Female,1983-10-16,Bengaluru,Karnataka,2023-04-05,Bronze
311,Meera,Pillai,meera.pillai311@example.com,9499911171,Male,1966-12-19,Mumbai,Maharashtra,2025-03-30,Gold
312,Siddharth,Kapoor,siddharth.kapoor312@example.com,9484943951,Female,2001-07-21,Hyderabad,Telangana,2023-01-03,Bronze
313,Vivaan,Mehta,vivaan.mehta313@gmail.com,9678016763,Female,1994-10-05,Chennai,Tamil Nadu,2025-03-29,Bronze
314,Aditya,Kapoor,aditya.kapoor314@yahoo.com,9759371772,Male,1983-06-14,Hyderabad,Telangana,2024-08-13,Bronze
315,Divya,Iyer,divya.iyer315@example.com,9090404852,Female,1971-06-20,Hyderabad,Telangana,2022-07-05,Silver
316,Vivaan,Iyer,vivaan.iyer316@yahoo.com,9305030209,Female,1969-04-20,Coimbatore,Tamil Nadu,2024-11-05,Bronze
317,Ramesh,Shetty,ramesh.shetty317@gmail.com,9796419942,Female,1976-08-03,Hyderabad,Telangana,2024-09-13,Gold
318,Harini,Menon,harini.menon318@outlook.com,9339067714,Female,1974-03-15,Delhi,Delhi,2023-09-17,Bronze
319,Kavya,Kumar,kavya.kumar319@gmail.com,9340009427,Female,1973-05-15,Coimbatore,Tamil Nadu,2022-08-09,Bronze
320,Siddharth,Nair,siddharth.nair320@gmail.com,9431366367,Female,1981-04-16,Jaipur,Rajasthan,2023-10-17,Gold
321,Ramesh,Patel,ramesh.patel321@example.com,9952110522,Male,1966-11-12,Ahmedabad,Gujarat,2024-04-13,Bronze
322,Kiran,Joshi,kiran.joshi322@gmail.com,9738130512,Male,1978-01-03,Mumbai,Maharashtra,2022-06-30,Bronze
323,Arjun,Bose,arjun.bose323@example.com,9785977902,Female,1999-10-27,Coimbatore,Tamil Nadu,2023-04-12,Bronze
324,Naveen,Naidu,naveen.naidu324@gmail.com,9469022699,Male,1999-08-12,Mumbai,Maharashtra,2024-08-18,Bronze
325,Naveen,Mehta,naveen.mehta325@gmail.com,9774615293,Female,1965-05-03,Kolkata,West Bengal,2024-01-27,Bronze
326,Ishaan,Kumar,ishaan.kumar326@outlook.com,9349949789,Male,1992-02-17,Pune,Maharashtra,2025-09-20,Bronze
327,Vivaan,Nair,vivaan.nair327@gmail.com,9352340281,Female,2004-08-13,Gurugram,Haryana,2022-10-24,Silver
328,Manoj,Verma,manoj.verma328@yahoo.com,9672488968,Female,1988-02-13,Mumbai,Maharashtra,2024-11-30,Bronze
329,Aditya,Mehta,aditya.mehta329@yahoo.com,9366938516,Male,1980-08-08,Pune,Maharashtra,2023-08-06,Bronze
330,Sneha,Menon,,9945994766,Male,1984-08-20,Chennai,Tamil Nadu,2022-11-02,Silver
331,Vivaan,Iyer,vivaan.iyer331@yahoo.com,9733082667,Male,1973-07-11,Delhi,Delhi,2025-07-26,Bronze
332,Santosh,Mehta,santosh.mehta332@gmail.com,9880826602,Female,1980-11-18,Chennai,Tamil Nadu,2024-05-03,Silver
333,Karan,Rao,karan.rao333@gmail.com,9912016852,Female,2002-06-15,Delhi,Delhi,2024-01-04,Silver
334,Aditya,Bose,aditya.bose334@gmail.com,9833513769,Male,1989-06-22,Kolkata,West Bengal,2023-02-08,Bronze
335,Vivaan,Naidu,vivaan.naidu335@gmail.com,9737867592,Female,1982-03-23,Bengaluru,Karnataka,2025-04-21,Bronze
336,Rohan,Singh,rohan.singh336@outlook.com,,Male,1969-12-25,Pune,Maharashtra,2022-02-11,Bronze
337,Pooja,Gupta,pooja.gupta337@yahoo.com,9040070854,Male,2001-03-23,Bengaluru,Karnataka,2022-06-07,Bronze
338,Aditya,Kapoor,aditya.kapoor338@gmail.com,9933468528,Male,1971-07-01,Delhi,Delhi,2022-09-04,Bronze
339,Lakshmi,Joshi,lakshmi.joshi339@yahoo.com,9584196380,Male,1993-11-05,Bengaluru,Karnataka,2024-06-12,Silver
340,Sneha,Patel,,9955017516,Female,1977-02-12,Jaipur,Rajasthan,2022-05-21,Silver
341,Vikram,Joshi,vikram.joshi341@yahoo.com,9726942994,Female,1976-02-20,Bengaluru,Karnataka,2024-12-27,Bronze
342,Kiran,Nair,kiran.nair342@yahoo.com,9480356638,Female,1971-11-05,Kochi,Kerala,2022-09-26,Gold
343,Tanvi,Mehta,tanvi.mehta343@outlook.com,9659079653,Female,1979-12-30,Gurugram,Haryana,2024-07-15,Bronze
344,Santosh,Singh,santosh.singh344@outlook.com,9258414095,Male,1992-01-25,Mumbai,Maharashtra,2024-12-25,Gold
345,Rohan,Shetty,rohan.shetty345@outlook.com,9265559822,Male,1981-08-27,Gurugram,Haryana,2025-04-17,Gold
346,Manoj,Sharma,manoj.sharma346@yahoo.com,9960510120,Female,1965-12-28,Gurugram,Haryana,2023-02-05,Bronze
347,Pooja,Kapoor,pooja.kapoor347@yahoo.com,9845888179,Female,1975-07-22,Jaipur,Rajasthan,2022-04-13,Bronze
348,Kiran,Patel,kiran.patel348@example.com,9088831767,Female,1971-05-28,Chennai,Tamil Nadu,2024-11-02,Bronze
349,Meera,Sharma,meera.sharma349@example.com,9219589428,Female,1981-01-22,Mumbai,Maharashtra,2023-09-07,Gold
350,Santosh,Joshi,santosh.joshi350@gmail.com,9769230344,Female,2001-01-30,Bengaluru,Karnataka,2025-07-22,Bronze
351,Ananya,Joshi,ananya.joshi351@example.com,9184484828,Female,2003-06-27,Pune,Maharashtra,2022-09-15,Gold
352,Vivaan,Iyer,vivaan.iyer352@example.com,9978767966,Female,2004-11-16,Chennai,Tamil Nadu,2024-02-26,Bronze
353,Arjun,Sharma,arjun.sharma353@example.com,9097122384,Female,1969-07-04,Mumbai,Maharashtra,2022-06-13,Bronze
354,Swathi,Iyer,swathi.iyer354@yahoo.com,9473872643,Male,1984-06-28,Mumbai,Maharashtra,2023-10-27,Silver
355,Deepak,Mehta,deepak.mehta355@outlook.com,9931451720,Male,1966-10-28,Hyderabad,Telangana,2022-01-02,Bronze
356,Ananya,Iyer,ananya.iyer356@gmail.com,,Female,1984-10-20,Mumbai,Maharashtra,2024-10-23,Bronze
357,Santosh,Chopra,santosh.chopra357@gmail.com,9513352963,Male,1988-01-20,Delhi,Delhi,2024-04-08,Gold
358,Aarav,Verma,aarav.verma358@outlook.com,9154656857,Female,1995-12-01,Gurugram,Haryana,2022-05-13,Bronze
359,Vivaan,Pillai,vivaan.pillai359@gmail.com,9394693122,Female,1978-06-13,Mumbai,Maharashtra,2023-11-15,Gold
360,Neha,Kapoor,neha.kapoor360@gmail.com,9052012397,Male,1966-06-13,Mumbai,Maharashtra,2023-08-10,Platinum
361,Sneha,Chopra,sneha.chopra361@yahoo.com,9768305027,Male,1983-02-26,Jaipur,Rajasthan,2024-07-11,Bronze
362,Naveen,Naidu,naveen.naidu362@yahoo.com,9565532279,Female,1982-01-26,Bengaluru,Karnataka,2023-11-14,Bronze
363,Deepak,Naidu,deepak.naidu363@gmail.com,9054520210,Female,1989-12-14,Bengaluru,Karnataka,2023-09-21,Bronze
364,Rahul,Sharma,rahul.sharma364@example.com,9369613329,Male,1968-12-28,Bengaluru,Karnataka,2025-02-11,Silver
365,Lakshmi,Singh,lakshmi.singh365@outlook.com,9644346941,Female,1989-07-06,Pune,Maharashtra,2023-12-12,Platinum
366,Meera,Pillai,meera.pillai366@example.com,9930572228,Male,1981-01-10,Hyderabad,Telangana,2025-01-19,Gold
367,Lakshmi,Singh,lakshmi.singh367@example.com,9982838979,Male,1994-07-17,Delhi,Delhi,2025-04-27,Gold
368,Rohan,Chopra,rohan.chopra368@outlook.com,9160639473,Male,2004-04-29,Pune,Maharashtra,2025-03-07,Bronze
369,Aarav,Pillai,aarav.pillai369@yahoo.com,9072749347,Female,1974-02-06,Madurai,Tamil Nadu,2025-08-01,Bronze
370,Vivaan,Shetty,vivaan.shetty370@example.com,,Female,1995-02-16,Ahmedabad,Gujarat,2024-08-13,Bronze
371,Kiran,Singh,kiran.singh371@outlook.com,9705997480,Female,1970-02-08,Delhi,Delhi,2024-02-09,Gold
372,Aditya,Singh,aditya.singh372@yahoo.com,9717376979,Male,2004-05-17,Chennai,Tamil Nadu,2023-12-28,Bronze
373,Naveen,Sharma,naveen.sharma373@yahoo.com,9134000747,Other,1984-03-24,Hyderabad,Telangana,2022-10-07,Bronze
374,Manoj,Patel,manoj.patel374@gmail.com,,Female,1994-10-28,Coimbatore,Tamil Nadu,2025-02-07,Bronze
375,Ishaan,Patel,ishaan.patel375@example.com,9080641530,Male,1996-01-30,Mysuru,Karnataka,2024-08-07,Bronze
376,Divya,Kumar,divya.kumar376@example.com,9505289991,Male,1989-04-23,Mysuru,Karnataka,2025-04-10,Bronze
377,Ishaan,Mehta,ishaan.mehta377@outlook.com,9520342141,Male,1980-05-14,Jaipur,Rajasthan,2024-08-18,Bronze
378,Ishaan,Kapoor,ishaan.kapoor378@gmail.com,9040989148,Female,1995-02-24,Hyderabad,Telangana,2023-10-20,Gold
379,Riya,Pillai,riya.pillai379@example.com,9538391709,Male,1984-01-16,Hyderabad,Telangana,2023-02-09,Silver
380,Vikram,Chopra,vikram.chopra380@gmail.com,9308994020,Male,1991-05-07,Delhi,Delhi,2025-09-11,Bronze
381,Vikram,Sharma,vikram.sharma381@gmail.com,9015752624,Female,1989-07-07,Mumbai,Maharashtra,2024-10-01,Silver
382,Rohan,Kumar,rohan.kumar382@gmail.com,9818262143,Female,1983-07-21,Jaipur,Rajasthan,2025-04-12,Bronze
383,Sneha,Chopra,sneha.chopra383@yahoo.com,9529687715,Female,1969-09-06,Gurugram,Haryana,2024-03-11,Silver
384,Aarav,Reddy,aarav.reddy384@yahoo.com,9804179083,Female,1976-09-11,Mumbai,Maharashtra,2023-11-30,Bronze
385,Rahul,Mehta,rahul.mehta385@example.com,9901770130,Male,2002-06-27,Hyderabad,Telangana,2022-02-16,Silver
386,Pooja,Chopra,pooja.chopra386@yahoo.com,9767465646,Female,1985-10-17,Lucknow,Uttar Pradesh,2022-04-05,Bronze
387,Meera,Pillai,meera.pillai387@example.com,9668380448,Male,1990-06-05,Delhi,Delhi,2024-08-25,Bronze
388,Santosh,Kapoor,santosh.kapoor388@yahoo.com,9024846197,Male,1975-05-03,Kochi,Kerala,2022-11-04,Silver
389,Karan,Mehta,karan.mehta389@outlook.com,9071579026,Other,1993-03-19,Bengaluru,Karnataka,2022-04-23,Silver
390,Tanvi,Gupta,tanvi.gupta390@outlook.com,9271156288,Male,1984-06-15,Kolkata,West Bengal,2024-11-28,Silver
391,Deepak,Gupta,deepak.gupta391@example.com,9035425932,Male,1973-09-29,Pune,Maharashtra,2024-04-29,Bronze
392,Diya,Joshi,diya.joshi392@example.com,9756677644,Female,1970-11-04,Bengaluru,Karnataka,2022-06-02,Bronze
393,Rahul,Mehta,rahul.mehta393@example.com,9246773743,Male,1980-10-16,Mumbai,Maharashtra,2023-11-16,Silver
394,Pooja,Mehta,pooja.mehta394@example.com,9126202911,Male,1987-08-08,Delhi,Delhi,2023-10-06,Bronze
395,Riya,Nair,riya.nair395@gmail.com,9439242232,Female,1976-03-14,Bengaluru,Karnataka,2022-01-06,Bronze
396,Aditya,Kumar,aditya.kumar396@gmail.com,9771428143,Female,1974-10-22,Hyderabad,Telangana,2024-04-08,Bronze
397,Pooja,Reddy,pooja.reddy397@yahoo.com,9395387144,Female,1975-10-12,Kolkata,West Bengal,2023-06-28,Bronze
398,Ishaan,Das,ishaan.das398@gmail.com,9438908834,Male,1976-09-26,Coimbatore,Tamil Nadu,2025-04-17,Bronze
399,Riya,Kapoor,riya.kapoor399@yahoo.com,9132913498,Female,1994-07-17,Hyderabad,Telangana,2022-06-08,Bronze
400,Harini,Pillai,harini.pillai400@outlook.com,9932530801,Female,1984-12-12,Hyderabad,Telangana,2025-03-05,Silver
401,Pooja,Kumar,pooja.kumar401@yahoo.com,9976122653,Male,1983-10-03,Coimbatore,Tamil Nadu,2022-01-09,Silver
402,Deepak,Shetty,deepak.shetty402@gmail.com,9777162294,Male,1971-07-01,Ahmedabad,Gujarat,2024-11-12,Silver
403,Siddharth,Shetty,siddharth.shetty403@example.com,9729213151,Male,1986-10-08,Gurugram,Haryana,2024-12-07,Silver
404,Harini,Mehta,harini.mehta404@yahoo.com,9270464019,Female,2003-06-21,Bengaluru,Karnataka,2023-07-13,Bronze
405,Lakshmi,Pillai,lakshmi.pillai405@example.com,9738008653,Male,1994-10-20,Lucknow,Uttar Pradesh,2023-01-20,Gold
406,Harini,Singh,harini.singh406@outlook.com,9864335684,Female,1982-11-13,Kolkata,West Bengal,2022-07-14,Silver
407,Deepak,Kapoor,deepak.kapoor407@outlook.com,9255203009,Female,1977-04-09,Chennai,Tamil Nadu,2023-04-11,Bronze
408,Tanvi,Gupta,tanvi.gupta408@example.com,9703294264,Male,1979-01-31,Kolkata,West Bengal,2024-07-05,Bronze
409,Neha,Patel,neha.patel409@yahoo.com,9131698340,Female,1966-01-28,Bengaluru,Karnataka,2024-09-19,Silver
410,Harini,Iyer,harini.iyer410@gmail.com,9307916547,Male,1966-03-03,Lucknow,Uttar Pradesh,2022-09-06,Silver
411,Divya,Bose,divya.bose411@example.com,9627637611,Male,1996-01-13,Pune,Maharashtra,2022-01-16,Silver
412,Priya,Patel,priya.patel412@outlook.com,9304471564,Female,1998-09-16,Pune,Maharashtra,2024-02-08,Silver
413,Aditya,Bose,aditya.bose413@yahoo.com,9934040928,Male,2003-09-19,Bengaluru,Karnataka,2024-03-06,Gold
414,Aarav,Verma,aarav.verma414@outlook.com,9121364680,Female,1990-01-07,Ahmedabad,Gujarat,2025-09-04,Gold
415,Rahul,Das,rahul.das415@yahoo.com,9455123693,Female,2002-02-22,Bengaluru,Karnataka,2024-11-08,Silver
416,Vivaan,Mehta,vivaan.mehta416@example.com,9530331622,Male,1981-08-24,Chennai,Tamil Nadu,2024-01-24,Platinum
417,Karan,Mehta,karan.mehta417@outlook.com,9396480354,Male,1975-02-27,Mysuru,Karnataka,2024-03-21,Gold
418,Arjun,Nair,arjun.nair418@yahoo.com,9674994961,Male,1974-10-25,Delhi,Delhi,2024-06-02,Bronze
419,Kiran,Verma,kiran.verma419@outlook.com,9102306465,Female,1974-06-17,Chennai,Tamil Nadu,2023-09-11,Silver
420,Aditya,Singh,aditya.singh420@example.com,9269335858,Female,1994-10-15,Ahmedabad,Gujarat,2024-07-16,Bronze
421,Sneha,Kumar,sneha.kumar421@yahoo.com,9004202297,Male,1965-05-26,Pune,Maharashtra,2022-09-25,Bronze
422,Ananya,Pillai,ananya.pillai422@example.com,9398249439,Female,2002-10-17,Bengaluru,Karnataka,2025-02-10,Bronze
423,Rohan,Kumar,rohan.kumar423@gmail.com,9648734019,Female,1995-12-22,Bengaluru,Karnataka,2025-03-25,Bronze
424,Manoj,Reddy,manoj.reddy424@gmail.com,9082579394,Female,1980-03-22,Bengaluru,Karnataka,2023-08-19,Bronze
425,Kiran,Patel,kiran.patel425@example.com,9812678366,Male,1993-01-21,Pune,Maharashtra,2023-09-18,Bronze
426,Ramesh,Rao,ramesh.rao426@outlook.com,9910501522,Male,1970-05-24,Gurugram,Haryana,2023-11-13,Bronze
427,Kiran,Mehta,kiran.mehta427@gmail.com,9363711192,Male,1982-03-31,Chennai,Tamil Nadu,2025-01-23,Silver
428,Riya,Naidu,riya.naidu428@outlook.com,9036330620,Male,1969-05-14,Kolkata,West Bengal,2022-08-29,Gold
429,Santosh,Mehta,santosh.mehta429@yahoo.com,,Male,1969-06-25,Bengaluru,Karnataka,2023-04-13,Platinum
430,Ishaan,Menon,ishaan.menon430@yahoo.com,9605355588,Male,1965-04-03,Gurugram,Haryana,2024-04-21,Bronze
431,Divya,Verma,divya.verma431@yahoo.com,9962189026,Male,1996-10-23,Jaipur,Rajasthan,2024-08-07,Bronze
432,Deepak,Nair,deepak.nair432@yahoo.com,9109029175,Male,1994-09-27,Delhi,Delhi,2023-02-09,Gold
433,Rahul,Kapoor,rahul.kapoor433@example.com,9580014904,Male,2000-09-11,Delhi,Delhi,2022-06-10,Bronze
434,Ananya,Singh,ananya.singh434@yahoo.com,9413215946,Female,2004-03-25,Kolkata,West Bengal,2023-11-26,Platinum
435,Sneha,Mehta,sneha.mehta435@yahoo.com,9688989974,Female,2003-07-26,Bengaluru,Karnataka,2024-05-24,Silver
436,Aarav,Menon,aarav.menon436@example.com,9358750253,Male,2004-09-08,Chennai,Tamil Nadu,2024-11-15,Bronze
437,Lakshmi,Verma,lakshmi.verma437@outlook.com,9430447148,Female,1965-08-20,Bengaluru,Karnataka,2022-01-05,Bronze
438,Vikram,Das,vikram.das438@gmail.com,9230584474,Male,1996-05-07,Mumbai,Maharashtra,2022-01-25,Bronze
439,Aditya,Singh,aditya.singh439@outlook.com,9372825264,Female,1993-11-29,Delhi,Delhi,2023-06-14,Bronze
440,Siddharth,Iyer,siddharth.iyer440@outlook.com,9279057721,Female,1971-06-26,Pune,Maharashtra,2024-02-12,Bronze
441,Divya,Mehta,divya.mehta441@outlook.com,9562354469,Female,1970-06-21,Kolkata,West Bengal,2022-01-05,Gold
442,Vikram,Mehta,vikram.mehta442@gmail.com,9703086285,Female,2004-01-31,Mysuru,Karnataka,2022-08-26,Silver
443,Pooja,Nair,pooja.nair443@yahoo.com,,Female,2000-04-12,Delhi,Delhi,2023-07-28,Bronze
444,Lakshmi,Das,lakshmi.das444@outlook.com,9953060056,Female,1978-02-08,Chennai,Tamil Nadu,2023-01-18,Bronze
445,Vivaan,Chopra,vivaan.chopra445@outlook.com,9592533177,Male,1967-12-28,Chennai,Tamil Nadu,2024-08-30,Bronze
446,Deepak,Patel,deepak.patel446@outlook.com,9711760697,Male,1978-05-03,Delhi,Delhi,2022-02-17,Bronze
447,Vikram,Shetty,vikram.shetty447@example.com,9237479454,Female,1965-03-19,Lucknow,Uttar Pradesh,2025-05-01,Silver
448,Santosh,Rao,santosh.rao448@outlook.com,9509525387,Male,1992-06-23,Pune,Maharashtra,2022-08-20,Silver
449,Rohan,Pillai,rohan.pillai449@yahoo.com,9370956636,Female,1980-03-13,Bengaluru,Karnataka,2023-08-27,Gold
450,Ishaan,Verma,ishaan.verma450@outlook.com,9360197125,Female,1966-12-18,Pune,Maharashtra,2025-09-12,Bronze
451,Ramesh,Pillai,ramesh.pillai451@yahoo.com,9043122062,Male,2004-02-29,Bengaluru,Karnataka,2024-06-26,Bronze
452,Lakshmi,Singh,lakshmi.singh452@yahoo.com,9009191058,Male,1998-01-04,Ahmedabad,Gujarat,2025-09-28,Gold
453,Kiran,Chopra,kiran.chopra453@outlook.com,9037013887,Female,2001-03-02,Delhi,Delhi,2022-01-27,Silver
454,Santosh,Bose,santosh.bose454@yahoo.com,9602972777,Male,2004-11-12,Chennai,Tamil Nadu,2024-09-12,Silver
455,Kavya,Patel,kavya.patel455@outlook.com,9950806717,Female,1965-07-26,Bengaluru,Karnataka,2022-04-14,Bronze
456,Rohan,Patel,rohan.patel456@outlook.com,9863271613,Female,1995-12-26,Chennai,Tamil Nadu,2024-04-17,Gold
457,Vikram,Verma,vikram.verma457@example.com,9517608786,Male,1996-06-24,Lucknow,Uttar Pradesh,2023-03-23,Bronze
458,Tanvi,Rao,tanvi.rao458@gmail.com,9632232754,Female,1996-03-31,Hyderabad,Telangana,2024-11-29,Bronze
459,Ananya,Pillai,ananya.pillai459@yahoo.com,9779320168,Female,1975-08-06,Gurugram,Haryana,2022-06-20,Silver
460,Meera,Mehta,meera.mehta460@example.com,9696823864,Female,1980-08-08,Pune,Maharashtra,2025-05-12,Bronze
461,Rohan,Nair,rohan.nair461@yahoo.com,9972634860,Male,2002-02-21,Mumbai,Maharashtra,2023-10-21,Gold
462,Kavya,Singh,kavya.singh462@outlook.com,9565269069,Female,1967-08-21,Mysuru,Karnataka,2023-12-12,Bronze
463,Rahul,Mehta,rahul.mehta463@outlook.com,9432237129,Female,1990-08-17,Jaipur,Rajasthan,2024-02-21,Bronze
464,Arjun,Naidu,arjun.naidu464@example.com,9924421060,Male,1996-09-07,Coimbatore,Tamil Nadu,2022-02-18,Bronze
465,Arjun,Iyer,arjun.iyer465@gmail.com,9601033339,Female,1996-11-25,Mumbai,Maharashtra,2023-03-01,Gold
466,Neha,Singh,neha.singh466@yahoo.com,9482402001,Female,1988-11-14,Delhi,Delhi,2024-08-29,Silver
467,Ananya,Rao,ananya.rao467@yahoo.com,9137163494,Male,1995-08-28,Pune,Maharashtra,2025-08-08,Bronze
468,Aditya,Reddy,aditya.reddy468@outlook.com,9221862450,Female,2001-05-08,Jaipur,Rajasthan,2025-09-09,Bronze
469,Neha,Kapoor,neha.kapoor469@example.com,9975719698,Female,1995-08-13,Mysuru,Karnataka,2024-01-04,Bronze
470,Ishaan,Naidu,ishaan.naidu470@gmail.com,9526547815,Female,1969-08-21,Mumbai,Maharashtra,2022-12-20,Bronze
471,Aarav,Gupta,aarav.gupta471@gmail.com,9733035952,Male,1974-10-11,Hyderabad,Telangana,2023-10-16,Silver
472,Arjun,Chopra,arjun.chopra472@example.com,9811582075,Female,1977-03-13,Mumbai,Maharashtra,2023-09-27,Bronze
473,Kavya,Pillai,kavya.pillai473@outlook.com,9631344823,Other,1978-09-19,Bengaluru,Karnataka,2023-06-28,Bronze
474,Naveen,Joshi,naveen.joshi474@outlook.com,9158824707,Female,1979-06-02,Bengaluru,Karnataka,2023-05-10,Bronze
475,Rahul,Nair,rahul.nair475@gmail.com,9101867674,Male,1973-10-15,Chennai,Tamil Nadu,2025-04-03,Silver
476,Vikram,Sharma,vikram.sharma476@outlook.com,9805793170,Male,1992-04-24,Coimbatore,Tamil Nadu,2023-06-19,Silver
477,Rahul,Singh,rahul.singh477@yahoo.com,9776216331,Female,1969-05-29,Hyderabad,Telangana,2022-02-10,Silver
478,Ananya,Iyer,ananya.iyer478@outlook.com,9388310106,Male,1996-06-28,Pune,Maharashtra,2024-09-14,Silver
479,Manoj,Patel,manoj.patel479@gmail.com,9673812985,Male,1991-05-01,Pune,Maharashtra,2024-06-29,Platinum
480,Siddharth,Rao,siddharth.rao480@yahoo.com,9678201325,Male,2003-06-01,Hyderabad,Telangana,2023-06-03,Bronze
481,Tanvi,Menon,tanvi.menon481@outlook.com,9157025067,Female,1965-04-06,Hyderabad,Telangana,2024-05-12,Gold
482,Swathi,Reddy,swathi.reddy482@outlook.com,9305828825,Male,1976-10-22,Chennai,Tamil Nadu,2025-07-12,Silver
483,Naveen,Sharma,naveen.sharma483@example.com,9058916028,Female,2000-11-28,Mumbai,Maharashtra,2025-06-19,Bronze
484,Pooja,Reddy,pooja.reddy484@example.com,9639700681,Female,1984-09-25,Coimbatore,Tamil Nadu,2024-12-17,Gold
485,Manoj,Kumar,manoj.kumar485@gmail.com,9588699869,Other,1987-06-04,Bengaluru,Karnataka,2024-03-09,Silver
486,Harini,Pillai,harini.pillai486@gmail.com,9005696290,Female,1966-02-27,Hyderabad,Telangana,2022-02-07,Silver
487,Ramesh,Gupta,ramesh.gupta487@yahoo.com,9079510926,Male,1995-06-19,Mumbai,Maharashtra,2023-12-03,Bronze
488,Vikram,Patel,vikram.patel488@example.com,,Female,1975-02-11,Chennai,Tamil Nadu,2025-01-25,Bronze
489,Arjun,Menon,arjun.menon489@yahoo.com,9722663843,Male,2003-07-02,Mumbai,Maharashtra,2025-03-02,Gold
490,Arjun,Verma,arjun.verma490@example.com,9516894241,Other,1979-12-14,Mumbai,Maharashtra,2024-11-24,Bronze
491,Swathi,Reddy,swathi.reddy491@gmail.com,9641572487,Male,1972-07-16,Delhi,Delhi,2025-09-12,Bronze
492,Pooja,Sharma,pooja.sharma492@example.com,9744441085,Female,1988-09-26,Pune,Maharashtra,2023-12-09,Bronze
493,Vikram,Das,vikram.das493@gmail.com,9554845511,Female,1984-02-01,Pune,Maharashtra,2022-05-31,Bronze
494,Ananya,Mehta,ananya.mehta494@example.com,9121293738,Male,1983-10-28,Coimbatore,Tamil Nadu,2023-11-12,Gold
495,Vikram,Menon,vikram.menon495@example.com,9782037679,Female,2002-12-20,Gurugram,Haryana,2023-03-13,Silver
496,Lakshmi,Rao,lakshmi.rao496@yahoo.com,9244160801,Male,1979-07-28,Mumbai,Maharashtra,2025-02-17,Gold
497,Sneha,Gupta,,9188989404,Male,1980-11-24,Hyderabad,Telangana,2024-11-29,Bronze
498,Swathi,Kapoor,swathi.kapoor498@outlook.com,9226133077,Male,1989-12-12,Pune,Maharashtra,2023-08-05,Bronze
499,Siddharth,Naidu,siddharth.naidu499@outlook.com,,Male,1971-10-25,Hyderabad,Telangana,2023-06-16,Bronze
500,Meera,Iyer,,9914533123,Female,1998-02-14,Mumbai,Maharashtra,2022-08-07,Bronze
501,Arjun,Naidu,arjun.naidu501@gmail.com,,Female,1974-03-11,Delhi,Delhi,2022-03-01,Silver
502,Kiran,Nair,kiran.nair502@example.com,9006344242,Male,1974-08-30,Ahmedabad,Gujarat,2023-03-05,Bronze
503,Neha,Reddy,neha.reddy503@example.com,9221550470,Female,1965-06-06,Jaipur,Rajasthan,2022-11-26,Bronze
504,Pooja,Das,pooja.das504@gmail.com,9394054208,Female,1978-09-15,Mumbai,Maharashtra,2022-12-30,Gold
505,Priya,Sharma,priya.sharma505@example.com,9860844842,Female,1988-04-17,Mumbai,Maharashtra,2025-09-28,Silver
506,Vikram,Gupta,vikram.gupta506@example.com,9295552491,Male,1993-03-06,Gurugram,Haryana,2024-07-21,Bronze
507,Naveen,Nair,naveen.nair507@example.com,9922063456,Female,2000-12-01,Coimbatore,Tamil Nadu,2024-01-25,Silver
508,Meera,Kumar,meera.kumar508@gmail.com,9951708271,Male,1996-02-05,Kolkata,West Bengal,2022-09-02,Bronze
509,Santosh,Bose,santosh.bose509@outlook.com,9466009580,Female,1977-10-31,Mumbai,Maharashtra,2025-02-25,Gold
510,Vivaan,Naidu,vivaan.naidu510@gmail.com,9459762932,Female,1997-12-29,Bengaluru,Karnataka,2024-06-01,Silver
511,Vikram,Reddy,vikram.reddy511@gmail.com,9798183299,Female,1972-10-11,Bengaluru,Karnataka,2023-12-06,Bronze
512,Lakshmi,Das,lakshmi.das512@gmail.com,9302502193,Male,1973-05-15,Kolkata,West Bengal,2023-09-30,Bronze
513,Aditya,Kumar,aditya.kumar513@yahoo.com,9340598207,Male,1979-04-25,Bengaluru,Karnataka,2024-01-27,Bronze
514,Arjun,Mehta,arjun.mehta514@outlook.com,9895476729,Female,1986-07-23,Chennai,Tamil Nadu,2025-02-23,Silver
515,Lakshmi,Rao,lakshmi.rao515@gmail.com,9006559871,Male,1973-02-13,Madurai,Tamil Nadu,2024-09-12,Bronze
516,Siddharth,Shetty,siddharth.shetty516@gmail.com,9016771236,Male,2000-12-23,Chennai,Tamil Nadu,2023-10-26,Silver
517,Vikram,Mehta,vikram.mehta517@yahoo.com,9080591658,Female,1975-10-22,Coimbatore,Tamil Nadu,2024-07-02,Bronze
518,Pooja,Verma,pooja.verma518@gmail.com,9584169488,Female,1980-09-01,Delhi,Delhi,2025-06-26,Bronze
519,Rohan,Naidu,rohan.naidu519@example.com,9675835015,Male,1989-03-08,Bengaluru,Karnataka,2023-03-23,Bronze
520,Vivaan,Naidu,vivaan.naidu520@gmail.com,9700053075,Male,1982-03-09,Kolkata,West Bengal,2025-05-17,Bronze
521,Aarav,Singh,aarav.singh521@yahoo.com,9069494010,Female,1981-02-22,Kolkata,West Bengal,2024-04-10,Bronze
522,Aditya,Das,aditya.das522@yahoo.com,9334480829,Male,2004-05-14,Hyderabad,Telangana,2022-09-11,Silver
523,Ishaan,Kapoor,ishaan.kapoor523@gmail.com,,Male,1982-06-04,Mysuru,Karnataka,2025-08-16,Gold
524,Santosh,Das,santosh.das524@example.com,9777146599,Male,1969-07-09,Pune,Maharashtra,2024-07-28,Bronze
525,Vikram,Kumar,vikram.kumar525@gmail.com,9825827212,Male,1994-03-11,Bengaluru,Karnataka,2023-06-13,Silver
526,Aditya,Naidu,aditya.naidu526@yahoo.com,9998272121,Other,1993-03-16,Hyderabad,Telangana,2022-10-21,Bronze
527,Aarav,Bose,aarav.bose527@outlook.com,9660141844,Male,1973-10-02,Kochi,Kerala,2025-06-07,Silver
528,Meera,Das,meera.das528@yahoo.com,9077752035,Male,1998-12-26,Lucknow,Uttar Pradesh,2025-02-01,Bronze
529,Divya,Nair,divya.nair529@yahoo.com,9102004740,Female,1980-09-01,Delhi,Delhi,2022-03-02,Silver
530,Ananya,Mehta,ananya.mehta530@gmail.com,9306239573,Male,1971-01-11,Coimbatore,Tamil Nadu,2024-05-20,Bronze
531,Vivaan,Joshi,vivaan.joshi531@yahoo.com,9975561264,Male,1971-11-23,Delhi,Delhi,2022-06-06,Bronze
532,Karan,Patel,karan.patel532@gmail.com,9750663731,Other,1993-07-24,Delhi,Delhi,2023-02-07,Silver
533,Meera,Das,meera.das533@yahoo.com,9193437688,Female,1973-08-21,Hyderabad,Telangana,2024-02-17,Bronze
534,Rohan,Joshi,,9935377282,Male,1983-10-12,Pune,Maharashtra,2022-12-08,Bronze
535,Kiran,Verma,,9980338708,Male,1994-05-06,Bengaluru,Karnataka,2023-12-03,Bronze
536,Deepak,Menon,deepak.menon536@gmail.com,9231150073,Male,1999-02-04,Chennai,Tamil Nadu,2023-08-12,Platinum
537,Ananya,Chopra,,9690717312,Male,1984-07-28,Mumbai,Maharashtra,2024-03-07,Bronze
538,Naveen,Reddy,naveen.reddy538@gmail.com,9376709419,Female,2001-04-10,Mysuru,Karnataka,2025-01-01,Bronze
539,Siddharth,Das,siddharth.das539@gmail.com,9704961713,Female,1977-02-05,Mysuru,Karnataka,2022-08-01,Gold
540,Ishaan,Chopra,ishaan.chopra540@gmail.com,9169062713,Female,1999-11-17,Kolkata,West Bengal,2024-12-25,Silver
541,Naveen,Sharma,naveen.sharma541@example.com,9280515770,Female,1975-01-03,Lucknow,Uttar Pradesh,2022-11-01,Bronze
542,Naveen,Rao,naveen.rao542@yahoo.com,9726913812,Male,1967-07-30,Mumbai,Maharashtra,2022-02-15,Silver
543,Siddharth,Patel,siddharth.patel543@yahoo.com,9592371334,Female,1993-12-29,Kolkata,West Bengal,2023-09-04,Bronze
544,Riya,Gupta,riya.gupta544@example.com,9523989652,Female,1995-04-04,Lucknow,Uttar Pradesh,2023-02-18,Bronze
545,Rohan,Rao,rohan.rao545@gmail.com,9154708133,Male,2002-01-11,Mysuru,Karnataka,2022-09-10,Bronze
546,Tanvi,Sharma,tanvi.sharma546@gmail.com,9970860704,Female,2001-11-02,Hyderabad,Telangana,2023-08-02,Silver
547,Santosh,Sharma,santosh.sharma547@gmail.com,9105643510,Male,1969-02-01,Hyderabad,Telangana,2025-04-04,Gold
548,Manoj,Mehta,manoj.mehta548@outlook.com,9107615419,Female,1989-11-02,Bengaluru,Karnataka,2024-03-12,Bronze
549,Riya,Naidu,riya.naidu549@example.com,9978585118,Female,1993-02-27,Delhi,Delhi,2024-09-23,Bronze
550,Manoj,Sharma,manoj.sharma550@outlook.com,9471402126,Male,1989-01-07,Hyderabad,Telangana,2022-07-24,Bronze
551,Pooja,Pillai,pooja.pillai551@example.com,9016158711,Female,1965-09-30,Hyderabad,Telangana,2022-04-14,Bronze
552,Lakshmi,Verma,lakshmi.verma552@example.com,9734454000,Male,1966-10-20,Mysuru,Karnataka,2023-04-05,Bronze
553,Rohan,Kumar,rohan.kumar553@yahoo.com,9289400838,Female,1991-10-21,Chennai,Tamil Nadu,2024-11-26,Silver
554,Meera,Mehta,meera.mehta554@gmail.com,9581854536,Male,1999-03-22,Ahmedabad,Gujarat,2025-04-27,Bronze
555,Priya,Kumar,priya.kumar555@gmail.com,9789478047,Male,1972-03-01,Bengaluru,Karnataka,2022-05-20,Gold
556,Pooja,Verma,pooja.verma556@example.com,9416460069,Male,1966-11-09,Chennai,Tamil Nadu,2023-10-15,Bronze
557,Ishaan,Pillai,ishaan.pillai557@outlook.com,9698215675,Female,1981-02-24,Coimbatore,Tamil Nadu,2023-06-27,Bronze
558,Siddharth,Patel,siddharth.patel558@example.com,9985507680,Male,1977-07-14,Mumbai,Maharashtra,2024-10-15,Bronze
559,Naveen,Pillai,naveen.pillai559@outlook.com,9164546617,Female,2004-04-16,Mumbai,Maharashtra,2022-10-09,Silver
560,Arjun,Joshi,arjun.joshi560@example.com,9456730192,Male,2002-01-04,Mumbai,Maharashtra,2023-10-26,Bronze
561,Tanvi,Menon,tanvi.menon561@example.com,9282436555,Male,1987-04-24,Bengaluru,Karnataka,2025-03-09,Bronze
562,Tanvi,Singh,tanvi.singh562@example.com,9855808130,Male,2002-12-19,Chennai,Tamil Nadu,2023-09-29,Bronze
563,Meera,Joshi,meera.joshi563@example.com,9583637973,Male,1974-02-23,Kolkata,West Bengal,2024-12-05,Silver
564,Vivaan,Shetty,,9809866241,Female,2004-08-25,Pune,Maharashtra,2024-05-01,Gold
565,Vivaan,Naidu,vivaan.naidu565@outlook.com,9353785335,Male,1982-11-14,Pune,Maharashtra,2024-03-28,Bronze
566,Vikram,Naidu,vikram.naidu566@example.com,9714422845,Female,1984-01-17,Pune,Maharashtra,2022-12-22,Bronze
567,Arjun,Reddy,arjun.reddy567@yahoo.com,9022385947,Female,1967-01-09,Delhi,Delhi,2025-09-20,Bronze
568,Aditya,Menon,aditya.menon568@example.com,9186064085,Female,1972-02-04,Bengaluru,Karnataka,2022-12-08,Bronze
569,Ishaan,Gupta,ishaan.gupta569@yahoo.com,9650373834,Female,1972-10-09,Hyderabad,Telangana,2025-06-28,Platinum
570,Rohan,Shetty,rohan.shetty570@gmail.com,9408149923,Female,1984-07-03,Mumbai,Maharashtra,2025-09-16,Bronze
571,Divya,Shetty,divya.shetty571@outlook.com,9562587888,Female,1972-08-03,Madurai,Tamil Nadu,2023-12-02,Silver
572,Tanvi,Kapoor,tanvi.kapoor572@gmail.com,9594790989,Female,1969-02-02,Kolkata,West Bengal,2025-04-04,Gold
573,Aarav,Nair,aarav.nair573@yahoo.com,9713064478,Female,1989-03-10,Mumbai,Maharashtra,2024-09-05,Silver
574,Sneha,Singh,sneha.singh574@example.com,,Female,1999-11-18,Delhi,Delhi,2024-10-06,Bronze
575,Ishaan,Chopra,ishaan.chopra575@gmail.com,9320833354,Male,1967-10-19,Kolkata,West Bengal,2022-04-04,Silver
576,Priya,Chopra,priya.chopra576@gmail.com,9522849875,Female,1987-05-29,Mumbai,Maharashtra,2022-07-07,Bronze
577,Vivaan,Gupta,vivaan.gupta577@example.com,9804711045,Male,2003-05-22,Ahmedabad,Gujarat,2022-04-06,Bronze
578,Aditya,Iyer,aditya.iyer578@example.com,9404807200,Female,1981-03-03,Mumbai,Maharashtra,2022-02-11,Platinum
579,Arjun,Iyer,arjun.iyer579@yahoo.com,9044606706,Female,1972-04-25,Kolkata,West Bengal,2025-02-18,Bronze
580,Kavya,Joshi,kavya.joshi580@yahoo.com,9146854822,Female,1968-03-07,Madurai,Tamil Nadu,2022-08-29,Bronze
581,Kavya,Kumar,kavya.kumar581@example.com,9410316544,Female,2002-06-06,Mumbai,Maharashtra,2022-01-09,Bronze
582,Ananya,Kumar,ananya.kumar582@outlook.com,9040369226,Female,1981-03-14,Mumbai,Maharashtra,2025-07-07,Bronze
583,Sneha,Bose,sneha.bose583@example.com,9928362293,Female,1969-03-16,Bengaluru,Karnataka,2023-01-17,Silver
584,Manoj,Sharma,,9071183192,Male,1999-08-17,Hyderabad,Telangana,2025-01-22,Silver
585,Manoj,Pillai,manoj.pillai585@outlook.com,9625674688,Male,1997-01-22,Ahmedabad,Gujarat,2025-08-07,Silver
586,Riya,Patel,riya.patel586@outlook.com,9735926748,Male,1993-02-12,Pune,Maharashtra,2023-12-18,Bronze
587,Pooja,Naidu,pooja.naidu587@gmail.com,9486086275,Male,1968-05-16,Chennai,Tamil Nadu,2025-06-22,Bronze
588,Meera,Shetty,meera.shetty588@outlook.com,9932079638,Female,1968-04-18,Madurai,Tamil Nadu,2025-08-19,Bronze
589,Rahul,Das,rahul.das589@gmail.com,9265893017,Female,1973-10-01,Chennai,Tamil Nadu,2022-07-17,Bronze
590,Meera,Singh,meera.singh590@example.com,9318617699,Female,1971-05-24,Bengaluru,Karnataka,2022-07-20,Silver
591,Aarav,Reddy,aarav.reddy591@outlook.com,9987657911,Male,1986-04-06,Jaipur,Rajasthan,2023-05-22,Silver
592,Naveen,Nair,naveen.nair592@gmail.com,9425378271,Female,1980-09-06,Hyderabad,Telangana,2024-02-05,Gold
593,Diya,Shetty,diya.shetty593@outlook.com,9767418141,Male,1995-08-05,Coimbatore,Tamil Nadu,2024-12-12,Silver
594,Deepak,Nair,deepak.nair594@gmail.com,9855372792,Female,1969-01-20,Mumbai,Maharashtra,2022-09-08,Bronze
595,Naveen,Mehta,naveen.mehta595@example.com,9639832069,Other,1994-02-06,Bengaluru,Karnataka,2022-09-22,Silver
596,Meera,Kumar,meera.kumar596@gmail.com,9187426585,Male,2002-05-04,Chennai,Tamil Nadu,2023-02-24,Silver
597,Divya,Joshi,divya.joshi597@outlook.com,9023438263,Male,1970-03-22,Delhi,Delhi,2023-01-07,Platinum
598,Meera,Bose,meera.bose598@gmail.com,9997765509,Male,1991-01-28,Pune,Maharashtra,2025-07-11,Bronze
599,Arjun,Menon,arjun.menon599@gmail.com,9958418592,Male,1985-05-07,Lucknow,Uttar Pradesh,2023-06-27,Silver
600,Aarav,Pillai,aarav.pillai600@example.com,9461961783,Male,1968-10-16,Pune,Maharashtra,2025-04-03,Bronze
601,Ishaan,Menon,ishaan.menon601@yahoo.com,9671553267,Male,1976-09-15,Mumbai,Maharashtra,2022-03-18,Silver
602,Naveen,Mehta,naveen.mehta602@gmail.com,9317103873,Male,1996-07-02,Delhi,Delhi,2022-05-20,Gold
603,Meera,Nair,meera.nair603@outlook.com,9597702193,Male,1999-09-27,Ahmedabad,Gujarat,2025-01-05,Gold
604,Siddharth,Reddy,siddharth.reddy604@gmail.com,9455093976,Male,1979-09-23,Delhi,Delhi,2022-12-08,Bronze
605,Kavya,Mehta,kavya.mehta605@outlook.com,9793362808,Female,1969-04-05,Kochi,Kerala,2022-04-24,Bronze
606,Rahul,Sharma,rahul.sharma606@example.com,9306234510,Male,1974-10-16,Gurugram,Haryana,2024-03-24,Silver
607,Swathi,Singh,swathi.singh607@outlook.com,9435761970,Female,1998-09-19,Kolkata,West Bengal,2022-07-21,Silver
608,Kiran,Kumar,kiran.kumar608@gmail.com,9785889910,Male,1987-10-14,Bengaluru,Karnataka,2022-03-25,Gold
609,Aditya,Kumar,aditya.kumar609@gmail.com,9665294768,Male,1982-03-18,Delhi,Delhi,2023-07-10,Bronze
610,Manoj,Bose,manoj.bose610@gmail.com,9768075725,Male,1965-07-15,Hyderabad,Telangana,2024-01-24,Gold
611,Ananya,Shetty,ananya.shetty611@outlook.com,9215005870,Female,1996-04-15,Mumbai,Maharashtra,2023-12-23,Silver
612,Vivaan,Chopra,vivaan.chopra612@outlook.com,9144021563,Male,1983-08-09,Pune,Maharashtra,2024-03-11,Bronze
613,Harini,Verma,harini.verma613@outlook.com,9528053456,Female,1986-10-18,Kochi,Kerala,2022-02-02,Bronze
614,Vivaan,Mehta,vivaan.mehta614@yahoo.com,9952558586,Male,1998-09-24,Lucknow,Uttar Pradesh,2023-02-03,Silver
615,Karan,Chopra,karan.chopra615@gmail.com,9532059098,Other,1987-06-25,Chennai,Tamil Nadu,2023-04-16,Bronze
616,Aarav,Menon,aarav.menon616@example.com,9435804060,Male,2002-02-05,Delhi,Delhi,2023-02-06,Silver
617,Meera,Kumar,meera.kumar617@outlook.com,9377251508,Male,1987-05-15,Delhi,Delhi,2024-02-05,Silver
618,Riya,Mehta,riya.mehta618@outlook.com,,Female,1978-09-11,Madurai,Tamil Nadu,2022-11-10,Bronze
619,Siddharth,Mehta,siddharth.mehta619@gmail.com,9349702027,Male,2001-11-19,Bengaluru,Karnataka,2024-05-15,Bronze
620,Aditya,Menon,aditya.menon620@yahoo.com,9846348231,Male,1990-09-06,Bengaluru,Karnataka,2025-07-04,Platinum
621,Arjun,Nair,arjun.nair621@yahoo.com,9208845205,Female,1995-05-26,Delhi,Delhi,2024-06-23,Silver
622,Naveen,Das,naveen.das622@outlook.com,9182721513,Male,1974-01-25,Mumbai,Maharashtra,2023-06-17,Silver
623,Lakshmi,Reddy,lakshmi.reddy623@example.com,9285759488,Male,1991-10-29,Lucknow,Uttar Pradesh,2023-08-19,Silver
624,Naveen,Joshi,naveen.joshi624@example.com,9969731251,Male,1987-05-25,Hyderabad,Telangana,2024-03-12,Silver
625,Neha,Kapoor,neha.kapoor625@outlook.com,9263690681,Male,1969-03-16,Kochi,Kerala,2024-09-18,Gold
626,Pooja,Das,pooja.das626@yahoo.com,9756043175,Female,1975-02-26,Hyderabad,Telangana,2023-02-17,Silver
627,Ramesh,Gupta,ramesh.gupta627@yahoo.com,9817663627,Female,2001-06-11,Gurugram,Haryana,2022-02-22,Bronze
628,Sneha,Naidu,sneha.naidu628@outlook.com,9445032940,Female,1987-11-03,Bengaluru,Karnataka,2024-08-19,Bronze
629,Kavya,Joshi,kavya.joshi629@yahoo.com,9091022090,Male,1995-12-14,Mumbai,Maharashtra,2024-06-24,Bronze
630,Vikram,Mehta,vikram.mehta630@yahoo.com,9786173427,Female,1971-11-13,Gurugram,Haryana,2022-05-19,Silver
631,Meera,Sharma,meera.sharma631@example.com,9514799185,Female,1973-09-16,Jaipur,Rajasthan,2024-05-07,Bronze
632,Vivaan,Sharma,vivaan.sharma632@outlook.com,9736252348,Male,2002-08-16,Kolkata,West Bengal,2022-04-09,Silver
633,Rohan,Reddy,rohan.reddy633@yahoo.com,9662447105,Female,1981-10-18,Bengaluru,Karnataka,2024-05-30,Platinum
634,Deepak,Reddy,deepak.reddy634@outlook.com,9878326087,Female,2000-06-14,Hyderabad,Telangana,2024-10-15,Bronze
635,Swathi,Chopra,swathi.chopra635@yahoo.com,9512900326,Female,1997-04-24,Bengaluru,Karnataka,2022-01-22,Bronze
636,Arjun,Das,,9077256879,Male,1978-06-21,Bengaluru,Karnataka,2024-09-21,Silver
637,Aditya,Shetty,aditya.shetty637@example.com,9167220981,Male,2002-12-15,Pune,Maharashtra,2022-06-14,Bronze
638,Aditya,Das,aditya.das638@yahoo.com,9248888626,Female,1996-01-18,Delhi,Delhi,2022-12-29,Silver
639,Ramesh,Naidu,ramesh.naidu639@yahoo.com,9494716447,Female,1970-02-08,Delhi,Delhi,2024-08-22,Bronze
640,Siddharth,Menon,siddharth.menon640@gmail.com,9403996627,Male,1968-10-26,Kolkata,West Bengal,2023-05-02,Bronze
641,Siddharth,Gupta,siddharth.gupta641@example.com,9509804771,Male,1970-01-23,Delhi,Delhi,2025-08-30,Silver
642,Aarav,Chopra,aarav.chopra642@outlook.com,9098766463,Female,1994-08-06,Gurugram,Haryana,2025-08-03,Bronze
643,Kiran,Mehta,kiran.mehta643@yahoo.com,9032341441,Male,1970-09-22,Bengaluru,Karnataka,2025-09-13,Bronze
644,Kavya,Patel,kavya.patel644@outlook.com,9464075400,Male,1976-04-16,Chennai,Tamil Nadu,2022-05-23,Bronze
645,Ramesh,Kumar,ramesh.kumar645@yahoo.com,9083466092,Female,1982-05-14,Pune,Maharashtra,2022-08-30,Bronze
646,Manoj,Joshi,manoj.joshi646@yahoo.com,9785152878,Male,1970-06-04,Kolkata,West Bengal,2022-09-08,Gold
647,Ishaan,Gupta,ishaan.gupta647@yahoo.com,9810668683,Male,1978-03-18,Bengaluru,Karnataka,2024-03-12,Bronze
648,Lakshmi,Chopra,lakshmi.chopra648@gmail.com,9104054256,Male,1992-02-10,Mumbai,Maharashtra,2023-08-12,Bronze
649,Pooja,Shetty,pooja.shetty649@example.com,,Female,2003-11-10,Pune,Maharashtra,2024-10-18,Bronze
650,Sneha,Mehta,sneha.mehta650@example.com,9868895904,Male,1983-10-13,Bengaluru,Karnataka,2023-01-22,Bronze
651,Karan,Patel,karan.patel651@example.com,9308876636,Female,1994-11-07,Hyderabad,Telangana,2022-10-01,Bronze
652,Divya,Mehta,divya.mehta652@yahoo.com,9923195520,Other,1986-03-12,Ahmedabad,Gujarat,2024-06-07,Silver
653,Harini,Bose,harini.bose653@example.com,9883756161,Female,1983-08-23,Pune,Maharashtra,2024-04-25,Bronze
654,Priya,Nair,priya.nair654@yahoo.com,9232909183,Female,1985-10-22,Chennai,Tamil Nadu,2024-08-03,Silver
655,Aditya,Shetty,aditya.shetty655@example.com,9954145920,Female,2003-04-26,Kolkata,West Bengal,2023-03-04,Bronze
656,Divya,Mehta,divya.mehta656@gmail.com,9229191840,Male,1967-05-18,Madurai,Tamil Nadu,2023-12-22,Bronze
657,Swathi,Bose,swathi.bose657@yahoo.com,9678165484,Female,1985-07-10,Kolkata,West Bengal,2025-06-24,Bronze
658,Neha,Pillai,neha.pillai658@outlook.com,9359870300,Female,1967-01-21,Coimbatore,Tamil Nadu,2024-04-16,Silver
659,Riya,Pillai,riya.pillai659@example.com,9881420317,Female,1999-12-24,Mumbai,Maharashtra,2025-06-30,Gold
660,Karan,Naidu,karan.naidu660@yahoo.com,9942491603,Male,1989-01-12,Hyderabad,Telangana,2023-08-17,Bronze
661,Aditya,Nair,aditya.nair661@yahoo.com,9431764406,Male,1966-11-21,Chennai,Tamil Nadu,2022-03-03,Platinum
662,Naveen,Menon,naveen.menon662@example.com,9238662502,Female,1989-12-09,Ahmedabad,Gujarat,2024-11-06,Bronze
663,Meera,Verma,meera.verma663@yahoo.com,9846790591,Male,1982-06-02,Chennai,Tamil Nadu,2023-09-23,Silver
664,Vikram,Patel,vikram.patel664@outlook.com,9853781696,Female,1966-11-20,Bengaluru,Karnataka,2022-02-27,Silver
665,Santosh,Sharma,santosh.sharma665@yahoo.com,9514974389,Male,2004-02-08,Madurai,Tamil Nadu,2022-07-09,Bronze
666,Aarav,Joshi,aarav.joshi666@gmail.com,9283896430,Female,1980-02-17,Delhi,Delhi,2023-03-05,Bronze
667,Aditya,Rao,aditya.rao667@yahoo.com,9086258691,Female,1965-12-14,Gurugram,Haryana,2022-09-19,Bronze
668,Rahul,Chopra,rahul.chopra668@outlook.com,9065691905,Male,1989-07-01,Lucknow,Uttar Pradesh,2024-07-25,Silver
669,Kavya,Nair,kavya.nair669@gmail.com,9862692960,Male,1980-01-02,Coimbatore,Tamil Nadu,2024-04-16,Bronze
670,Diya,Singh,diya.singh670@gmail.com,9383943872,Female,1991-04-02,Hyderabad,Telangana,2023-03-28,Gold
671,Rohan,Joshi,rohan.joshi671@example.com,9728061696,Male,1971-06-29,Bengaluru,Karnataka,2022-04-26,Bronze
672,Ananya,Bose,ananya.bose672@gmail.com,9481593044,Male,1998-02-09,Mumbai,Maharashtra,2022-04-18,Gold
673,Ananya,Kapoor,ananya.kapoor673@gmail.com,9883711678,Female,1981-10-16,Lucknow,Uttar Pradesh,2025-07-18,Bronze
674,Neha,Verma,neha.verma674@outlook.com,9616423815,Male,1981-10-26,Delhi,Delhi,2023-04-18,Silver
675,Pooja,Mehta,pooja.mehta675@outlook.com,9071988371,Female,1997-02-16,Mumbai,Maharashtra,2022-05-27,Bronze
676,Swathi,Sharma,swathi.sharma676@gmail.com,9210358047,Male,1986-12-01,Hyderabad,Telangana,2024-09-01,Bronze
677,Lakshmi,Bose,lakshmi.bose677@gmail.com,9275511884,Male,1965-01-20,Ahmedabad,Gujarat,2025-04-05,Bronze
678,Vikram,Iyer,vikram.iyer678@example.com,9555751087,Female,1988-02-16,Mumbai,Maharashtra,2022-06-16,Silver
679,Harini,Bose,harini.bose679@outlook.com,9102551124,Male,1990-10-27,Bengaluru,Karnataka,2025-07-17,Bronze
680,Neha,Nair,neha.nair680@outlook.com,9240983850,Male,1977-06-22,Hyderabad,Telangana,2024-09-19,Silver
681,Rohan,Sharma,rohan.sharma681@gmail.com,9207760241,Female,1972-03-24,Bengaluru,Karnataka,2022-12-12,Platinum
682,Ananya,Kapoor,ananya.kapoor682@gmail.com,9135094109,Female,1967-02-25,Chennai,Tamil Nadu,2024-11-27,Bronze
683,Deepak,Mehta,deepak.mehta683@gmail.com,9587987882,Female,1998-10-30,Bengaluru,Karnataka,2023-07-29,Bronze
684,Lakshmi,Mehta,lakshmi.mehta684@example.com,9598112736,Female,1965-03-03,Hyderabad,Telangana,2024-05-19,Bronze
685,Diya,Rao,diya.rao685@example.com,9107202348,Male,1988-04-28,Pune,Maharashtra,2022-06-23,Bronze
686,Ishaan,Patel,ishaan.patel686@outlook.com,9162423551,Male,1998-06-04,Madurai,Tamil Nadu,2022-12-01,Bronze
687,Rohan,Joshi,rohan.joshi687@outlook.com,9128354304,Female,1979-01-29,Hyderabad,Telangana,2024-11-24,Silver
688,Arjun,Mehta,arjun.mehta688@gmail.com,9993529598,Female,1973-01-02,Kochi,Kerala,2025-01-07,Bronze
689,Santosh,Patel,santosh.patel689@example.com,9345285248,Female,1993-07-31,Delhi,Delhi,2022-01-15,Bronze
690,Neha,Gupta,neha.gupta690@outlook.com,9479394570,Male,1990-03-12,Mumbai,Maharashtra,2022-10-21,Silver
691,Kavya,Sharma,kavya.sharma691@outlook.com,9756949526,Male,1965-08-06,Chennai,Tamil Nadu,2024-04-11,Bronze
692,Santosh,Singh,santosh.singh692@example.com,9181480453,Male,1988-01-25,Ahmedabad,Gujarat,2025-05-25,Silver
693,Lakshmi,Menon,lakshmi.menon693@gmail.com,9633268142,Female,1965-01-06,Chennai,Tamil Nadu,2024-07-12,Gold
694,Ramesh,Iyer,ramesh.iyer694@yahoo.com,9297966768,Female,1980-12-22,Coimbatore,Tamil Nadu,2024-08-25,Bronze
695,Ishaan,Iyer,ishaan.iyer695@gmail.com,9314000075,Male,1977-02-26,Ahmedabad,Gujarat,2023-06-17,Bronze
696,Riya,Joshi,riya.joshi696@yahoo.com,9923479759,Male,1998-04-27,Mumbai,Maharashtra,2022-03-16,Gold
697,Swathi,Mehta,swathi.mehta697@yahoo.com,9142137386,Male,2004-01-25,Delhi,Delhi,2024-11-14,Silver
698,Ramesh,Iyer,ramesh.iyer698@yahoo.com,9728237622,Male,1992-12-01,Mumbai,Maharashtra,2024-12-30,Silver
699,Siddharth,Chopra,siddharth.chopra699@outlook.com,9440211306,Female,1994-05-11,Pune,Maharashtra,2023-08-30,Silver
700,Diya,Pillai,diya.pillai700@yahoo.com,9628531490,Female,1965-11-29,Coimbatore,Tamil Nadu,2023-11-25,Bronze
701,Swathi,Sharma,swathi.sharma701@gmail.com,9049275191,Male,1967-07-24,Chennai,Tamil Nadu,2022-11-18,Bronze
702,Aarav,Reddy,aarav.reddy702@gmail.com,9566876133,Female,1996-01-18,Coimbatore,Tamil Nadu,2023-09-12,Silver
703,Neha,Gupta,neha.gupta703@outlook.com,9310478948,Other,1982-02-13,Mysuru,Karnataka,2022-11-28,Silver
704,Arjun,Chopra,arjun.chopra704@outlook.com,,Male,1985-04-08,Kolkata,West Bengal,2023-07-30,Silver
705,Swathi,Verma,swathi.verma705@example.com,9676021934,Male,1992-08-30,Chennai,Tamil Nadu,2022-07-03,Bronze
706,Vivaan,Bose,vivaan.bose706@example.com,9992876166,Female,1978-11-15,Mumbai,Maharashtra,2024-04-10,Gold
707,Aarav,Singh,aarav.singh707@gmail.com,9452612419,Male,1992-04-04,Gurugram,Haryana,2022-12-05,Bronze
708,Siddharth,Iyer,siddharth.iyer708@outlook.com,9845229490,Female,1994-01-21,Gurugram,Haryana,2024-09-18,Bronze
709,Karan,Kapoor,karan.kapoor709@gmail.com,9147481842,Female,1974-08-11,Hyderabad,Telangana,2023-12-10,Bronze
710,Meera,Verma,meera.verma710@gmail.com,9679073547,Male,1992-06-04,Mumbai,Maharashtra,2025-05-11,Bronze
711,Vikram,Iyer,vikram.iyer711@example.com,9324680506,Male,1971-10-10,Lucknow,Uttar Pradesh,2022-10-30,Silver
712,Ananya,Naidu,ananya.naidu712@yahoo.com,9681766650,Female,1977-06-01,Pune,Maharashtra,2023-01-09,Bronze
713,Pooja,Das,pooja.das713@example.com,9831697288,Male,1996-03-09,Gurugram,Haryana,2022-11-29,Silver
714,Pooja,Kumar,pooja.kumar714@gmail.com,9358134016,Female,2004-04-18,Ahmedabad,Gujarat,2024-05-13,Bronze
715,Naveen,Joshi,naveen.joshi715@outlook.com,9222162684,Female,1967-08-02,Gurugram,Haryana,2022-05-27,Bronze
716,Meera,Rao,meera.rao716@yahoo.com,9919339478,Female,1990-12-07,Chennai,Tamil Nadu,2024-07-28,Bronze
717,Pooja,Rao,pooja.rao717@example.com,9434342957,Female,1987-10-11,Mumbai,Maharashtra,2025-01-26,Bronze
718,Santosh,Sharma,santosh.sharma718@outlook.com,9633902756,Female,1989-03-20,Bengaluru,Karnataka,2024-07-12,Silver
719,Rohan,Menon,rohan.menon719@example.com,9025349661,Female,1996-06-14,Pune,Maharashtra,2022-07-04,Bronze
720,Santosh,Patel,santosh.patel720@yahoo.com,9596799322,Male,1967-10-18,Kochi,Kerala,2023-11-06,Bronze
721,Divya,Bose,divya.bose721@example.com,9738861725,Male,1994-07-21,Mumbai,Maharashtra,2024-01-01,Bronze
722,Siddharth,Das,siddharth.das722@example.com,9206464302,Male,1976-03-02,Hyderabad,Telangana,2023-06-20,Bronze
723,Rohan,Iyer,rohan.iyer723@example.com,9874097021,Male,1971-03-03,Bengaluru,Karnataka,2023-10-01,Bronze
724,Ananya,Kapoor,ananya.kapoor724@yahoo.com,9994162122,Male,1982-11-13,Kochi,Kerala,2024-11-09,Platinum
725,Vikram,Patel,vikram.patel725@example.com,9073557758,Male,1966-01-30,Bengaluru,Karnataka,2025-02-16,Bronze
726,Riya,Patel,riya.patel726@outlook.com,9508743843,Male,1990-03-18,Bengaluru,Karnataka,2023-02-15,Bronze
727,Divya,Naidu,divya.naidu727@gmail.com,9734720313,Male,1987-08-05,Chennai,Tamil Nadu,2023-03-28,Gold
728,Riya,Pillai,riya.pillai728@example.com,9055261041,Male,1985-07-01,Bengaluru,Karnataka,2022-10-12,Silver
729,Arjun,Kapoor,arjun.kapoor729@gmail.com,9834240913,Female,1966-03-23,Hyderabad,Telangana,2023-07-05,Bronze
730,Siddharth,Joshi,siddharth.joshi730@outlook.com,9847027240,Female,1995-07-03,Mumbai,Maharashtra,2024-01-18,Silver
731,Santosh,Naidu,santosh.naidu731@gmail.com,9538389875,Female,1966-05-29,Coimbatore,Tamil Nadu,2024-09-03,Gold
732,Siddharth,Iyer,,9401360990,Female,1975-07-01,Bengaluru,Karnataka,2023-01-02,Bronze
733,Riya,Menon,riya.menon733@outlook.com,9081117113,Female,1980-10-29,Bengaluru,Karnataka,2022-10-24,Bronze
734,Santosh,Patel,santosh.patel734@example.com,9692254626,Female,1993-01-25,Hyderabad,Telangana,2022-02-15,Gold
735,Siddharth,Gupta,siddharth.gupta735@outlook.com,9967097615,Male,1981-04-19,Bengaluru,Karnataka,2022-05-09,Silver
736,Tanvi,Reddy,tanvi.reddy736@outlook.com,9661047369,Other,1997-08-23,Delhi,Delhi,2022-03-12,Platinum
737,Diya,Reddy,diya.reddy737@example.com,9867007815,Male,2002-05-08,Chennai,Tamil Nadu,2022-10-11,Bronze
738,Ishaan,Mehta,ishaan.mehta738@yahoo.com,9213478919,Female,1995-08-01,Coimbatore,Tamil Nadu,2024-08-09,Gold
739,Diya,Naidu,diya.naidu739@outlook.com,9516048921,Female,1966-07-22,Hyderabad,Telangana,2024-11-25,Bronze
740,Kavya,Rao,kavya.rao740@yahoo.com,9519312378,Male,1995-10-25,Hyderabad,Telangana,2025-08-25,Silver
741,Aarav,Singh,aarav.singh741@gmail.com,9762996734,Female,1973-03-30,Bengaluru,Karnataka,2024-01-17,Gold
742,Swathi,Mehta,swathi.mehta742@example.com,9847892435,Male,2000-07-08,Bengaluru,Karnataka,2023-09-15,Bronze
743,Neha,Das,neha.das743@yahoo.com,9732279190,Male,2004-02-14,Kolkata,West Bengal,2025-05-16,Bronze
744,Vivaan,Reddy,vivaan.reddy744@gmail.com,9519736826,Male,1968-05-14,Bengaluru,Karnataka,2022-07-21,Silver
745,Swathi,Das,swathi.das745@example.com,9275766081,Male,1968-12-10,Mumbai,Maharashtra,2024-05-12,Gold
746,Divya,Joshi,divya.joshi746@example.com,9358612157,Male,1992-11-13,Mumbai,Maharashtra,2025-01-24,Bronze
747,Aarav,Reddy,aarav.reddy747@outlook.com,9777992302,Female,1970-09-24,Madurai,Tamil Nadu,2023-11-19,Gold
748,Ishaan,Menon,ishaan.menon748@yahoo.com,9568595884,Female,2003-09-21,Hyderabad,Telangana,2022-12-24,Bronze
749,Ananya,Chopra,ananya.chopra749@example.com,9883219452,Male,1986-08-07,Gurugram,Haryana,2024-04-29,Bronze
750,Neha,Das,neha.das750@outlook.com,9345173201,Female,1987-12-07,Kolkata,West Bengal,2025-09-25,Bronze
751,Manoj,Patel,manoj.patel751@yahoo.com,9278926215,Male,1999-05-23,Chennai,Tamil Nadu,2022-11-20,Gold
752,Priya,Menon,priya.menon752@yahoo.com,9671732024,Male,1973-09-08,Coimbatore,Tamil Nadu,2024-02-11,Bronze
753,Sneha,Pillai,sneha.pillai753@example.com,9135083767,Female,1987-03-21,Chennai,Tamil Nadu,2022-03-11,Silver
754,Aarav,Reddy,aarav.reddy754@example.com,9211256798,Female,2004-12-03,Mumbai,Maharashtra,2022-11-15,Bronze
755,Tanvi,Menon,tanvi.menon755@outlook.com,9349748169,Male,1965-11-19,Delhi,Delhi,2024-11-16,Gold
756,Harini,Joshi,harini.joshi756@gmail.com,9560629333,Male,1971-12-26,Chennai,Tamil Nadu,2023-11-11,Silver
757,Neha,Singh,neha.singh757@gmail.com,9693275494,Female,1970-11-03,Madurai,Tamil Nadu,2022-09-30,Bronze
758,Kavya,Gupta,kavya.gupta758@yahoo.com,9692994310,Female,1978-06-01,Jaipur,Rajasthan,2023-04-05,Bronze
759,Vikram,Kapoor,vikram.kapoor759@outlook.com,9946238620,Male,1970-03-12,Bengaluru,Karnataka,2022-06-15,Bronze
760,Naveen,Gupta,naveen.gupta760@example.com,9800396099,Male,1971-11-18,Hyderabad,Telangana,2024-12-03,Bronze
761,Aarav,Menon,aarav.menon761@example.com,9600888451,Male,1999-02-01,Delhi,Delhi,2025-07-14,Gold
762,Vikram,Iyer,vikram.iyer762@yahoo.com,9026464596,Female,1983-07-27,Mysuru,Karnataka,2022-05-25,Silver
763,Ishaan,Naidu,ishaan.naidu763@gmail.com,9996925001,Female,1979-04-25,Bengaluru,Karnataka,2022-11-22,Bronze
764,Divya,Menon,divya.menon764@yahoo.com,9147991440,Female,1981-09-29,Bengaluru,Karnataka,2025-03-19,Silver
765,Meera,Pillai,meera.pillai765@gmail.com,9038339369,Male,2003-10-20,Ahmedabad,Gujarat,2025-04-17,Bronze
766,Harini,Rao,harini.rao766@example.com,9153106656,Female,1984-08-21,Bengaluru,Karnataka,2024-11-16,Bronze
767,Tanvi,Gupta,tanvi.gupta767@gmail.com,9700359982,Female,1983-09-30,Chennai,Tamil Nadu,2024-09-05,Bronze
768,Pooja,Singh,pooja.singh768@example.com,9514094719,Male,2002-02-04,Bengaluru,Karnataka,2025-03-25,Bronze
769,Neha,Chopra,neha.chopra769@outlook.com,9503200786,Female,1966-06-29,Bengaluru,Karnataka,2023-05-27,Silver
770,Karan,Kapoor,karan.kapoor770@gmail.com,9601097992,Male,1984-02-14,Pune,Maharashtra,2025-05-10,Bronze
771,Pooja,Iyer,pooja.iyer771@outlook.com,9567640968,Male,1994-11-29,Chennai,Tamil Nadu,2025-04-28,Silver
772,Santosh,Bose,santosh.bose772@outlook.com,,Female,1985-07-28,Mumbai,Maharashtra,2022-11-11,Bronze
773,Naveen,Bose,naveen.bose773@gmail.com,9417317739,Male,1999-09-16,Mumbai,Maharashtra,2022-04-10,Silver
774,Pooja,Iyer,pooja.iyer774@gmail.com,9703919566,Other,2000-06-11,Kolkata,West Bengal,2023-12-15,Bronze
775,Naveen,Iyer,naveen.iyer775@yahoo.com,9555674477,Female,1978-06-11,Bengaluru,Karnataka,2024-11-04,Bronze
776,Naveen,Joshi,naveen.joshi776@gmail.com,9645541540,Male,1997-09-09,Kolkata,West Bengal,2025-03-09,Bronze
777,Neha,Bose,neha.bose777@outlook.com,9961258481,Male,1974-10-03,Pune,Maharashtra,2022-07-15,Bronze
778,Kavya,Gupta,,9588260197,Female,1974-08-01,Mysuru,Karnataka,2023-06-01,Bronze
779,Ishaan,Rao,ishaan.rao779@gmail.com,9299002755,Male,2004-01-28,Delhi,Delhi,2024-11-17,Bronze
780,Vikram,Shetty,vikram.shetty780@gmail.com,9446052710,Female,1965-07-08,Kolkata,West Bengal,2022-03-24,Silver
781,Swathi,Singh,swathi.singh781@outlook.com,9445863752,Male,1979-02-12,Chennai,Tamil Nadu,2024-09-16,Bronze
782,Ishaan,Reddy,ishaan.reddy782@yahoo.com,9002844327,Male,1990-03-01,Ahmedabad,Gujarat,2023-02-04,Silver
783,Diya,Shetty,diya.shetty783@yahoo.com,9069838223,Female,1981-07-13,Hyderabad,Telangana,2022-01-31,Silver
784,Santosh,Patel,santosh.patel784@yahoo.com,9028733311,Male,1998-10-09,Pune,Maharashtra,2022-11-28,Bronze
785,Rahul,Kumar,rahul.kumar785@gmail.com,9966281953,Female,1975-01-22,Lucknow,Uttar Pradesh,2024-10-12,Silver
786,Kiran,Mehta,kiran.mehta786@example.com,9742676434,Female,1987-02-06,Hyderabad,Telangana,2025-04-06,Bronze
787,Tanvi,Das,tanvi.das787@example.com,9839113083,Male,1970-01-02,Gurugram,Haryana,2022-04-22,Silver
788,Aarav,Patel,aarav.patel788@outlook.com,9169917386,Female,1973-06-11,Coimbatore,Tamil Nadu,2023-09-28,Silver
789,Rahul,Joshi,rahul.joshi789@yahoo.com,9788171961,Female,1971-12-09,Gurugram,Haryana,2022-10-03,Silver
790,Deepak,Joshi,deepak.joshi790@gmail.com,9286287028,Female,1994-08-20,Pune,Maharashtra,2024-07-24,Bronze
791,Divya,Reddy,divya.reddy791@yahoo.com,9306859166,Male,1973-02-07,Chennai,Tamil Nadu,2024-12-04,Silver
792,Harini,Kumar,harini.kumar792@example.com,9958107080,Male,1991-10-07,Hyderabad,Telangana,2025-08-10,Bronze
793,Divya,Verma,divya.verma793@gmail.com,9646644567,Female,1978-10-26,Coimbatore,Tamil Nadu,2023-05-01,Bronze
794,Aditya,Reddy,aditya.reddy794@example.com,9430724973,Female,1987-08-03,Bengaluru,Karnataka,2023-02-14,Bronze
795,Manoj,Shetty,,9436199225,Female,1999-12-07,Bengaluru,Karnataka,2023-03-01,Bronze
796,Arjun,Das,arjun.das796@yahoo.com,9660703786,Female,1999-07-06,Madurai,Tamil Nadu,2024-11-08,Silver
797,Aditya,Rao,aditya.rao797@example.com,9160219357,Female,1965-06-14,Bengaluru,Karnataka,2023-09-02,Gold
798,Santosh,Kapoor,santosh.kapoor798@example.com,9991347327,Male,1996-05-07,Mysuru,Karnataka,2022-02-01,Bronze
799,Meera,Chopra,meera.chopra799@example.com,9473400013,Female,2003-03-15,Delhi,Delhi,2025-07-21,Silver
800,Tanvi,Pillai,tanvi.pillai800@yahoo.com,9018829103,Male,1991-09-14,Delhi,Delhi,2022-05-23,Silver
801,Divya,Chopra,divya.chopra801@outlook.com,9208923792,Male,1972-06-26,Delhi,Delhi,2025-06-24,Gold
802,Aditya,Kumar,aditya.kumar802@yahoo.com,9605946666,Female,1991-07-29,Coimbatore,Tamil Nadu,2022-08-10,Silver
803,Neha,Rao,neha.rao803@gmail.com,9808993538,Female,1990-06-06,Ahmedabad,Gujarat,2024-01-07,Bronze
804,Divya,Patel,divya.patel804@yahoo.com,9436032340,Male,1991-06-22,Mumbai,Maharashtra,2023-03-04,Bronze
805,Kavya,Kapoor,kavya.kapoor805@gmail.com,9843198434,Female,1982-02-21,Bengaluru,Karnataka,2024-07-29,Silver
806,Neha,Nair,neha.nair806@gmail.com,9926978902,Female,1985-12-29,Mysuru,Karnataka,2023-07-06,Bronze
807,Meera,Kapoor,meera.kapoor807@outlook.com,9154051438,Female,1991-01-22,Delhi,Delhi,2023-05-18,Gold
808,Harini,Kapoor,harini.kapoor808@outlook.com,9668127702,Female,1983-07-19,Chennai,Tamil Nadu,2023-10-16,Gold
809,Vivaan,Iyer,vivaan.iyer809@yahoo.com,9206085749,Male,1995-12-04,Mumbai,Maharashtra,2025-08-22,Gold
810,Swathi,Chopra,swathi.chopra810@outlook.com,9250851890,Female,1993-05-14,Lucknow,Uttar Pradesh,2022-12-02,Bronze
811,Lakshmi,Shetty,lakshmi.shetty811@example.com,9873674609,Male,1977-02-12,Bengaluru,Karnataka,2022-10-28,Silver
812,Lakshmi,Menon,lakshmi.menon812@example.com,9924232868,Male,1989-05-28,Bengaluru,Karnataka,2022-04-01,Silver
813,Priya,Singh,priya.singh813@outlook.com,9771871073,Male,1995-03-30,Lucknow,Uttar Pradesh,2024-10-08,Bronze
814,Neha,Kapoor,neha.kapoor814@gmail.com,9338333004,Male,1984-08-02,Mumbai,Maharashtra,2024-07-16,Bronze
815,Diya,Das,diya.das815@outlook.com,9074537404,Female,1993-08-01,Bengaluru,Karnataka,2024-04-13,Bronze
816,Rahul,Iyer,rahul.iyer816@gmail.com,9155435689,Male,1970-01-24,Ahmedabad,Gujarat,2022-02-02,Bronze
817,Swathi,Reddy,swathi.reddy817@gmail.com,9060475899,Female,1980-06-10,Ahmedabad,Gujarat,2024-12-18,Platinum
818,Neha,Joshi,neha.joshi818@yahoo.com,9668233731,Male,1993-01-22,Mumbai,Maharashtra,2025-01-13,Gold
819,Manoj,Kumar,manoj.kumar819@yahoo.com,9775879213,Male,2000-10-12,Pune,Maharashtra,2025-07-17,Bronze
820,Arjun,Reddy,arjun.reddy820@gmail.com,9891848604,Female,1990-10-28,Chennai,Tamil Nadu,2025-06-26,Bronze
821,Ramesh,Pillai,ramesh.pillai821@gmail.com,9037676054,Female,1991-07-13,Bengaluru,Karnataka,2022-12-27,Bronze
822,Tanvi,Iyer,tanvi.iyer822@example.com,,Female,1978-09-06,Mumbai,Maharashtra,2024-08-30,Bronze
823,Kiran,Reddy,kiran.reddy823@outlook.com,9974211090,Female,1993-01-07,Coimbatore,Tamil Nadu,2023-07-06,Bronze
824,Ishaan,Kumar,ishaan.kumar824@outlook.com,9856971915,Male,1979-03-31,Pune,Maharashtra,2024-03-26,Silver
825,Pooja,Sharma,pooja.sharma825@gmail.com,9626699368,Female,1967-01-31,Kolkata,West Bengal,2023-04-01,Silver
826,Neha,Gupta,neha.gupta826@example.com,9069170489,Female,1974-11-12,Bengaluru,Karnataka,2024-06-18,Gold
827,Pooja,Naidu,pooja.naidu827@yahoo.com,9772869605,Male,1989-06-07,Mumbai,Maharashtra,2025-07-28,Gold
828,Vivaan,Naidu,vivaan.naidu828@outlook.com,9773188868,Female,2003-06-14,Chennai,Tamil Nadu,2024-06-11,Bronze
829,Meera,Kapoor,meera.kapoor829@yahoo.com,9474712248,Female,1984-10-26,Kolkata,West Bengal,2025-06-14,Silver
830,Vikram,Singh,vikram.singh830@gmail.com,9178661622,Female,1999-05-21,Chennai,Tamil Nadu,2025-06-29,Bronze
831,Sneha,Verma,sneha.verma831@yahoo.com,9869439680,Female,1996-02-06,Pune,Maharashtra,2022-06-12,Bronze
832,Karan,Bose,karan.bose832@gmail.com,9588715186,Female,1987-06-06,Mumbai,Maharashtra,2025-08-13,Bronze
833,Kavya,Gupta,kavya.gupta833@example.com,9177002058,Male,1997-02-24,Hyderabad,Telangana,2025-01-25,Bronze
834,Sneha,Chopra,sneha.chopra834@yahoo.com,9064846913,Other,1981-01-21,Pune,Maharashtra,2023-08-08,Bronze
835,Vivaan,Iyer,vivaan.iyer835@example.com,9216031674,Male,1982-09-12,Delhi,Delhi,2024-04-01,Bronze
836,Ramesh,Joshi,ramesh.joshi836@example.com,9441390711,Male,1994-06-15,Mumbai,Maharashtra,2024-04-24,Bronze
837,Manoj,Menon,manoj.menon837@gmail.com,9223896198,Male,1990-07-16,Delhi,Delhi,2024-12-12,Gold
838,Vivaan,Naidu,vivaan.naidu838@yahoo.com,9037006347,Female,1986-02-04,Lucknow,Uttar Pradesh,2025-01-04,Bronze
839,Vivaan,Iyer,vivaan.iyer839@gmail.com,9571022371,Other,1982-04-26,Hyderabad,Telangana,2022-05-21,Bronze
840,Divya,Mehta,divya.mehta840@gmail.com,9123115118,Female,2004-01-04,Mumbai,Maharashtra,2022-01-02,Platinum
841,Vikram,Shetty,vikram.shetty841@example.com,9000566603,Female,1967-08-18,Bengaluru,Karnataka,2022-12-04,Silver
842,Divya,Gupta,divya.gupta842@outlook.com,9663887797,Other,1967-03-16,Gurugram,Haryana,2023-12-23,Bronze
843,Meera,Joshi,meera.joshi843@yahoo.com,9533826534,Female,1984-02-24,Mumbai,Maharashtra,2025-03-08,Gold
844,Ananya,Nair,ananya.nair844@gmail.com,9070025289,Male,1966-05-16,Hyderabad,Telangana,2024-06-12,Bronze
845,Vikram,Chopra,vikram.chopra845@outlook.com,9390139576,Female,1978-08-18,Bengaluru,Karnataka,2022-07-06,Bronze
846,Tanvi,Patel,tanvi.patel846@outlook.com,9499476512,Male,1987-09-24,Ahmedabad,Gujarat,2024-09-08,Bronze
847,Arjun,Menon,arjun.menon847@gmail.com,9926962807,Male,1981-03-13,Hyderabad,Telangana,2023-10-03,Bronze
848,Priya,Kapoor,priya.kapoor848@gmail.com,9264535984,Male,1973-02-15,Delhi,Delhi,2023-05-20,Silver
849,Ananya,Joshi,ananya.joshi849@yahoo.com,9986505218,Male,1976-05-19,Mysuru,Karnataka,2024-11-22,Bronze
850,Ishaan,Kumar,ishaan.kumar850@outlook.com,9268577499,Female,1989-02-26,Kochi,Kerala,2023-02-09,Silver
851,Ananya,Nair,ananya.nair851@example.com,9381156573,Other,2003-01-12,Chennai,Tamil Nadu,2024-04-26,Silver
852,Neha,Singh,neha.singh852@yahoo.com,9890426422,Male,1996-03-27,Chennai,Tamil Nadu,2022-09-07,Platinum
853,Santosh,Bose,santosh.bose853@gmail.com,9311695919,Female,1986-11-19,Kolkata,West Bengal,2023-06-07,Bronze
854,Aditya,Reddy,aditya.reddy854@example.com,9570638788,Male,1970-07-10,Ahmedabad,Gujarat,2024-02-03,Bronze
855,Swathi,Joshi,swathi.joshi855@yahoo.com,9722868761,Male,1974-09-13,Chennai,Tamil Nadu,2024-05-03,Gold
856,Swathi,Kumar,swathi.kumar856@outlook.com,,Male,1982-08-12,Hyderabad,Telangana,2025-06-12,Silver
857,Santosh,Singh,santosh.singh857@gmail.com,9339000809,Male,1974-11-11,Delhi,Delhi,2023-02-02,Bronze
858,Harini,Chopra,harini.chopra858@gmail.com,9159127890,Male,1992-07-12,Kolkata,West Bengal,2025-05-11,Bronze
859,Priya,Gupta,priya.gupta859@gmail.com,9735991426,Male,1979-08-22,Hyderabad,Telangana,2025-01-22,Silver
860,Lakshmi,Patel,lakshmi.patel860@example.com,9831003924,Male,1998-05-02,Mumbai,Maharashtra,2023-05-08,Silver
861,Manoj,Das,manoj.das861@gmail.com,9662112046,Male,1975-10-03,Delhi,Delhi,2022-07-11,Silver
862,Pooja,Pillai,pooja.pillai862@example.com,9692680705,Female,1984-11-03,Delhi,Delhi,2022-12-20,Gold
863,Rohan,Kapoor,rohan.kapoor863@example.com,9845657814,Male,1993-07-24,Gurugram,Haryana,2024-06-19,Bronze
864,Pooja,Rao,pooja.rao864@outlook.com,9834792970,Male,1973-03-29,Mumbai,Maharashtra,2024-12-15,Bronze
865,Harini,Joshi,harini.joshi865@example.com,9832555083,Female,1995-06-10,Bengaluru,Karnataka,2024-04-18,Silver
866,Kiran,Pillai,kiran.pillai866@example.com,9156196960,Male,1988-06-01,Ahmedabad,Gujarat,2024-09-19,Gold
867,Kavya,Patel,kavya.patel867@outlook.com,9295105521,Female,1990-11-21,Kolkata,West Bengal,2022-05-20,Bronze
868,Rahul,Patel,rahul.patel868@example.com,9640025309,Male,1983-03-03,Gurugram,Haryana,2023-11-23,Silver
869,Deepak,Kumar,deepak.kumar869@outlook.com,9652796239,Female,2002-05-19,Bengaluru,Karnataka,2025-04-11,Bronze
870,Aditya,Rao,aditya.rao870@gmail.com,9021641952,Female,1995-11-10,Chennai,Tamil Nadu,2023-06-17,Bronze
871,Ishaan,Rao,ishaan.rao871@gmail.com,9961809320,Female,1972-09-05,Delhi,Delhi,2025-05-15,Gold
872,Pooja,Nair,pooja.nair872@yahoo.com,9956852752,Female,1987-03-18,Bengaluru,Karnataka,2022-06-19,Bronze
873,Kiran,Pillai,kiran.pillai873@yahoo.com,9882697180,Male,2001-02-08,Kochi,Kerala,2025-09-01,Bronze
874,Siddharth,Gupta,siddharth.gupta874@yahoo.com,9650728856,Male,1976-03-03,Hyderabad,Telangana,2024-12-10,Silver
875,Kavya,Kapoor,kavya.kapoor875@gmail.com,9086305980,Male,1986-06-12,Delhi,Delhi,2024-05-07,Bronze
876,Siddharth,Chopra,siddharth.chopra876@outlook.com,9703401867,Female,1995-02-27,Ahmedabad,Gujarat,2024-04-25,Bronze
877,Kavya,Shetty,kavya.shetty877@yahoo.com,9540572448,Male,1975-12-05,Hyderabad,Telangana,2025-07-05,Silver
878,Aarav,Rao,aarav.rao878@example.com,9112182328,Male,1985-09-12,Coimbatore,Tamil Nadu,2023-05-31,Bronze
879,Riya,Das,riya.das879@example.com,9647063310,Female,1987-02-08,Pune,Maharashtra,2022-08-14,Silver
880,Riya,Nair,riya.nair880@outlook.com,9689271758,Male,1972-02-06,Mumbai,Maharashtra,2025-06-11,Bronze
881,Siddharth,Gupta,siddharth.gupta881@example.com,9074557544,Male,1972-02-07,Hyderabad,Telangana,2022-05-21,Bronze
882,Rahul,Kapoor,rahul.kapoor882@yahoo.com,,Female,1987-07-05,Pune,Maharashtra,2024-06-22,Silver
883,Deepak,Gupta,deepak.gupta883@example.com,9805709735,Male,1972-02-24,Jaipur,Rajasthan,2022-12-31,Bronze
884,Rohan,Verma,rohan.verma884@example.com,9988979906,Female,2002-11-28,Hyderabad,Telangana,2025-06-26,Gold
885,Vivaan,Reddy,vivaan.reddy885@gmail.com,9341684637,Female,1985-12-09,Chennai,Tamil Nadu,2025-08-25,Gold
886,Vivaan,Menon,vivaan.menon886@outlook.com,9083580969,Female,1993-03-15,Hyderabad,Telangana,2023-10-12,Gold
887,Swathi,Rao,swathi.rao887@yahoo.com,9525595413,Male,1980-11-12,Hyderabad,Telangana,2024-01-01,Bronze
888,Ananya,Shetty,ananya.shetty888@yahoo.com,9533098218,Male,1976-12-11,Bengaluru,Karnataka,2023-09-15,Bronze
889,Arjun,Naidu,arjun.naidu889@yahoo.com,9885772527,Female,1984-06-12,Mysuru,Karnataka,2023-08-06,Gold
890,Swathi,Das,swathi.das890@example.com,9900210957,Female,1993-06-01,Delhi,Delhi,2025-07-07,Bronze
891,Ishaan,Menon,ishaan.menon891@example.com,,Female,1980-11-22,Madurai,Tamil Nadu,2023-01-29,Silver
892,Ananya,Bose,ananya.bose892@yahoo.com,9351808682,Male,1976-04-19,Kochi,Kerala,2025-08-06,Gold
893,Aarav,Sharma,aarav.sharma893@yahoo.com,9984211595,Male,1970-10-04,Chennai,Tamil Nadu,2024-06-09,Bronze
894,Santosh,Menon,santosh.menon894@outlook.com,9976798154,Male,1986-09-11,Bengaluru,Karnataka,2025-08-08,Bronze
895,Santosh,Kumar,santosh.kumar895@outlook.com,9828497381,Male,1992-03-03,Delhi,Delhi,2024-04-17,Silver
896,Deepak,Pillai,deepak.pillai896@yahoo.com,9053190522,Male,1986-01-19,Ahmedabad,Gujarat,2025-01-26,Silver
897,Rahul,Bose,rahul.bose897@yahoo.com,9236374743,Female,1975-03-11,Chennai,Tamil Nadu,2023-11-02,Bronze
898,Siddharth,Joshi,siddharth.joshi898@example.com,9564952030,Male,1974-11-21,Chennai,Tamil Nadu,2023-09-26,Silver
899,Naveen,Joshi,naveen.joshi899@yahoo.com,9032877518,Female,1980-01-28,Chennai,Tamil Nadu,2022-12-19,Silver
900,Lakshmi,Joshi,lakshmi.joshi900@yahoo.com,9446146659,Female,1978-11-28,Mumbai,Maharashtra,2022-10-15,Bronze
901,Vivaan,Menon,vivaan.menon901@yahoo.com,9900585259,Male,1973-02-23,Hyderabad,Telangana,2022-02-21,Bronze
902,Santosh,Reddy,santosh.reddy902@yahoo.com,,Female,2002-08-30,Chennai,Tamil Nadu,2023-06-09,Silver
903,Lakshmi,Patel,lakshmi.patel903@outlook.com,,Female,1978-03-08,Bengaluru,Karnataka,2025-09-14,Silver
904,Pooja,Chopra,pooja.chopra904@outlook.com,9958719515,Male,1975-01-07,Mumbai,Maharashtra,2025-07-08,Platinum
905,Tanvi,Rao,tanvi.rao905@gmail.com,9663924804,Male,1989-04-02,Kochi,Kerala,2024-08-02,Bronze
906,Aarav,Reddy,aarav.reddy906@example.com,9477734083,Female,1997-01-07,Pune,Maharashtra,2023-05-13,Gold
907,Aarav,Kapoor,,9467073417,Female,1983-07-30,Mumbai,Maharashtra,2023-12-14,Silver
908,Vivaan,Shetty,vivaan.shetty908@gmail.com,9411715691,Female,1991-09-05,Bengaluru,Karnataka,2024-11-01,Silver
909,Ishaan,Rao,ishaan.rao909@outlook.com,9218590701,Other,1968-10-19,Chennai,Tamil Nadu,2022-01-03,Bronze
910,Kiran,Reddy,kiran.reddy910@gmail.com,9433053974,Male,1986-04-17,Coimbatore,Tamil Nadu,2025-06-17,Bronze
911,Tanvi,Naidu,tanvi.naidu911@example.com,9754954577,Female,1967-08-31,Delhi,Delhi,2025-04-06,Bronze
912,Ramesh,Reddy,ramesh.reddy912@example.com,9516499099,Female,1970-07-01,Kolkata,West Bengal,2025-08-21,Bronze
913,Vikram,Mehta,vikram.mehta913@outlook.com,9942684928,Female,1988-08-31,Ahmedabad,Gujarat,2022-05-10,Bronze
914,Naveen,Kapoor,naveen.kapoor914@example.com,9089764812,Female,1973-03-06,Lucknow,Uttar Pradesh,2025-07-21,Gold
915,Rohan,Das,rohan.das915@yahoo.com,9125342342,Female,1966-06-19,Lucknow,Uttar Pradesh,2024-04-19,Bronze
916,Harini,Reddy,harini.reddy916@yahoo.com,9988047326,Female,1972-02-27,Kochi,Kerala,2024-01-30,Gold
917,Aarav,Verma,aarav.verma917@outlook.com,9064665509,Male,1995-11-23,Bengaluru,Karnataka,2022-09-03,Bronze
918,Aarav,Gupta,aarav.gupta918@yahoo.com,9099770953,Female,1988-06-16,Bengaluru,Karnataka,2023-11-05,Gold
919,Aditya,Joshi,aditya.joshi919@example.com,9653319627,Male,1980-04-06,Coimbatore,Tamil Nadu,2023-05-13,Bronze
920,Ramesh,Chopra,ramesh.chopra920@yahoo.com,9611218185,Female,2003-11-29,Mumbai,Maharashtra,2025-09-14,Silver
921,Rahul,Reddy,rahul.reddy921@yahoo.com,9181906358,Female,1980-06-02,Bengaluru,Karnataka,2023-04-11,Silver
922,Kavya,Nair,kavya.nair922@outlook.com,9720285745,Female,2000-01-25,Kolkata,West Bengal,2022-10-26,Gold
923,Meera,Chopra,meera.chopra923@gmail.com,9007233697,Male,1978-10-16,Pune,Maharashtra,2025-07-19,Bronze
924,Ramesh,Nair,ramesh.nair924@outlook.com,9685149733,Female,1966-01-04,Mumbai,Maharashtra,2022-09-14,Bronze
925,Ananya,Verma,ananya.verma925@example.com,9909683630,Male,1969-05-29,Mysuru,Karnataka,2025-05-23,Gold
926,Aarav,Kumar,aarav.kumar926@example.com,9492199899,Male,1975-12-11,Chennai,Tamil Nadu,2025-08-11,Bronze
927,Diya,Menon,diya.menon927@gmail.com,9997343562,Male,1972-06-16,Mysuru,Karnataka,2023-02-25,Silver
928,Vikram,Reddy,vikram.reddy928@gmail.com,9069805546,Female,1971-04-15,Kolkata,West Bengal,2024-08-01,Bronze
929,Manoj,Reddy,manoj.reddy929@gmail.com,9499645938,Male,1980-04-28,Mumbai,Maharashtra,2024-12-26,Bronze
930,Deepak,Reddy,deepak.reddy930@example.com,9507259760,Other,2004-01-01,Delhi,Delhi,2024-01-05,Silver
931,Aditya,Singh,aditya.singh931@yahoo.com,9830913168,Male,1973-01-06,Coimbatore,Tamil Nadu,2024-08-12,Silver
932,Ramesh,Sharma,ramesh.sharma932@gmail.com,9589812268,Female,1974-06-02,Hyderabad,Telangana,2022-06-30,Silver
933,Aditya,Sharma,aditya.sharma933@outlook.com,9361573147,Female,2004-10-13,Hyderabad,Telangana,2023-12-08,Bronze
934,Sneha,Gupta,sneha.gupta934@example.com,9966498985,Female,1973-01-18,Delhi,Delhi,2023-12-04,Silver
935,Diya,Sharma,diya.sharma935@gmail.com,9966618368,Female,1998-03-09,Delhi,Delhi,2024-02-15,Platinum
936,Siddharth,Singh,siddharth.singh936@gmail.com,9139365854,Female,1989-10-26,Chennai,Tamil Nadu,2025-07-16,Bronze
937,Meera,Menon,meera.menon937@gmail.com,9045677402,Female,2002-01-31,Jaipur,Rajasthan,2025-02-03,Bronze
938,Siddharth,Sharma,siddharth.sharma938@gmail.com,9497891052,Female,1987-03-27,Bengaluru,Karnataka,2024-04-05,Bronze
939,Ramesh,Rao,ramesh.rao939@gmail.com,9840230358,Male,1988-09-21,Ahmedabad,Gujarat,2023-07-07,Silver
940,Kiran,Rao,kiran.rao940@gmail.com,9604735914,Male,1974-01-11,Bengaluru,Karnataka,2023-07-08,Bronze
941,Lakshmi,Menon,lakshmi.menon941@outlook.com,9678248886,Female,1987-12-25,Chennai,Tamil Nadu,2022-01-28,Silver
942,Kavya,Rao,kavya.rao942@gmail.com,9236265437,Female,1991-10-19,Kolkata,West Bengal,2024-01-25,Bronze
943,Neha,Bose,neha.bose943@outlook.com,9433469319,Female,2004-06-13,Chennai,Tamil Nadu,2022-12-12,Silver
944,Kavya,Verma,kavya.verma944@yahoo.com,9191391161,Female,1968-11-17,Hyderabad,Telangana,2025-04-28,Gold
945,Ramesh,Nair,ramesh.nair945@outlook.com,9069795695,Male,1971-04-08,Hyderabad,Telangana,2024-11-25,Bronze
946,Pooja,Singh,pooja.singh946@outlook.com,9026864368,Female,1965-10-10,Chennai,Tamil Nadu,2025-06-03,Bronze
947,Meera,Joshi,meera.joshi947@outlook.com,9254240514,Female,1996-08-06,Delhi,Delhi,2025-09-25,Bronze
948,Priya,Kapoor,priya.kapoor948@example.com,9812799129,Female,1968-04-18,Kolkata,West Bengal,2023-07-02,Bronze
949,Diya,Naidu,diya.naidu949@gmail.com,9580120883,Female,2001-08-06,Kolkata,West Bengal,2023-08-10,Bronze
950,Pooja,Menon,pooja.menon950@outlook.com,9012785997,Female,1979-08-03,Madurai,Tamil Nadu,2024-04-12,Gold
951,Santosh,Mehta,santosh.mehta951@yahoo.com,9089557536,Female,1976-07-11,Mumbai,Maharashtra,2023-08-13,Bronze
952,Priya,Mehta,priya.mehta952@outlook.com,9716151964,Female,2003-12-23,Chennai,Tamil Nadu,2023-01-18,Bronze
953,Lakshmi,Verma,lakshmi.verma953@gmail.com,9561572431,Male,1993-10-18,Chennai,Tamil Nadu,2024-08-26,Bronze
954,Lakshmi,Kumar,lakshmi.kumar954@yahoo.com,9953361528,Female,1986-11-16,Mysuru,Karnataka,2023-09-10,Bronze
955,Priya,Das,priya.das955@example.com,9771043773,Female,2000-07-14,Jaipur,Rajasthan,2025-07-13,Gold
956,Harini,Reddy,harini.reddy956@example.com,9135232069,Male,1995-03-04,Ahmedabad,Gujarat,2022-10-29,Bronze
957,Rohan,Pillai,rohan.pillai957@yahoo.com,9996702799,Male,1990-06-26,Delhi,Delhi,2023-08-31,Bronze
958,Harini,Bose,harini.bose958@gmail.com,9619307136,Female,1977-11-07,Mumbai,Maharashtra,2023-12-29,Bronze
959,Vikram,Singh,vikram.singh959@outlook.com,9991183056,Male,2004-06-02,Mumbai,Maharashtra,2025-05-27,Platinum
960,Pooja,Naidu,pooja.naidu960@yahoo.com,9947594698,Female,1993-10-03,Mumbai,Maharashtra,2024-03-02,Gold
961,Vikram,Iyer,vikram.iyer961@yahoo.com,9455127064,Male,2002-10-20,Mumbai,Maharashtra,2022-04-05,Bronze
962,Kavya,Naidu,kavya.naidu962@gmail.com,9482779853,Male,2003-08-16,Hyderabad,Telangana,2023-04-08,Silver
963,Ananya,Pillai,ananya.pillai963@yahoo.com,9792341317,Female,1986-12-16,Bengaluru,Karnataka,2025-04-28,Silver
964,Manoj,Reddy,manoj.reddy964@gmail.com,9460576715,Male,1979-04-21,Bengaluru,Karnataka,2023-01-08,Silver
965,Aditya,Joshi,aditya.joshi965@gmail.com,9486904706,Male,2002-11-11,Kochi,Kerala,2023-04-12,Bronze
966,Divya,Singh,divya.singh966@outlook.com,9206443666,Female,2004-12-08,Mumbai,Maharashtra,2022-07-26,Silver
967,Harini,Pillai,harini.pillai967@example.com,9760192439,Female,1969-11-16,Kochi,Kerala,2024-09-11,Silver
968,Pooja,Nair,pooja.nair968@gmail.com,9846569615,Male,1990-07-09,Mysuru,Karnataka,2022-07-11,Bronze
969,Pooja,Reddy,pooja.reddy969@gmail.com,9803271609,Female,1989-01-30,Mumbai,Maharashtra,2023-05-19,Bronze
970,Santosh,Singh,santosh.singh970@gmail.com,9347319141,Female,1994-12-04,Chennai,Tamil Nadu,2024-08-31,Bronze
971,Rohan,Nair,rohan.nair971@outlook.com,9629260128,Female,2003-12-29,Chennai,Tamil Nadu,2025-05-10,Bronze
972,Deepak,Singh,deepak.singh972@example.com,9963323462,Male,1975-01-30,Bengaluru,Karnataka,2022-10-31,Bronze
973,Karan,Rao,karan.rao973@yahoo.com,,Male,2004-01-02,Bengaluru,Karnataka,2023-03-31,Gold
974,Santosh,Rao,santosh.rao974@gmail.com,9792748397,Female,1990-09-16,Ahmedabad,Gujarat,2022-06-11,Gold
975,Siddharth,Menon,siddharth.menon975@gmail.com,9700643844,Female,1968-04-19,Coimbatore,Tamil Nadu,2023-08-23,Bronze
976,Deepak,Nair,deepak.nair976@outlook.com,9393260552,Male,1985-06-05,Pune,Maharashtra,2025-09-29,Bronze
977,Ramesh,Reddy,ramesh.reddy977@yahoo.com,9709814163,Female,1970-05-03,Hyderabad,Telangana,2023-02-21,Silver
978,Karan,Naidu,karan.naidu978@yahoo.com,9496864005,Male,2003-03-26,Hyderabad,Telangana,2022-12-22,Bronze
979,Sneha,Patel,sneha.patel979@gmail.com,9558067624,Female,1995-07-05,Mumbai,Maharashtra,2023-07-02,Bronze
980,Meera,Iyer,meera.iyer980@example.com,9018686286,Female,2001-03-01,Chennai,Tamil Nadu,2025-05-11,Gold
981,Vikram,Kumar,vikram.kumar981@yahoo.com,9107704978,Female,1989-01-31,Lucknow,Uttar Pradesh,2024-01-19,Bronze
982,Riya,Sharma,riya.sharma982@outlook.com,9313686051,Female,1980-11-09,Gurugram,Haryana,2024-04-13,Bronze
983,Kiran,Singh,kiran.singh983@outlook.com,9645560955,Male,1982-02-15,Delhi,Delhi,2024-12-04,Silver
984,Aarav,Kapoor,aarav.kapoor984@gmail.com,9316396405,Female,2002-11-07,Hyderabad,Telangana,2024-09-05,Silver
985,Naveen,Patel,naveen.patel985@gmail.com,9846147484,Male,1971-01-22,Mysuru,Karnataka,2024-03-30,Bronze
986,Divya,Chopra,divya.chopra986@example.com,9869543691,Female,2000-05-15,Jaipur,Rajasthan,2024-02-07,Silver
987,Neha,Kumar,neha.kumar987@example.com,9997582688,Female,1981-11-14,Madurai,Tamil Nadu,2024-01-01,Gold
988,Sneha,Gupta,sneha.gupta988@yahoo.com,9539676845,Male,1988-08-07,Bengaluru,Karnataka,2022-09-05,Bronze
989,Diya,Joshi,diya.joshi989@gmail.com,9852731308,Male,1991-08-31,Madurai,Tamil Nadu,2023-07-22,Silver
990,Arjun,Menon,arjun.menon990@yahoo.com,9929791092,Male,1968-04-13,Gurugram,Haryana,2025-03-05,Bronze
991,Riya,Singh,riya.singh991@example.com,9593074035,Male,1970-12-11,Pune,Maharashtra,2022-02-23,Bronze
992,Lakshmi,Reddy,lakshmi.reddy992@outlook.com,9825122561,Male,1971-06-06,Delhi,Delhi,2025-02-07,Bronze
993,Karan,Naidu,karan.naidu993@gmail.com,9072606945,Female,1996-02-16,Gurugram,Haryana,2024-02-14,Bronze
994,Manoj,Nair,manoj.nair994@outlook.com,9220491484,Female,1968-01-28,Chennai,Tamil Nadu,2023-04-24,Bronze
995,Deepak,Shetty,deepak.shetty995@gmail.com,9736957601,Female,1989-06-03,Jaipur,Rajasthan,2022-06-06,Gold
996,Deepak,Kumar,deepak.kumar996@yahoo.com,9634479907,Female,1969-04-26,Hyderabad,Telangana,2024-11-11,Bronze
997,Ananya,Shetty,ananya.shetty997@yahoo.com,9784543260,Female,1995-09-11,Pune,Maharashtra,2022-01-01,Gold
998,Diya,Gupta,diya.gupta998@yahoo.com,9782258142,Male,2004-01-20,Bengaluru,Karnataka,2024-01-14,Bronze
999,Priya,Menon,priya.menon999@outlook.com,9880118931,Female,1981-07-20,Lucknow,Uttar Pradesh,2022-08-11,Gold
1000,Divya,Rao,divya.rao1000@gmail.com,9689479842,Female,1973-06-25,Chennai,Tamil Nadu,2025-05-29,Bronze
1001,Harini,Singh,harini.singh1001@example.com,9339787476,Female,1982-10-14,Bengaluru,Karnataka,2022-09-07,Bronze
1002,Priya,Reddy,priya.reddy1002@outlook.com,9732129915,Female,1992-08-13,Hyderabad,Telangana,2025-01-04,Silver
1003,Kiran,Das,kiran.das1003@yahoo.com,9976539088,Female,1994-01-28,Bengaluru,Karnataka,2024-02-25,Silver
1004,Riya,Joshi,riya.joshi1004@example.com,9258430428,Female,1990-06-12,Mysuru,Karnataka,2022-02-26,Bronze
1005,Diya,Patel,diya.patel1005@yahoo.com,9832246197,Female,1988-04-07,Pune,Maharashtra,2024-09-12,Bronze
1006,Aarav,Pillai,aarav.pillai1006@yahoo.com,9137550467,Male,1990-03-25,Hyderabad,Telangana,2025-04-18,Silver
1007,Sneha,Rao,sneha.rao1007@gmail.com,9452767698,Female,1973-09-09,Jaipur,Rajasthan,2022-10-31,Silver
1008,Tanvi,Nair,tanvi.nair1008@example.com,9830078670,Male,1973-04-06,Coimbatore,Tamil Nadu,2025-08-18,Bronze
1009,Kiran,Naidu,kiran.naidu1009@example.com,9561731645,Male,2002-03-18,Delhi,Delhi,2024-12-28,Silver
1010,Manoj,Sharma,manoj.sharma1010@gmail.com,9564884127,Female,1988-02-28,Hyderabad,Telangana,2024-10-13,Bronze
1011,Aarav,Joshi,aarav.joshi1011@example.com,9276415618,Male,1999-06-05,Pune,Maharashtra,2023-04-06,Bronze
1012,Riya,Mehta,riya.mehta1012@example.com,9145723836,Other,1990-01-02,Mumbai,Maharashtra,2022-06-14,Silver
1013,Deepak,Joshi,deepak.joshi1013@yahoo.com,9305328725,Male,1983-03-15,Mumbai,Maharashtra,2023-08-11,Platinum
1014,Meera,Pillai,meera.pillai1014@example.com,9700599474,Female,1987-10-20,Kochi,Kerala,2025-01-10,Bronze
1015,Priya,Joshi,priya.joshi1015@outlook.com,9958397708,Male,1992-08-25,Madurai,Tamil Nadu,2024-03-14,Bronze
1016,Lakshmi,Joshi,lakshmi.joshi1016@outlook.com,9191863830,Female,1972-06-10,Chennai,Tamil Nadu,2024-06-05,Bronze
1017,Sneha,Bose,sneha.bose1017@gmail.com,9083800916,Male,1983-06-22,Pune,Maharashtra,2024-12-05,Silver
1018,Santosh,Chopra,santosh.chopra1018@gmail.com,9351275594,Male,1993-11-26,Kolkata,West Bengal,2023-04-09,Bronze
1019,Kavya,Bose,,9874238361,Male,1968-06-24,Bengaluru,Karnataka,2022-02-21,Bronze
1020,Vikram,Mehta,vikram.mehta1020@yahoo.com,9395827994,Female,1967-12-06,Hyderabad,Telangana,2025-04-25,Bronze
1021,Neha,Reddy,neha.reddy1021@example.com,9688905771,Other,1971-05-27,Ahmedabad,Gujarat,2024-04-19,Gold
1022,Naveen,Reddy,,9510192428,Other,1988-08-19,Delhi,Delhi,2024-02-14,Bronze
1023,Sneha,Rao,sneha.rao1023@example.com,9868194418,Male,1974-07-14,Lucknow,Uttar Pradesh,2024-02-24,Silver
1024,Manoj,Das,manoj.das1024@outlook.com,9187707934,Female,1982-06-10,Mumbai,Maharashtra,2025-03-13,Bronze
1025,Arjun,Verma,arjun.verma1025@example.com,9146270652,Male,1970-05-08,Pune,Maharashtra,2024-11-19,Bronze
1026,Kiran,Reddy,kiran.reddy1026@example.com,9326651284,Female,1975-01-03,Coimbatore,Tamil Nadu,2024-07-06,Bronze
1027,Rahul,Shetty,rahul.shetty1027@example.com,9439277202,Female,1965-09-17,Jaipur,Rajasthan,2024-12-06,Bronze
1028,Kiran,Chopra,kiran.chopra1028@yahoo.com,9275449908,Male,1997-04-10,Hyderabad,Telangana,2023-01-30,Bronze
1029,Kavya,Pillai,kavya.pillai1029@outlook.com,9379564003,Female,1983-08-26,Delhi,Delhi,2024-09-01,Bronze
1030,Harini,Nair,harini.nair1030@gmail.com,9834534687,Female,1972-01-13,Hyderabad,Telangana,2025-08-27,Bronze
1031,Swathi,Verma,swathi.verma1031@yahoo.com,9856119614,Male,1986-01-13,Mumbai,Maharashtra,2022-11-18,Bronze
1032,Deepak,Patel,deepak.patel1032@yahoo.com,9904893974,Male,2002-04-18,Delhi,Delhi,2024-02-21,Bronze
1033,Harini,Kapoor,harini.kapoor1033@yahoo.com,9782070737,Male,1997-12-21,Mumbai,Maharashtra,2024-07-21,Bronze
1034,Sneha,Das,sneha.das1034@outlook.com,9600650928,Male,2000-05-11,Ahmedabad,Gujarat,2023-12-09,Bronze
1035,Divya,Pillai,divya.pillai1035@gmail.com,9125561224,Male,1981-03-25,Hyderabad,Telangana,2025-08-19,Bronze
1036,Rohan,Kumar,rohan.kumar1036@outlook.com,,Female,1979-06-01,Pune,Maharashtra,2023-07-07,Silver
1037,Aditya,Kumar,aditya.kumar1037@yahoo.com,9746091046,Male,1977-08-22,Madurai,Tamil Nadu,2022-10-26,Gold
1038,Pooja,Rao,pooja.rao1038@gmail.com,9218872564,Female,1977-03-14,Hyderabad,Telangana,2022-07-06,Silver
1039,Lakshmi,Shetty,lakshmi.shetty1039@outlook.com,9189178506,Female,2001-10-06,Hyderabad,Telangana,2025-03-08,Bronze
1040,Deepak,Mehta,deepak.mehta1040@example.com,9921285058,Female,1970-07-01,Bengaluru,Karnataka,2024-07-28,Platinum
1041,Neha,Menon,neha.menon1041@outlook.com,9152047611,Female,1999-01-14,Bengaluru,Karnataka,2024-03-02,Platinum
1042,Neha,Naidu,neha.naidu1042@gmail.com,9533475814,Male,2001-08-18,Pune,Maharashtra,2023-08-13,Bronze
1043,Sneha,Gupta,sneha.gupta1043@outlook.com,9575986335,Male,1998-09-28,Pune,Maharashtra,2023-07-16,Bronze
1044,Swathi,Bose,swathi.bose1044@outlook.com,9402849298,Male,1990-01-31,Pune,Maharashtra,2025-07-03,Silver
1045,Divya,Das,divya.das1045@outlook.com,9369691103,Female,1999-03-16,Bengaluru,Karnataka,2024-07-20,Platinum
1046,Arjun,Kapoor,arjun.kapoor1046@yahoo.com,9795495502,Female,1966-04-10,Coimbatore,Tamil Nadu,2025-08-14,Silver
1047,Riya,Kumar,riya.kumar1047@gmail.com,9664760862,Male,1997-09-02,Chennai,Tamil Nadu,2025-01-02,Silver
1048,Diya,Rao,diya.rao1048@gmail.com,9292002647,Male,1985-06-05,Delhi,Delhi,2024-11-16,Silver
1049,Ramesh,Singh,ramesh.singh1049@yahoo.com,9224757044,Female,2003-04-25,Kolkata,West Bengal,2024-01-28,Platinum
1050,Neha,Rao,neha.rao1050@outlook.com,9032412918,Male,1968-06-06,Chennai,Tamil Nadu,2022-11-28,Bronze
1051,Kiran,Singh,kiran.singh1051@outlook.com,9504522709,Other,2002-03-06,Pune,Maharashtra,2024-06-13,Bronze
1052,Priya,Rao,priya.rao1052@outlook.com,9331828304,Male,1987-12-08,Bengaluru,Karnataka,2024-09-07,Gold
1053,Santosh,Pillai,santosh.pillai1053@yahoo.com,9549573145,Male,1969-02-25,Chennai,Tamil Nadu,2023-12-16,Bronze
1054,Arjun,Mehta,arjun.mehta1054@yahoo.com,9479002501,Male,1985-05-06,Bengaluru,Karnataka,2022-01-28,Bronze
1055,Harini,Mehta,harini.mehta1055@gmail.com,9438587498,Male,1966-06-26,Chennai,Tamil Nadu,2025-08-07,Bronze
1056,Ishaan,Singh,ishaan.singh1056@example.com,9482277275,Male,1968-04-24,Pune,Maharashtra,2025-02-05,Bronze
1057,Diya,Chopra,diya.chopra1057@yahoo.com,9581425116,Female,1986-04-03,Ahmedabad,Gujarat,2023-04-28,Bronze
1058,Divya,Menon,divya.menon1058@outlook.com,9049919315,Male,1997-08-12,Chennai,Tamil Nadu,2023-11-07,Silver
1059,Kiran,Das,kiran.das1059@yahoo.com,9434021945,Female,1969-04-29,Mumbai,Maharashtra,2022-06-18,Bronze
1060,Meera,Sharma,meera.sharma1060@yahoo.com,9487633992,Male,1975-06-27,Delhi,Delhi,2025-07-06,Silver
1061,Meera,Iyer,meera.iyer1061@gmail.com,9337988338,Male,1980-08-23,Kochi,Kerala,2022-11-12,Bronze
1062,Vivaan,Sharma,vivaan.sharma1062@example.com,9328408235,Male,1986-08-24,Pune,Maharashtra,2023-06-02,Gold
1063,Kiran,Kapoor,kiran.kapoor1063@gmail.com,9286524297,Male,1965-01-11,Chennai,Tamil Nadu,2023-08-10,Silver
1064,Aarav,Kapoor,aarav.kapoor1064@example.com,9157511755,Male,1990-07-18,Pune,Maharashtra,2022-12-27,Platinum
1065,Aarav,Verma,aarav.verma1065@gmail.com,9224548142,Male,1984-11-25,Coimbatore,Tamil Nadu,2024-05-18,Bronze
1066,Meera,Sharma,meera.sharma1066@gmail.com,9040363624,Female,2003-06-20,Kochi,Kerala,2025-09-24,Bronze
1067,Aarav,Pillai,,9825733602,Female,1977-01-17,Hyderabad,Telangana,2025-03-16,Silver
1068,Ishaan,Das,ishaan.das1068@example.com,9425696572,Female,1984-09-27,Delhi,Delhi,2023-12-28,Gold
1069,Sneha,Singh,sneha.singh1069@example.com,9481229338,Male,1968-04-06,Bengaluru,Karnataka,2022-06-29,Bronze
1070,Manoj,Rao,manoj.rao1070@example.com,9908780038,Female,2001-09-01,Hyderabad,Telangana,2025-03-27,Silver
1071,Vikram,Reddy,vikram.reddy1071@yahoo.com,9472384761,Female,1998-05-02,Kolkata,West Bengal,2022-12-18,Silver
1072,Ramesh,Nair,ramesh.nair1072@gmail.com,9997442631,Male,1979-03-09,Pune,Maharashtra,2025-06-01,Bronze
1073,Sneha,Gupta,sneha.gupta1073@outlook.com,9048786878,Male,1983-05-30,Hyderabad,Telangana,2023-06-26,Silver
1074,Karan,Kapoor,karan.kapoor1074@outlook.com,9503870069,Female,1999-04-11,Jaipur,Rajasthan,2023-12-11,Bronze
1075,Manoj,Pillai,manoj.pillai1075@outlook.com,9790818955,Female,1976-10-22,Kolkata,West Bengal,2023-08-21,Bronze
1076,Riya,Nair,riya.nair1076@gmail.com,,Male,1974-06-06,Coimbatore,Tamil Nadu,2023-09-16,Gold
1077,Lakshmi,Menon,lakshmi.menon1077@gmail.com,9983548649,Male,1974-09-03,Mumbai,Maharashtra,2022-08-14,Bronze
1078,Ishaan,Kapoor,ishaan.kapoor1078@outlook.com,9649443220,Other,1993-04-13,Mumbai,Maharashtra,2024-01-27,Silver
1079,Karan,Shetty,karan.shetty1079@example.com,9759606106,Male,1973-06-09,Pune,Maharashtra,2023-07-06,Silver
1080,Siddharth,Pillai,siddharth.pillai1080@example.com,9048263110,Female,1968-07-17,Madurai,Tamil Nadu,2025-03-06,Platinum
1081,Ananya,Iyer,ananya.iyer1081@outlook.com,9118837262,Female,1971-08-13,Chennai,Tamil Nadu,2023-10-16,Bronze
1082,Swathi,Reddy,swathi.reddy1082@yahoo.com,9638830324,Female,2004-06-01,Ahmedabad,Gujarat,2025-08-13,Bronze
1083,Manoj,Reddy,manoj.reddy1083@yahoo.com,9590515685,Female,1999-11-22,Jaipur,Rajasthan,2023-02-11,Bronze
1084,Pooja,Nair,pooja.nair1084@outlook.com,9194462901,Male,2003-02-18,Kolkata,West Bengal,2023-03-26,Silver
1085,Pooja,Nair,pooja.nair1085@outlook.com,9948997666,Female,1976-02-01,Kochi,Kerala,2022-02-20,Bronze
1086,Swathi,Singh,swathi.singh1086@gmail.com,9281437228,Female,1982-09-05,Delhi,Delhi,2024-10-08,Silver
1087,Kavya,Menon,kavya.menon1087@yahoo.com,9478831937,Female,1984-08-14,Delhi,Delhi,2022-04-11,Bronze
1088,Karan,Gupta,karan.gupta1088@outlook.com,9741413351,Male,1985-12-11,Delhi,Delhi,2023-01-26,Bronze
1089,Ishaan,Mehta,ishaan.mehta1089@example.com,9809348606,Male,1966-01-27,Mumbai,Maharashtra,2025-05-31,Gold
1090,Siddharth,Reddy,siddharth.reddy1090@example.com,9595951590,Male,1988-11-23,Hyderabad,Telangana,2024-04-16,Gold
1091,Tanvi,Nair,tanvi.nair1091@example.com,9308579849,Male,1966-07-21,Chennai,Tamil Nadu,2024-02-04,Bronze
1092,Meera,Shetty,meera.shetty1092@gmail.com,9499276715,Female,1975-12-30,Pune,Maharashtra,2025-01-06,Silver
1093,Priya,Menon,priya.menon1093@yahoo.com,9188516470,Female,1976-09-08,Chennai,Tamil Nadu,2024-11-22,Bronze
1094,Meera,Reddy,meera.reddy1094@outlook.com,9439299512,Female,1991-12-18,Chennai,Tamil Nadu,2025-04-28,Silver
1095,Kiran,Bose,kiran.bose1095@example.com,9077375801,Female,2000-11-01,Mumbai,Maharashtra,2024-06-29,Bronze
1096,Kiran,Bose,kiran.bose1096@yahoo.com,9839804718,Male,1992-12-04,Hyderabad,Telangana,2023-09-07,Bronze
1097,Ishaan,Shetty,ishaan.shetty1097@example.com,9015263281,Male,1982-05-29,Chennai,Tamil Nadu,2022-06-28,Bronze
1098,Arjun,Nair,arjun.nair1098@outlook.com,9411224410,Male,1985-12-28,Gurugram,Haryana,2023-05-22,Bronze
1099,Rahul,Rao,rahul.rao1099@outlook.com,9069007771,Male,1985-06-26,Kolkata,West Bengal,2024-08-23,Silver
1100,Divya,Shetty,divya.shetty1100@outlook.com,9861167755,Male,1970-11-28,Mysuru,Karnataka,2022-12-13,Bronze
1101,Kavya,Bose,kavya.bose1101@example.com,9613086749,Male,2003-04-08,Bengaluru,Karnataka,2024-07-07,Bronze
1102,Divya,Reddy,divya.reddy1102@outlook.com,9968672916,Male,2001-09-29,Madurai,Tamil Nadu,2022-07-02,Bronze
1103,Tanvi,Kapoor,tanvi.kapoor1103@outlook.com,9607058135,Female,1974-08-06,Gurugram,Haryana,2022-03-24,Bronze
1104,Pooja,Mehta,pooja.mehta1104@yahoo.com,9931118748,Male,1969-08-07,Kolkata,West Bengal,2023-05-15,Silver
1105,Vikram,Kumar,vikram.kumar1105@yahoo.com,9980073163,Male,1971-08-07,Bengaluru,Karnataka,2022-11-11,Bronze
1106,Ananya,Menon,ananya.menon1106@outlook.com,9952962157,Male,1990-02-24,Delhi,Delhi,2025-04-08,Silver
1107,Ishaan,Pillai,ishaan.pillai1107@example.com,9814960964,Female,1966-03-06,Bengaluru,Karnataka,2023-06-02,Gold
1108,Neha,Iyer,neha.iyer1108@outlook.com,9762722506,Female,1969-02-14,Hyderabad,Telangana,2023-07-28,Bronze
1109,Vikram,Das,vikram.das1109@example.com,9571541498,Male,1990-12-01,Lucknow,Uttar Pradesh,2023-07-07,Gold
1110,Vikram,Bose,vikram.bose1110@outlook.com,9185095901,Male,1970-11-04,Chennai,Tamil Nadu,2023-03-11,Bronze
1111,Vivaan,Das,vivaan.das1111@yahoo.com,9925693777,Female,1967-10-02,Mysuru,Karnataka,2025-06-10,Bronze
1112,Ramesh,Patel,ramesh.patel1112@outlook.com,9502541647,Female,1965-10-27,Hyderabad,Telangana,2024-10-08,Bronze
1113,Naveen,Verma,naveen.verma1113@outlook.com,9531153762,Female,1993-03-19,Pune,Maharashtra,2022-08-06,Bronze
1114,Meera,Das,meera.das1114@example.com,9758991508,Female,1979-07-12,Jaipur,Rajasthan,2022-10-23,Bronze
1115,Pooja,Chopra,pooja.chopra1115@yahoo.com,9726555974,Female,1976-05-16,Lucknow,Uttar Pradesh,2022-04-21,Bronze
1116,Harini,Das,harini.das1116@gmail.com,9712180889,Female,1990-07-26,Bengaluru,Karnataka,2022-12-17,Gold
1117,Neha,Shetty,neha.shetty1117@gmail.com,9748987768,Male,1971-10-26,Bengaluru,Karnataka,2024-06-17,Bronze
1118,Sneha,Rao,sneha.rao1118@gmail.com,9458271509,Female,1985-11-06,Gurugram,Haryana,2025-07-05,Gold
1119,Priya,Das,priya.das1119@outlook.com,9821693944,Male,1984-05-05,Chennai,Tamil Nadu,2023-10-22,Bronze
1120,Neha,Verma,neha.verma1120@example.com,9323132030,Female,1991-12-19,Ahmedabad,Gujarat,2022-04-22,Silver
1121,Neha,Menon,neha.menon1121@outlook.com,9170360700,Male,1989-12-10,Pune,Maharashtra,2022-03-06,Bronze
1122,Manoj,Nair,manoj.nair1122@gmail.com,9180096503,Male,1991-12-26,Bengaluru,Karnataka,2023-07-22,Bronze
1123,Sneha,Chopra,sneha.chopra1123@yahoo.com,9555197293,Female,1973-07-09,Kolkata,West Bengal,2022-12-29,Bronze
1124,Neha,Nair,neha.nair1124@example.com,9181062111,Female,1970-08-09,Chennai,Tamil Nadu,2024-02-29,Gold
1125,Aditya,Naidu,,9968652985,Male,1986-05-04,Hyderabad,Telangana,2022-06-11,Gold
1126,Harini,Singh,harini.singh1126@outlook.com,9173278606,Other,1967-04-18,Mumbai,Maharashtra,2022-11-12,Bronze
1127,Swathi,Mehta,swathi.mehta1127@yahoo.com,9962628851,Male,1983-02-28,Mumbai,Maharashtra,2024-01-31,Silver
1128,Rohan,Iyer,rohan.iyer1128@example.com,9417628792,Male,1989-12-31,Delhi,Delhi,2023-01-20,Silver
1129,Vikram,Reddy,vikram.reddy1129@outlook.com,9142746109,Female,1997-10-26,Pune,Maharashtra,2023-05-15,Silver
1130,Kiran,Naidu,kiran.naidu1130@outlook.com,9418193420,Male,1991-02-11,Lucknow,Uttar Pradesh,2022-10-31,Bronze
1131,Siddharth,Patel,siddharth.patel1131@outlook.com,9434460389,Male,2004-10-05,Lucknow,Uttar Pradesh,2022-03-12,Silver
1132,Lakshmi,Das,lakshmi.das1132@example.com,9534739065,Female,1987-04-03,Mumbai,Maharashtra,2023-04-18,Silver
1133,Ramesh,Shetty,ramesh.shetty1133@outlook.com,9441336545,Male,1982-11-02,Bengaluru,Karnataka,2023-03-28,Bronze
1134,Divya,Rao,divya.rao1134@outlook.com,9508837308,Male,1974-10-29,Delhi,Delhi,2025-05-15,Bronze
1135,Aarav,Sharma,aarav.sharma1135@example.com,9235428356,Male,1991-11-28,Kochi,Kerala,2025-05-07,Bronze
1136,Meera,Gupta,meera.gupta1136@outlook.com,9944942031,Female,1997-05-30,Coimbatore,Tamil Nadu,2023-08-14,Gold
1137,Pooja,Gupta,pooja.gupta1137@outlook.com,9355144027,Male,1977-10-31,Hyderabad,Telangana,2023-01-30,Bronze
1138,Divya,Patel,divya.patel1138@yahoo.com,9034167327,Male,1968-01-11,Hyderabad,Telangana,2023-07-27,Bronze
1139,Karan,Reddy,karan.reddy1139@yahoo.com,,Female,1965-06-03,Bengaluru,Karnataka,2024-04-12,Bronze
1140,Siddharth,Das,siddharth.das1140@gmail.com,9474988551,Male,1990-04-11,Pune,Maharashtra,2023-06-14,Gold
1141,Rohan,Gupta,rohan.gupta1141@outlook.com,9615147362,Male,1991-07-04,Hyderabad,Telangana,2024-11-01,Silver
1142,Deepak,Patel,deepak.patel1142@yahoo.com,9211318728,Female,1969-10-25,Gurugram,Haryana,2025-08-12,Bronze
1143,Kiran,Mehta,kiran.mehta1143@example.com,9356702358,Female,1965-11-27,Kolkata,West Bengal,2023-07-07,Bronze
1144,Ishaan,Singh,ishaan.singh1144@example.com,9440546850,Male,1991-02-28,Kolkata,West Bengal,2022-06-10,Silver
1145,Karan,Reddy,karan.reddy1145@example.com,9844857849,Female,1980-11-25,Hyderabad,Telangana,2022-06-15,Bronze
1146,Siddharth,Kumar,siddharth.kumar1146@yahoo.com,9188010291,Female,1981-09-12,Coimbatore,Tamil Nadu,2025-04-08,Bronze
1147,Swathi,Naidu,swathi.naidu1147@outlook.com,9043668440,Male,1975-06-30,Delhi,Delhi,2023-07-24,Platinum
1148,Kavya,Das,kavya.das1148@example.com,9925866171,Female,1993-09-15,Gurugram,Haryana,2023-03-24,Bronze
1149,Vikram,Menon,vikram.menon1149@outlook.com,9654772341,Female,1994-10-07,Mumbai,Maharashtra,2024-04-27,Bronze
1150,Siddharth,Shetty,siddharth.shetty1150@outlook.com,9304228113,Female,1967-02-02,Ahmedabad,Gujarat,2025-08-02,Bronze
1151,Riya,Rao,riya.rao1151@yahoo.com,9089871503,Female,1968-07-25,Mysuru,Karnataka,2023-08-05,Silver
1152,Diya,Reddy,diya.reddy1152@yahoo.com,9462282428,Female,1987-03-11,Kolkata,West Bengal,2023-03-08,Silver
1153,Ishaan,Gupta,ishaan.gupta1153@outlook.com,9511997076,Other,1989-02-09,Bengaluru,Karnataka,2025-03-27,Bronze
1154,Lakshmi,Kumar,lakshmi.kumar1154@example.com,9944617418,Female,1970-10-17,Mysuru,Karnataka,2022-04-24,Silver
1155,Priya,Kumar,priya.kumar1155@gmail.com,9282447121,Female,1971-04-28,Mumbai,Maharashtra,2025-03-01,Gold
1156,Rahul,Iyer,rahul.iyer1156@gmail.com,9245844107,Female,1992-04-11,Bengaluru,Karnataka,2023-12-13,Gold
1157,Manoj,Iyer,manoj.iyer1157@gmail.com,9654581421,Female,1983-03-06,Bengaluru,Karnataka,2022-01-28,Bronze
1158,Deepak,Singh,deepak.singh1158@outlook.com,9678015897,Female,1969-10-18,Bengaluru,Karnataka,2022-11-08,Bronze
1159,Ishaan,Naidu,ishaan.naidu1159@yahoo.com,9983563875,Male,1989-05-14,Hyderabad,Telangana,2024-07-18,Gold
1160,Aditya,Chopra,aditya.chopra1160@yahoo.com,9472241445,Male,1967-12-11,Delhi,Delhi,2024-10-27,Bronze
1161,Vivaan,Bose,vivaan.bose1161@example.com,9482472693,Female,1974-03-22,Bengaluru,Karnataka,2022-09-25,Bronze
1162,Deepak,Nair,deepak.nair1162@gmail.com,9210282996,Male,1993-07-04,Pune,Maharashtra,2024-06-18,Bronze
1163,Sneha,Mehta,sneha.mehta1163@gmail.com,9949508984,Female,1973-11-21,Kolkata,West Bengal,2025-09-16,Gold
1164,Ramesh,Menon,ramesh.menon1164@gmail.com,9158867061,Female,1967-07-17,Mysuru,Karnataka,2024-07-28,Bronze
1165,Sneha,Mehta,sneha.mehta1165@yahoo.com,9705914079,Female,2003-05-17,Mysuru,Karnataka,2024-08-19,Bronze
1166,Priya,Mehta,priya.mehta1166@outlook.com,9057041955,Male,1973-12-23,Kolkata,West Bengal,2022-09-22,Silver
1167,Riya,Gupta,riya.gupta1167@gmail.com,9973625899,Female,1985-08-01,Kolkata,West Bengal,2024-05-22,Bronze
1168,Manoj,Verma,manoj.verma1168@gmail.com,9488501689,Male,1997-12-20,Mumbai,Maharashtra,2024-08-28,Bronze
1169,Diya,Kapoor,diya.kapoor1169@gmail.com,9288434681,Female,2004-07-27,Gurugram,Haryana,2022-06-01,Bronze
1170,Harini,Naidu,harini.naidu1170@example.com,9319422047,Male,1997-05-14,Bengaluru,Karnataka,2023-03-03,Bronze
1171,Swathi,Verma,swathi.verma1171@gmail.com,9346373498,Female,1978-07-30,Hyderabad,Telangana,2025-04-23,Platinum
1172,Lakshmi,Mehta,lakshmi.mehta1172@outlook.com,9539435482,Female,1999-02-22,Delhi,Delhi,2025-09-29,Bronze
1173,Kiran,Das,kiran.das1173@outlook.com,9049080541,Female,1965-07-05,Chennai,Tamil Nadu,2022-08-26,Gold
1174,Diya,Pillai,diya.pillai1174@gmail.com,9714550465,Female,1978-01-14,Delhi,Delhi,2024-09-28,Bronze
1175,Arjun,Shetty,arjun.shetty1175@outlook.com,9771888826,Male,1972-12-21,Mumbai,Maharashtra,2023-11-18,Bronze
1176,Meera,Mehta,meera.mehta1176@yahoo.com,9498196544,Male,1986-02-09,Delhi,Delhi,2024-03-19,Bronze
1177,Deepak,Chopra,deepak.chopra1177@outlook.com,9775924514,Male,2000-08-22,Hyderabad,Telangana,2023-12-01,Bronze
1178,Ramesh,Naidu,ramesh.naidu1178@gmail.com,9867114305,Other,1995-11-30,Hyderabad,Telangana,2025-04-02,Bronze
1179,Diya,Bose,diya.bose1179@outlook.com,9771731426,Female,2004-11-27,Chennai,Tamil Nadu,2023-09-02,Bronze
1180,Vikram,Patel,vikram.patel1180@example.com,9771349563,Male,1970-06-23,Chennai,Tamil Nadu,2024-03-17,Platinum
1181,Kavya,Bose,kavya.bose1181@gmail.com,9278057164,Male,1995-01-26,Delhi,Delhi,2024-07-05,Bronze
1182,Lakshmi,Mehta,lakshmi.mehta1182@outlook.com,9558023851,Male,1993-12-16,Bengaluru,Karnataka,2024-01-27,Gold
1183,Vivaan,Sharma,vivaan.sharma1183@outlook.com,9091045210,Female,1983-04-01,Bengaluru,Karnataka,2025-04-19,Bronze
1184,Siddharth,Pillai,siddharth.pillai1184@gmail.com,9491516020,Male,1968-11-24,Chennai,Tamil Nadu,2022-11-21,Bronze
1185,Karan,Bose,karan.bose1185@outlook.com,9671420096,Male,1969-03-06,Chennai,Tamil Nadu,2025-07-21,Silver
1186,Lakshmi,Singh,lakshmi.singh1186@outlook.com,9622741455,Male,2001-07-04,Kolkata,West Bengal,2024-07-17,Bronze
1187,Meera,Kumar,meera.kumar1187@yahoo.com,9582589971,Male,1976-10-20,Hyderabad,Telangana,2025-08-07,Bronze
1188,Aditya,Gupta,aditya.gupta1188@yahoo.com,9905467727,Male,1990-06-23,Lucknow,Uttar Pradesh,2023-05-28,Bronze
1189,Rahul,Iyer,rahul.iyer1189@outlook.com,9706152328,Male,2002-10-19,Bengaluru,Karnataka,2023-10-18,Bronze
1190,Vivaan,Shetty,vivaan.shetty1190@outlook.com,9977315422,Female,1984-09-20,Pune,Maharashtra,2022-02-28,Silver
1191,Meera,Sharma,meera.sharma1191@example.com,9183961040,Female,1973-05-23,Hyderabad,Telangana,2025-06-18,Bronze
1192,Kiran,Menon,kiran.menon1192@gmail.com,9996286382,Male,1984-05-18,Hyderabad,Telangana,2025-01-22,Platinum
1193,Riya,Sharma,riya.sharma1193@example.com,9569128477,Female,1974-03-05,Kolkata,West Bengal,2023-02-10,Bronze
1194,Swathi,Joshi,swathi.joshi1194@gmail.com,9334071973,Female,1972-04-01,Kochi,Kerala,2022-03-13,Bronze
1195,Deepak,Naidu,deepak.naidu1195@outlook.com,9074149665,Female,1997-06-02,Kolkata,West Bengal,2024-08-11,Bronze
1196,Swathi,Rao,swathi.rao1196@yahoo.com,9197573793,Female,1978-10-30,Chennai,Tamil Nadu,2024-07-09,Bronze
1197,Siddharth,Rao,siddharth.rao1197@gmail.com,9078893925,Male,1992-05-17,Chennai,Tamil Nadu,2023-12-24,Gold
1198,Naveen,Bose,naveen.bose1198@outlook.com,9896548821,Female,1994-01-25,Pune,Maharashtra,2022-08-03,Gold
1199,Rahul,Shetty,rahul.shetty1199@outlook.com,9880450692,Female,1986-12-18,Chennai,Tamil Nadu,2025-06-11,Bronze
1200,Kavya,Kapoor,kavya.kapoor1200@outlook.com,9702598998,Female,1986-08-16,Delhi,Delhi,2023-08-16,Bronze
1201,Santosh,Reddy,santosh.reddy1201@yahoo.com,9318157093,Male,1972-03-20,Mumbai,Maharashtra,2024-09-18,Gold
1202,Vikram,Menon,vikram.menon1202@yahoo.com,9234411426,Male,1986-02-27,Mumbai,Maharashtra,2025-03-22,Bronze
1203,Rahul,Bose,rahul.bose1203@outlook.com,9800606446,Male,1995-01-16,Kolkata,West Bengal,2024-01-21,Bronze
1204,Arjun,Patel,arjun.patel1204@gmail.com,9811604435,Other,1972-10-21,Delhi,Delhi,2022-05-10,Bronze
1205,Aarav,Joshi,aarav.joshi1205@example.com,9120982029,Female,1974-04-11,Bengaluru,Karnataka,2025-04-30,Bronze
1206,Neha,Sharma,neha.sharma1206@outlook.com,9869157043,Male,1992-08-06,Bengaluru,Karnataka,2024-07-02,Bronze
1207,Kiran,Kapoor,kiran.kapoor1207@example.com,9129506533,Female,2004-03-31,Pune,Maharashtra,2025-05-09,Bronze
1208,Karan,Rao,karan.rao1208@gmail.com,9597421118,Male,1980-09-02,Mumbai,Maharashtra,2024-04-18,Gold
1209,Kavya,Chopra,kavya.chopra1209@outlook.com,9509160559,Male,1998-02-10,Chennai,Tamil Nadu,2025-05-27,Bronze
1210,Naveen,Bose,naveen.bose1210@outlook.com,9645647591,Female,1972-04-22,Hyderabad,Telangana,2025-04-02,Gold
1211,Ramesh,Reddy,ramesh.reddy1211@example.com,9787945131,Female,1987-10-10,Delhi,Delhi,2022-10-23,Silver
1212,Aarav,Kumar,aarav.kumar1212@yahoo.com,9771837981,Female,2002-09-23,Kolkata,West Bengal,2022-08-25,Bronze
1213,Neha,Kapoor,neha.kapoor1213@example.com,9118515556,Female,1982-08-26,Mumbai,Maharashtra,2022-08-08,Bronze
1214,Ishaan,Nair,ishaan.nair1214@gmail.com,9137925962,Female,1985-04-05,Hyderabad,Telangana,2024-12-30,Bronze
1215,Rahul,Bose,rahul.bose1215@example.com,9504502964,Female,1971-03-15,Chennai,Tamil Nadu,2022-11-26,Gold
1216,Rahul,Patel,rahul.patel1216@outlook.com,,Male,1986-02-09,Mumbai,Maharashtra,2023-09-09,Bronze
1217,Sneha,Menon,sneha.menon1217@example.com,9833188274,Female,1988-05-30,Coimbatore,Tamil Nadu,2024-12-14,Gold
1218,Rohan,Das,rohan.das1218@gmail.com,9170803224,Female,2004-03-25,Mumbai,Maharashtra,2023-08-10,Silver
1219,Rahul,Joshi,rahul.joshi1219@yahoo.com,9735947302,Male,1973-01-13,Pune,Maharashtra,2022-03-26,Silver
1220,Karan,Bose,karan.bose1220@outlook.com,9190811500,Male,1979-08-25,Bengaluru,Karnataka,2023-05-11,Bronze
1221,Ananya,Singh,ananya.singh1221@outlook.com,9705106306,Male,1990-11-15,Bengaluru,Karnataka,2022-05-10,Silver
1222,Tanvi,Nair,tanvi.nair1222@gmail.com,9953836475,Male,2002-09-12,Chennai,Tamil Nadu,2023-06-12,Silver
1223,Diya,Mehta,diya.mehta1223@outlook.com,9442403033,Female,1974-07-05,Ahmedabad,Gujarat,2024-10-05,Silver
1224,Siddharth,Rao,siddharth.rao1224@yahoo.com,9026967699,Male,1992-10-11,Pune,Maharashtra,2023-12-13,Bronze
1225,Neha,Pillai,neha.pillai1225@gmail.com,9149854045,Female,2000-02-25,Chennai,Tamil Nadu,2024-07-12,Silver
1226,Sneha,Pillai,sneha.pillai1226@outlook.com,9652923520,Male,1990-04-23,Ahmedabad,Gujarat,2022-05-27,Bronze
1227,Aarav,Singh,aarav.singh1227@outlook.com,9628744903,Male,1982-01-23,Hyderabad,Telangana,2024-10-23,Silver
1228,Swathi,Naidu,swathi.naidu1228@gmail.com,9019197671,Male,1974-05-16,Mumbai,Maharashtra,2023-08-05,Bronze
1229,Harini,Verma,harini.verma1229@example.com,9137317654,Male,1976-07-07,Jaipur,Rajasthan,2023-01-28,Bronze
1230,Sneha,Iyer,sneha.iyer1230@outlook.com,9773181484,Other,1967-01-26,Bengaluru,Karnataka,2024-06-11,Silver
1231,Riya,Sharma,riya.sharma1231@yahoo.com,9847528446,Male,1971-01-29,Chennai,Tamil Nadu,2022-07-04,Bronze
1232,Santosh,Naidu,santosh.naidu1232@example.com,9983232240,Male,1982-07-02,Mumbai,Maharashtra,2023-11-14,Silver
1233,Kavya,Nair,kavya.nair1233@example.com,9584033523,Male,1970-08-14,Chennai,Tamil Nadu,2023-08-01,Silver
1234,Ananya,Rao,ananya.rao1234@example.com,9719280334,Male,1965-05-29,Pune,Maharashtra,2022-08-16,Silver
1235,Ananya,Bose,ananya.bose1235@example.com,9028941299,Female,1992-09-09,Chennai,Tamil Nadu,2025-07-27,Silver
1236,Ishaan,Pillai,ishaan.pillai1236@gmail.com,9887676362,Female,1967-11-03,Bengaluru,Karnataka,2023-05-13,Bronze
1237,Divya,Naidu,divya.naidu1237@gmail.com,9634197144,Male,1970-08-23,Chennai,Tamil Nadu,2022-02-25,Bronze
1238,Siddharth,Verma,siddharth.verma1238@gmail.com,9878417264,Female,1988-10-18,Hyderabad,Telangana,2023-08-30,Silver
1239,Vikram,Mehta,vikram.mehta1239@example.com,9318637979,Female,2001-11-06,Chennai,Tamil Nadu,2025-08-16,Bronze
1240,Naveen,Das,,9438666968,Female,1993-12-17,Bengaluru,Karnataka,2024-07-04,Bronze
1241,Neha,Joshi,neha.joshi1241@yahoo.com,9073128831,Female,1966-04-20,Kolkata,West Bengal,2024-05-21,Bronze
1242,Sneha,Rao,sneha.rao1242@example.com,9434731161,Male,1971-09-19,Coimbatore,Tamil Nadu,2025-05-18,Bronze
1243,Rahul,Menon,rahul.menon1243@gmail.com,9280609786,Female,1994-08-06,Hyderabad,Telangana,2022-04-25,Platinum
1244,Vikram,Singh,vikram.singh1244@yahoo.com,9497055249,Female,1994-04-13,Bengaluru,Karnataka,2024-01-24,Bronze
1245,Manoj,Iyer,manoj.iyer1245@yahoo.com,,Male,1980-08-18,Hyderabad,Telangana,2023-03-16,Bronze
1246,Kavya,Mehta,kavya.mehta1246@yahoo.com,9916910895,Other,2002-12-18,Chennai,Tamil Nadu,2024-07-14,Gold
1247,Ishaan,Patel,ishaan.patel1247@outlook.com,9209787443,Female,2000-07-07,Pune,Maharashtra,2025-03-13,Platinum
1248,Divya,Menon,divya.menon1248@outlook.com,9710930632,Male,1994-09-16,Chennai,Tamil Nadu,2022-04-16,Bronze
1249,Priya,Pillai,priya.pillai1249@yahoo.com,9446988451,Female,1994-11-29,Ahmedabad,Gujarat,2022-08-05,Gold
1250,Santosh,Menon,santosh.menon1250@gmail.com,9568085094,Female,1996-05-14,Jaipur,Rajasthan,2025-07-30,Bronze
1251,Ananya,Menon,ananya.menon1251@outlook.com,9410022469,Female,1970-12-08,Bengaluru,Karnataka,2023-11-05,Silver
1252,Pooja,Sharma,pooja.sharma1252@outlook.com,9749542401,Female,1993-01-04,Bengaluru,Karnataka,2023-03-08,Bronze
1253,Ramesh,Rao,ramesh.rao1253@outlook.com,9915169410,Female,2002-07-28,Bengaluru,Karnataka,2022-07-28,Bronze
1254,Swathi,Mehta,swathi.mehta1254@yahoo.com,9713858869,Female,1973-12-26,Pune,Maharashtra,2023-05-01,Bronze
1255,Karan,Iyer,karan.iyer1255@example.com,9022962288,Female,1965-08-02,Bengaluru,Karnataka,2022-01-07,Silver
1256,Santosh,Reddy,santosh.reddy1256@outlook.com,9035277878,Male,1979-06-05,Kolkata,West Bengal,2022-11-02,Bronze
1257,Harini,Pillai,harini.pillai1257@example.com,9323863722,Male,1975-10-12,Delhi,Delhi,2022-09-08,Bronze
1258,Tanvi,Naidu,tanvi.naidu1258@outlook.com,9092710601,Female,2002-12-12,Gurugram,Haryana,2022-04-26,Silver
1259,Ishaan,Das,ishaan.das1259@yahoo.com,9350137021,Female,1982-10-28,Mumbai,Maharashtra,2025-08-19,Bronze
1260,Rohan,Shetty,rohan.shetty1260@yahoo.com,,Male,1991-06-07,Lucknow,Uttar Pradesh,2024-12-17,Gold
1261,Karan,Nair,karan.nair1261@outlook.com,,Female,2004-04-02,Bengaluru,Karnataka,2025-07-11,Bronze
1262,Arjun,Patel,arjun.patel1262@outlook.com,9030481191,Female,1996-07-16,Hyderabad,Telangana,2022-11-26,Bronze
1263,Deepak,Naidu,deepak.naidu1263@outlook.com,9152915970,Female,1994-12-11,Coimbatore,Tamil Nadu,2023-01-30,Bronze
1264,Naveen,Nair,naveen.nair1264@outlook.com,9119203214,Male,2003-09-21,Jaipur,Rajasthan,2023-01-22,Bronze
1265,Neha,Joshi,neha.joshi1265@yahoo.com,9929636322,Female,1992-07-15,Mumbai,Maharashtra,2024-02-04,Bronze
1266,Riya,Reddy,riya.reddy1266@gmail.com,9060100906,Male,1974-04-02,Gurugram,Haryana,2022-09-06,Bronze
1267,Ramesh,Singh,ramesh.singh1267@yahoo.com,9312038686,Male,1994-01-19,Chennai,Tamil Nadu,2022-11-19,Silver
1268,Priya,Kumar,priya.kumar1268@example.com,9911457117,Female,1977-11-10,Kochi,Kerala,2025-08-27,Bronze
1269,Meera,Gupta,meera.gupta1269@outlook.com,9542680078,Female,1978-03-25,Mumbai,Maharashtra,2023-04-28,Bronze
1270,Riya,Kapoor,riya.kapoor1270@example.com,9278111771,Male,1990-10-11,Mumbai,Maharashtra,2024-12-05,Silver
1271,Siddharth,Shetty,siddharth.shetty1271@outlook.com,9168713025,Female,1977-08-12,Kochi,Kerala,2022-11-10,Bronze
1272,Vivaan,Das,vivaan.das1272@example.com,9362561030,Female,1965-12-22,Hyderabad,Telangana,2025-06-27,Silver
1273,Riya,Das,riya.das1273@gmail.com,9123201874,Male,2004-12-15,Hyderabad,Telangana,2024-08-07,Gold
1274,Lakshmi,Verma,lakshmi.verma1274@outlook.com,9039872408,Male,1987-11-01,Mumbai,Maharashtra,2025-03-25,Bronze
1275,Aditya,Reddy,aditya.reddy1275@gmail.com,9162583065,Female,1991-10-14,Bengaluru,Karnataka,2023-12-08,Silver
1276,Karan,Sharma,karan.sharma1276@gmail.com,9105615416,Female,1997-04-29,Coimbatore,Tamil Nadu,2025-05-25,Gold
1277,Rahul,Kapoor,rahul.kapoor1277@gmail.com,9616258923,Male,1990-05-13,Chennai,Tamil Nadu,2023-05-12,Bronze
1278,Lakshmi,Reddy,lakshmi.reddy1278@yahoo.com,9093894645,Female,1989-05-27,Bengaluru,Karnataka,2023-10-18,Platinum
1279,Neha,Singh,neha.singh1279@gmail.com,9281698769,Female,1996-08-26,Kolkata,West Bengal,2022-03-26,Bronze
1280,Pooja,Bose,pooja.bose1280@yahoo.com,9826428011,Female,1976-10-22,Mumbai,Maharashtra,2022-08-22,Silver
1281,Tanvi,Chopra,tanvi.chopra1281@gmail.com,9259997472,Female,1998-02-12,Hyderabad,Telangana,2024-11-21,Bronze
1282,Vikram,Rao,vikram.rao1282@gmail.com,9609971274,Male,1993-12-11,Hyderabad,Telangana,2023-03-24,Bronze
1283,Manoj,Sharma,manoj.sharma1283@yahoo.com,9548142622,Male,1972-04-12,Hyderabad,Telangana,2022-05-20,Platinum
1284,Aarav,Menon,aarav.menon1284@yahoo.com,9182899368,Male,1970-11-03,Pune,Maharashtra,2023-02-05,Bronze
1285,Arjun,Menon,arjun.menon1285@yahoo.com,9002907895,Female,2000-03-01,Jaipur,Rajasthan,2023-04-28,Platinum
1286,Lakshmi,Singh,,9576739427,Female,2000-10-07,Jaipur,Rajasthan,2024-09-08,Silver
1287,Tanvi,Chopra,tanvi.chopra1287@yahoo.com,9601058318,Female,2004-09-19,Hyderabad,Telangana,2022-05-04,Gold
1288,Rohan,Naidu,rohan.naidu1288@gmail.com,9751632204,Male,1969-01-13,Coimbatore,Tamil Nadu,2022-02-05,Platinum
1289,Kavya,Patel,kavya.patel1289@yahoo.com,9787892436,Female,2000-10-20,Hyderabad,Telangana,2024-09-18,Silver
1290,Vivaan,Singh,vivaan.singh1290@example.com,9880513467,Male,1999-07-08,Mumbai,Maharashtra,2022-07-14,Platinum
1291,Santosh,Singh,santosh.singh1291@gmail.com,9935019992,Male,1995-09-07,Hyderabad,Telangana,2023-07-29,Silver
1292,Deepak,Bose,deepak.bose1292@gmail.com,9626493667,Male,1984-11-25,Pune,Maharashtra,2024-07-23,Bronze
1293,Vikram,Verma,vikram.verma1293@example.com,9044288068,Female,1985-04-30,Mumbai,Maharashtra,2023-12-05,Silver
1294,Ananya,Kapoor,ananya.kapoor1294@outlook.com,9266087237,Male,1982-02-19,Coimbatore,Tamil Nadu,2022-06-18,Bronze
1295,Rahul,Pillai,rahul.pillai1295@yahoo.com,9803619280,Female,1966-03-04,Madurai,Tamil Nadu,2024-09-15,Bronze
1296,Diya,Kumar,diya.kumar1296@example.com,9806341663,Other,1985-01-05,Hyderabad,Telangana,2022-03-08,Bronze
1297,Vikram,Menon,vikram.menon1297@yahoo.com,9456505343,Female,1974-06-25,Bengaluru,Karnataka,2022-11-15,Bronze
1298,Rahul,Kapoor,rahul.kapoor1298@outlook.com,9323727461,Male,1973-01-02,Mysuru,Karnataka,2022-05-30,Bronze
1299,Priya,Pillai,priya.pillai1299@outlook.com,9298098121,Female,1967-03-28,Delhi,Delhi,2023-12-03,Bronze
1300,Divya,Patel,divya.patel1300@gmail.com,9887298837,Female,1983-04-19,Hyderabad,Telangana,2024-08-03,Silver
1301,Deepak,Verma,deepak.verma1301@example.com,9615553686,Male,1966-12-01,Chennai,Tamil Nadu,2024-06-08,Silver
1302,Vikram,Joshi,vikram.joshi1302@outlook.com,9873769316,Female,1998-12-19,Mumbai,Maharashtra,2022-07-10,Gold
1303,Naveen,Iyer,naveen.iyer1303@gmail.com,9667508228,Female,2000-07-22,Delhi,Delhi,2023-04-16,Platinum
1304,Karan,Verma,karan.verma1304@example.com,9756022430,Male,1997-01-06,Chennai,Tamil Nadu,2022-07-20,Gold
1305,Harini,Shetty,harini.shetty1305@outlook.com,9653831810,Female,1977-01-12,Kolkata,West Bengal,2023-04-15,Silver
1306,Siddharth,Kumar,siddharth.kumar1306@example.com,9452829614,Male,1971-07-09,Jaipur,Rajasthan,2022-11-12,Bronze
1307,Pooja,Joshi,pooja.joshi1307@example.com,9086466533,Male,1985-03-04,Mumbai,Maharashtra,2024-10-10,Gold
1308,Karan,Reddy,karan.reddy1308@yahoo.com,9274475920,Female,1991-12-02,Pune,Maharashtra,2024-10-24,Bronze
1309,Deepak,Iyer,deepak.iyer1309@example.com,9458690585,Male,1965-10-28,Bengaluru,Karnataka,2025-01-25,Bronze
1310,Siddharth,Verma,siddharth.verma1310@gmail.com,9278258107,Male,1999-04-02,Jaipur,Rajasthan,2022-10-02,Bronze
1311,Swathi,Gupta,swathi.gupta1311@yahoo.com,9715798257,Male,1982-07-14,Hyderabad,Telangana,2022-01-19,Silver
1312,Aditya,Sharma,aditya.sharma1312@outlook.com,9214756696,Male,1997-10-08,Jaipur,Rajasthan,2022-02-18,Silver
1313,Neha,Mehta,neha.mehta1313@outlook.com,9141797260,Male,1968-02-13,Mumbai,Maharashtra,2025-02-28,Bronze
1314,Ishaan,Singh,ishaan.singh1314@gmail.com,9234340838,Female,1982-01-06,Bengaluru,Karnataka,2025-05-25,Silver
1315,Swathi,Das,swathi.das1315@gmail.com,9086277789,Male,1983-04-28,Bengaluru,Karnataka,2022-10-17,Bronze
1316,Priya,Menon,priya.menon1316@example.com,9120016604,Male,1966-12-04,Delhi,Delhi,2025-04-14,Bronze
1317,Santosh,Singh,santosh.singh1317@example.com,9110507988,Female,1993-04-12,Mumbai,Maharashtra,2023-12-27,Bronze
1318,Swathi,Kumar,swathi.kumar1318@outlook.com,9798263804,Other,2002-03-23,Bengaluru,Karnataka,2022-09-11,Bronze
1319,Pooja,Verma,pooja.verma1319@outlook.com,9382846543,Male,1986-08-11,Delhi,Delhi,2023-03-05,Silver
1320,Vivaan,Singh,vivaan.singh1320@example.com,9263812084,Male,1980-10-28,Kolkata,West Bengal,2022-12-30,Bronze
1321,Karan,Shetty,karan.shetty1321@gmail.com,9009826287,Male,1990-06-05,Mumbai,Maharashtra,2024-11-11,Bronze
1322,Karan,Shetty,karan.shetty1322@example.com,9492928851,Male,1979-06-07,Hyderabad,Telangana,2022-09-16,Bronze
1323,Harini,Kumar,harini.kumar1323@gmail.com,9768223301,Male,1979-05-20,Bengaluru,Karnataka,2022-09-08,Silver
1324,Harini,Naidu,harini.naidu1324@outlook.com,9491280082,Female,1995-05-12,Gurugram,Haryana,2024-09-12,Platinum
1325,Meera,Das,meera.das1325@yahoo.com,9304996666,Female,1988-08-15,Madurai,Tamil Nadu,2023-02-18,Silver
1326,Swathi,Iyer,swathi.iyer1326@example.com,9528810708,Male,1975-07-21,Kolkata,West Bengal,2022-12-09,Silver
1327,Rahul,Kapoor,rahul.kapoor1327@gmail.com,9907125601,Female,1981-04-15,Hyderabad,Telangana,2025-01-10,Gold
1328,Santosh,Mehta,santosh.mehta1328@outlook.com,9264219794,Male,1998-05-15,Mumbai,Maharashtra,2025-06-29,Bronze
1329,Diya,Rao,diya.rao1329@gmail.com,9865454649,Male,1986-02-19,Chennai,Tamil Nadu,2024-01-31,Bronze
1330,Rahul,Rao,rahul.rao1330@gmail.com,9843762866,Male,1968-01-16,Mysuru,Karnataka,2025-02-07,Bronze
1331,Rahul,Singh,rahul.singh1331@yahoo.com,9727175573,Male,1999-04-05,Delhi,Delhi,2025-02-25,Bronze
1332,Priya,Chopra,priya.chopra1332@example.com,9706706756,Female,1994-08-11,Mumbai,Maharashtra,2024-03-16,Bronze
1333,Ananya,Das,ananya.das1333@yahoo.com,9099704869,Male,1975-09-02,Mumbai,Maharashtra,2025-02-09,Bronze
1334,Karan,Gupta,karan.gupta1334@outlook.com,9673858220,Female,2003-08-10,Kochi,Kerala,2022-01-13,Bronze
1335,Ananya,Patel,ananya.patel1335@outlook.com,9672357341,Male,2003-01-18,Kochi,Kerala,2022-02-18,Bronze
1336,Arjun,Chopra,arjun.chopra1336@example.com,9887878429,Female,2004-10-21,Kolkata,West Bengal,2025-04-24,Bronze
1337,Kiran,Reddy,kiran.reddy1337@yahoo.com,9047764921,Female,1980-02-07,Chennai,Tamil Nadu,2022-07-12,Bronze
1338,Diya,Iyer,diya.iyer1338@gmail.com,9634429361,Female,2001-12-05,Mumbai,Maharashtra,2024-09-23,Gold
1339,Arjun,Kapoor,arjun.kapoor1339@example.com,9990651778,Male,1997-03-27,Kolkata,West Bengal,2023-07-30,Silver
1340,Riya,Singh,riya.singh1340@yahoo.com,9677757062,Female,1999-10-23,Hyderabad,Telangana,2024-12-14,Bronze
1341,Swathi,Rao,swathi.rao1341@gmail.com,9471727702,Female,1986-11-14,Bengaluru,Karnataka,2024-06-29,Bronze
1342,Ananya,Chopra,ananya.chopra1342@example.com,9834060247,Male,1976-02-24,Gurugram,Haryana,2022-04-09,Bronze
1343,Divya,Bose,divya.bose1343@example.com,9495217463,Female,1974-01-25,Mumbai,Maharashtra,2023-04-07,Bronze
1344,Sneha,Rao,sneha.rao1344@gmail.com,9252978200,Male,2003-08-23,Mumbai,Maharashtra,2024-08-28,Bronze
1345,Deepak,Chopra,deepak.chopra1345@example.com,9886527560,Male,1985-01-31,Lucknow,Uttar Pradesh,2025-06-15,Bronze
1346,Vikram,Bose,vikram.bose1346@outlook.com,9567108346,Female,2002-02-03,Pune,Maharashtra,2025-01-06,Gold
1347,Vivaan,Naidu,vivaan.naidu1347@yahoo.com,9498319774,Male,1987-03-05,Hyderabad,Telangana,2025-05-05,Gold
1348,Ananya,Sharma,ananya.sharma1348@outlook.com,9414516680,Male,1986-05-12,Hyderabad,Telangana,2025-08-02,Silver
1349,Harini,Chopra,harini.chopra1349@gmail.com,9248299032,Male,1967-12-06,Hyderabad,Telangana,2025-05-09,Silver
1350,Ramesh,Nair,ramesh.nair1350@gmail.com,9493615397,Male,1981-01-27,Bengaluru,Karnataka,2024-03-05,Silver
1351,Ramesh,Kapoor,ramesh.kapoor1351@gmail.com,9263448201,Male,1987-03-26,Gurugram,Haryana,2023-04-06,Silver
1352,Swathi,Sharma,swathi.sharma1352@gmail.com,9820488968,Male,1969-05-15,Kolkata,West Bengal,2023-11-27,Gold
1353,Diya,Reddy,diya.reddy1353@outlook.com,9704548950,Female,1971-06-24,Chennai,Tamil Nadu,2024-12-25,Silver
1354,Siddharth,Nair,siddharth.nair1354@example.com,9314201410,Female,1988-08-11,Coimbatore,Tamil Nadu,2023-08-06,Silver
1355,Harini,Rao,harini.rao1355@yahoo.com,9266361701,Female,1974-12-02,Kolkata,West Bengal,2025-02-11,Gold
1356,Riya,Sharma,riya.sharma1356@gmail.com,9945367726,Male,1993-01-01,Bengaluru,Karnataka,2024-08-18,Silver
1357,Vikram,Sharma,vikram.sharma1357@yahoo.com,9743652955,Female,1983-05-28,Mumbai,Maharashtra,2022-10-14,Bronze
1358,Vikram,Das,vikram.das1358@outlook.com,9269756206,Male,1981-02-24,Hyderabad,Telangana,2025-06-14,Bronze
1359,Swathi,Shetty,swathi.shetty1359@example.com,9107488173,Male,1969-09-10,Delhi,Delhi,2025-03-04,Bronze
1360,Vivaan,Das,vivaan.das1360@outlook.com,9704645006,Female,1981-03-26,Mysuru,Karnataka,2024-04-01,Bronze
1361,Vivaan,Mehta,vivaan.mehta1361@yahoo.com,9453071709,Male,1986-09-04,Pune,Maharashtra,2022-09-23,Bronze
1362,Deepak,Joshi,deepak.joshi1362@outlook.com,9280441424,Female,1987-12-02,Hyderabad,Telangana,2022-11-08,Bronze
1363,Aarav,Menon,aarav.menon1363@gmail.com,9317588229,Female,1975-10-20,Pune,Maharashtra,2025-02-23,Bronze
1364,Rohan,Gupta,rohan.gupta1364@yahoo.com,9305926334,Female,1966-02-10,Bengaluru,Karnataka,2022-01-25,Platinum
1365,Kiran,Menon,kiran.menon1365@outlook.com,9132828042,Male,2002-05-15,Hyderabad,Telangana,2023-10-25,Bronze
1366,Priya,Sharma,priya.sharma1366@gmail.com,9479755997,Male,2003-04-16,Mumbai,Maharashtra,2024-04-27,Bronze
1367,Manoj,Reddy,manoj.reddy1367@gmail.com,9122291885,Male,2001-02-21,Chennai,Tamil Nadu,2022-11-15,Bronze
1368,Meera,Joshi,meera.joshi1368@example.com,9326655877,Female,1976-08-03,Bengaluru,Karnataka,2025-03-29,Bronze
1369,Aditya,Singh,,9204335986,Female,1989-02-01,Chennai,Tamil Nadu,2023-12-17,Silver
1370,Rohan,Verma,rohan.verma1370@gmail.com,,Female,1970-08-20,Madurai,Tamil Nadu,2022-04-01,Silver
1371,Deepak,Iyer,deepak.iyer1371@outlook.com,9486528938,Male,2001-03-14,Bengaluru,Karnataka,2023-03-15,Bronze
1372,Aditya,Kapoor,aditya.kapoor1372@yahoo.com,9533546147,Female,1965-03-22,Jaipur,Rajasthan,2023-06-29,Bronze
1373,Riya,Singh,riya.singh1373@example.com,9826373642,Female,1983-10-25,Hyderabad,Telangana,2022-11-02,Bronze
1374,Ananya,Sharma,ananya.sharma1374@example.com,9566768454,Female,1999-04-03,Gurugram,Haryana,2025-07-10,Silver
1375,Diya,Chopra,diya.chopra1375@example.com,9518558445,Female,1994-01-02,Kochi,Kerala,2023-05-09,Gold
1376,Naveen,Das,naveen.das1376@yahoo.com,9921170786,Male,1999-07-04,Bengaluru,Karnataka,2023-11-18,Gold
1377,Sneha,Kumar,sneha.kumar1377@example.com,9164017547,Male,1984-11-04,Pune,Maharashtra,2024-01-03,Bronze
1378,Sneha,Kapoor,sneha.kapoor1378@yahoo.com,9590214943,Female,1968-10-23,Kolkata,West Bengal,2022-10-30,Silver
1379,Ananya,Singh,ananya.singh1379@gmail.com,9032116770,Male,1965-04-25,Pune,Maharashtra,2024-02-17,Silver
1380,Diya,Menon,diya.menon1380@example.com,9955825042,Male,1971-02-01,Hyderabad,Telangana,2023-04-30,Gold
1381,Santosh,Chopra,santosh.chopra1381@outlook.com,9161920436,Male,1967-04-21,Hyderabad,Telangana,2022-01-15,Bronze
1382,Vivaan,Rao,vivaan.rao1382@gmail.com,,Male,1982-11-27,Bengaluru,Karnataka,2023-07-13,Bronze
1383,Rahul,Reddy,rahul.reddy1383@example.com,9843367210,Female,1967-01-09,Mumbai,Maharashtra,2024-03-10,Bronze
1384,Sneha,Joshi,sneha.joshi1384@gmail.com,9499555249,Male,1972-06-04,Lucknow,Uttar Pradesh,2022-06-10,Bronze
1385,Sneha,Chopra,sneha.chopra1385@outlook.com,9620791382,Male,1981-10-07,Kochi,Kerala,2024-12-02,Silver
1386,Aditya,Iyer,aditya.iyer1386@yahoo.com,9133499502,Female,1994-05-31,Bengaluru,Karnataka,2024-06-23,Bronze
1387,Ramesh,Nair,ramesh.nair1387@gmail.com,9103052759,Female,1991-12-14,Delhi,Delhi,2023-03-01,Bronze
1388,Pooja,Joshi,pooja.joshi1388@example.com,9419377965,Male,1967-04-28,Coimbatore,Tamil Nadu,2024-03-21,Gold
1389,Rahul,Iyer,rahul.iyer1389@outlook.com,9347503924,Male,2001-02-09,Ahmedabad,Gujarat,2023-02-20,Bronze
1390,Deepak,Kapoor,deepak.kapoor1390@example.com,9826738422,Male,1986-12-22,Bengaluru,Karnataka,2024-06-05,Platinum
1391,Kiran,Iyer,kiran.iyer1391@outlook.com,9252378656,Male,1978-12-12,Jaipur,Rajasthan,2022-07-30,Silver
1392,Priya,Shetty,priya.shetty1392@example.com,9427194804,Male,1980-04-20,Kolkata,West Bengal,2024-04-16,Gold
1393,Vikram,Joshi,vikram.joshi1393@example.com,9435698294,Male,1998-11-30,Bengaluru,Karnataka,2022-03-17,Silver
1394,Vikram,Mehta,vikram.mehta1394@example.com,9406828092,Female,1983-08-03,Bengaluru,Karnataka,2022-01-23,Bronze
1395,Riya,Patel,riya.patel1395@outlook.com,9408593061,Female,1974-10-30,Kolkata,West Bengal,2022-12-15,Bronze
1396,Vivaan,Singh,,9601661180,Female,1981-12-24,Mysuru,Karnataka,2022-08-27,Gold
1397,Meera,Chopra,meera.chopra1397@yahoo.com,9295083763,Male,1967-09-27,Mumbai,Maharashtra,2023-11-03,Bronze
1398,Aarav,Pillai,aarav.pillai1398@outlook.com,9353176675,Male,1971-02-15,Ahmedabad,Gujarat,2022-08-15,Bronze
1399,Vivaan,Reddy,vivaan.reddy1399@gmail.com,9989114621,Other,1977-07-29,Mumbai,Maharashtra,2022-12-01,Silver
1400,Priya,Das,priya.das1400@gmail.com,,Female,1973-10-22,Hyderabad,Telangana,2022-05-15,Bronze
1401,Deepak,Shetty,deepak.shetty1401@yahoo.com,9027683993,Female,1978-12-18,Hyderabad,Telangana,2025-04-29,Bronze
1402,Swathi,Patel,swathi.patel1402@example.com,9293492812,Male,1967-08-05,Bengaluru,Karnataka,2024-10-03,Bronze
1403,Aditya,Joshi,aditya.joshi1403@yahoo.com,9342866766,Male,1989-05-21,Kochi,Kerala,2022-10-25,Bronze
1404,Rahul,Nair,rahul.nair1404@example.com,9679151194,Female,1969-08-11,Coimbatore,Tamil Nadu,2022-06-14,Silver
1405,Priya,Bose,priya.bose1405@example.com,9770413161,Female,1973-09-03,Chennai,Tamil Nadu,2025-03-09,Bronze
1406,Riya,Nair,riya.nair1406@yahoo.com,9439732765,Male,2004-02-03,Chennai,Tamil Nadu,2024-07-03,Bronze
1407,Kiran,Patel,kiran.patel1407@gmail.com,9006480179,Female,1965-03-28,Kochi,Kerala,2025-04-27,Bronze
1408,Santosh,Kumar,santosh.kumar1408@example.com,9700844922,Female,1976-03-08,Bengaluru,Karnataka,2022-09-02,Silver
1409,Pooja,Gupta,pooja.gupta1409@example.com,9693100354,Female,1984-12-29,Kolkata,West Bengal,2023-05-07,Bronze
1410,Vivaan,Nair,,9268265606,Male,1977-04-10,Delhi,Delhi,2022-06-11,Bronze
1411,Aditya,Rao,aditya.rao1411@example.com,9768796486,Female,1977-10-24,Kolkata,West Bengal,2023-08-03,Gold
1412,Ishaan,Sharma,ishaan.sharma1412@gmail.com,9553641493,Female,1970-01-30,Kochi,Kerala,2022-08-11,Bronze
1413,Tanvi,Shetty,tanvi.shetty1413@yahoo.com,9642391681,Male,1981-12-04,Kolkata,West Bengal,2022-01-06,Silver
1414,Siddharth,Verma,siddharth.verma1414@outlook.com,9763191968,Female,1995-03-10,Jaipur,Rajasthan,2023-11-28,Bronze
1415,Rahul,Singh,rahul.singh1415@gmail.com,9206354375,Female,1988-07-02,Bengaluru,Karnataka,2025-09-02,Bronze
1416,Santosh,Naidu,santosh.naidu1416@example.com,9666372985,Female,2001-12-10,Gurugram,Haryana,2024-06-02,Bronze
1417,Lakshmi,Nair,lakshmi.nair1417@outlook.com,9195803284,Male,1992-12-20,Mumbai,Maharashtra,2024-11-02,Gold
1418,Kavya,Verma,kavya.verma1418@yahoo.com,9161494404,Female,1996-07-27,Mumbai,Maharashtra,2025-01-16,Bronze
1419,Swathi,Chopra,swathi.chopra1419@gmail.com,9999302207,Male,1982-04-04,Ahmedabad,Gujarat,2025-08-23,Bronze
1420,Deepak,Verma,deepak.verma1420@gmail.com,9571607823,Male,1989-06-28,Kochi,Kerala,2022-06-26,Bronze
1421,Manoj,Kapoor,manoj.kapoor1421@outlook.com,9455135666,Male,1988-02-11,Delhi,Delhi,2022-12-10,Bronze
1422,Swathi,Kumar,swathi.kumar1422@example.com,9453234121,Male,1997-07-05,Mumbai,Maharashtra,2024-04-23,Silver
1423,Rohan,Kapoor,rohan.kapoor1423@gmail.com,9441152814,Male,1985-01-11,Hyderabad,Telangana,2025-01-29,Platinum
1424,Deepak,Reddy,deepak.reddy1424@yahoo.com,9814458533,Female,1981-02-27,Hyderabad,Telangana,2024-11-25,Bronze
1425,Naveen,Iyer,naveen.iyer1425@outlook.com,9626305233,Female,1967-10-20,Hyderabad,Telangana,2024-09-23,Bronze
1426,Kiran,Shetty,kiran.shetty1426@yahoo.com,9129374089,Male,1999-05-11,Hyderabad,Telangana,2023-03-04,Bronze
1427,Riya,Pillai,riya.pillai1427@outlook.com,9219081892,Other,1982-05-30,Bengaluru,Karnataka,2023-05-15,Platinum
1428,Deepak,Naidu,deepak.naidu1428@outlook.com,9217366523,Male,1996-12-02,Bengaluru,Karnataka,2022-04-20,Bronze
1429,Swathi,Singh,swathi.singh1429@example.com,9504743857,Female,1992-02-09,Delhi,Delhi,2023-03-06,Bronze
1430,Divya,Mehta,divya.mehta1430@outlook.com,9097865564,Female,1965-01-26,Hyderabad,Telangana,2022-08-02,Platinum
1431,Swathi,Menon,swathi.menon1431@outlook.com,9737340962,Female,1991-01-14,Jaipur,Rajasthan,2025-07-08,Platinum
1432,Lakshmi,Mehta,lakshmi.mehta1432@yahoo.com,9080406245,Female,1984-07-01,Pune,Maharashtra,2022-05-06,Bronze
1433,Diya,Reddy,diya.reddy1433@gmail.com,9365434357,Female,1974-08-02,Bengaluru,Karnataka,2023-05-13,Bronze
1434,Manoj,Gupta,manoj.gupta1434@gmail.com,9508780848,Male,1975-07-31,Mysuru,Karnataka,2025-04-29,Silver
1435,Priya,Rao,priya.rao1435@gmail.com,9781575870,Male,1990-07-03,Chennai,Tamil Nadu,2025-08-01,Gold
1436,Lakshmi,Sharma,lakshmi.sharma1436@example.com,9163390530,Male,1968-06-13,Kochi,Kerala,2023-05-31,Bronze
1437,Lakshmi,Singh,lakshmi.singh1437@gmail.com,9344173555,Male,1989-03-28,Chennai,Tamil Nadu,2023-09-30,Bronze
1438,Naveen,Patel,naveen.patel1438@yahoo.com,9534507420,Male,1998-10-29,Mumbai,Maharashtra,2023-12-18,Bronze
1439,Riya,Verma,riya.verma1439@outlook.com,9348641291,Male,1968-06-21,Jaipur,Rajasthan,2025-01-30,Bronze
1440,Meera,Iyer,meera.iyer1440@outlook.com,9652836090,Female,1965-04-27,Kochi,Kerala,2024-11-18,Bronze
1441,Ishaan,Kumar,ishaan.kumar1441@gmail.com,,Female,1967-06-04,Chennai,Tamil Nadu,2023-12-19,Silver
1442,Tanvi,Iyer,tanvi.iyer1442@example.com,9908000173,Female,1994-03-10,Bengaluru,Karnataka,2023-05-24,Bronze
1443,Pooja,Singh,pooja.singh1443@yahoo.com,9039572576,Female,1998-11-21,Mysuru,Karnataka,2023-05-25,Bronze
1444,Neha,Menon,neha.menon1444@gmail.com,9067136078,Male,2004-07-02,Bengaluru,Karnataka,2024-06-07,Gold
1445,Santosh,Kapoor,santosh.kapoor1445@gmail.com,9540798502,Male,1966-02-25,Chennai,Tamil Nadu,2025-02-17,Bronze
1446,Divya,Verma,divya.verma1446@example.com,9201500968,Female,1984-04-08,Mumbai,Maharashtra,2022-04-15,Bronze
1447,Ishaan,Mehta,ishaan.mehta1447@example.com,9236639720,Female,1966-12-05,Ahmedabad,Gujarat,2024-11-18,Gold
1448,Priya,Iyer,priya.iyer1448@example.com,9088478194,Male,1979-11-04,Mumbai,Maharashtra,2023-10-21,Bronze
1449,Manoj,Mehta,manoj.mehta1449@yahoo.com,9416606126,Male,1977-04-24,Pune,Maharashtra,2022-07-18,Gold
1450,Lakshmi,Kumar,lakshmi.kumar1450@example.com,9714278674,Female,1989-03-21,Chennai,Tamil Nadu,2022-05-13,Bronze
1451,Ramesh,Pillai,ramesh.pillai1451@yahoo.com,9529297963,Male,2001-05-03,Gurugram,Haryana,2023-04-07,Bronze
1452,Ramesh,Mehta,ramesh.mehta1452@gmail.com,9219186191,Male,1997-03-02,Pune,Maharashtra,2022-12-06,Silver
1453,Divya,Naidu,divya.naidu1453@example.com,9151169066,Male,1967-07-18,Kolkata,West Bengal,2022-05-23,Bronze
1454,Naveen,Iyer,naveen.iyer1454@yahoo.com,9014624472,Female,1974-08-09,Jaipur,Rajasthan,2023-02-06,Bronze
1455,Sneha,Verma,sneha.verma1455@outlook.com,9685719315,Female,1975-12-28,Madurai,Tamil Nadu,2025-02-15,Bronze
1456,Rahul,Sharma,rahul.sharma1456@outlook.com,9348538399,Female,1975-01-09,Bengaluru,Karnataka,2024-09-09,Silver
1457,Pooja,Gupta,pooja.gupta1457@gmail.com,9477844256,Female,1979-02-14,Chennai,Tamil Nadu,2022-10-14,Bronze
1458,Manoj,Nair,manoj.nair1458@example.com,9434516833,Female,1989-04-09,Hyderabad,Telangana,2024-07-11,Silver
1459,Arjun,Verma,arjun.verma1459@gmail.com,9054897214,Male,1994-07-25,Jaipur,Rajasthan,2023-09-11,Silver
1460,Deepak,Reddy,deepak.reddy1460@example.com,9604023026,Female,2002-07-28,Hyderabad,Telangana,2024-10-19,Bronze
1461,Pooja,Shetty,pooja.shetty1461@yahoo.com,9973943837,Female,1993-02-05,Delhi,Delhi,2022-12-05,Bronze
1462,Naveen,Bose,naveen.bose1462@yahoo.com,9139284944,Female,1976-12-06,Mumbai,Maharashtra,2022-03-26,Bronze
1463,Karan,Sharma,karan.sharma1463@yahoo.com,9328553732,Male,1972-05-11,Chennai,Tamil Nadu,2023-03-05,Silver
1464,Harini,Naidu,harini.naidu1464@outlook.com,9080830977,Female,1980-01-23,Coimbatore,Tamil Nadu,2025-09-22,Bronze
1465,Kavya,Reddy,kavya.reddy1465@gmail.com,9571257546,Female,1996-12-18,Pune,Maharashtra,2024-01-31,Silver
1466,Riya,Mehta,riya.mehta1466@gmail.com,9053419898,Male,2004-09-15,Pune,Maharashtra,2022-03-16,Bronze
1467,Tanvi,Singh,tanvi.singh1467@outlook.com,9621693912,Male,1980-09-06,Hyderabad,Telangana,2025-08-28,Bronze
1468,Riya,Mehta,riya.mehta1468@outlook.com,9647373155,Male,1972-01-17,Chennai,Tamil Nadu,2025-02-04,Silver
1469,Harini,Pillai,harini.pillai1469@example.com,9504080906,Female,1965-03-14,Delhi,Delhi,2024-01-15,Bronze
1470,Rohan,Chopra,rohan.chopra1470@example.com,9313068341,Female,1968-01-29,Mysuru,Karnataka,2024-10-10,Bronze
1471,Manoj,Menon,manoj.menon1471@example.com,9495871039,Male,1990-06-17,Jaipur,Rajasthan,2022-09-10,Silver
1472,Kiran,Rao,kiran.rao1472@example.com,9109137017,Female,1988-07-29,Chennai,Tamil Nadu,2024-03-21,Silver
1473,Karan,Chopra,karan.chopra1473@example.com,9075263947,Male,1990-09-19,Bengaluru,Karnataka,2025-06-03,Bronze
1474,Rahul,Nair,rahul.nair1474@yahoo.com,9282589766,Male,1965-12-21,Mumbai,Maharashtra,2023-08-24,Bronze
1475,Meera,Gupta,meera.gupta1475@example.com,9465533170,Male,1982-06-20,Mumbai,Maharashtra,2022-02-23,Bronze
1476,Manoj,Iyer,manoj.iyer1476@example.com,9121714755,Female,1972-03-19,Mumbai,Maharashtra,2024-11-02,Silver
1477,Naveen,Chopra,naveen.chopra1477@outlook.com,9347468214,Female,1978-06-15,Hyderabad,Telangana,2024-09-26,Bronze
1478,Ramesh,Mehta,ramesh.mehta1478@gmail.com,9317667452,Male,1989-11-15,Lucknow,Uttar Pradesh,2024-10-09,Silver
1479,Ramesh,Rao,ramesh.rao1479@gmail.com,9798408573,Male,1976-01-09,Mumbai,Maharashtra,2024-06-06,Silver
1480,Kavya,Menon,kavya.menon1480@yahoo.com,9880546202,Female,1991-05-13,Mumbai,Maharashtra,2022-07-07,Gold
1481,Tanvi,Patel,tanvi.patel1481@outlook.com,9524364162,Female,1976-07-23,Hyderabad,Telangana,2022-06-06,Bronze
1482,Karan,Iyer,karan.iyer1482@outlook.com,9372033670,Female,1985-05-28,Bengaluru,Karnataka,2024-12-21,Bronze
1483,Kavya,Shetty,kavya.shetty1483@example.com,9771375376,Female,1983-05-09,Mumbai,Maharashtra,2025-03-16,Bronze
1484,Rohan,Patel,rohan.patel1484@outlook.com,9506191033,Female,1980-05-04,Chennai,Tamil Nadu,2022-04-18,Bronze
1485,Aarav,Iyer,aarav.iyer1485@outlook.com,9392816121,Male,1970-01-15,Pune,Maharashtra,2024-03-06,Bronze
1486,Divya,Singh,divya.singh1486@example.com,9348764221,Female,1988-01-13,Bengaluru,Karnataka,2023-11-17,Gold
1487,Lakshmi,Naidu,lakshmi.naidu1487@example.com,9675539847,Male,2004-07-30,Lucknow,Uttar Pradesh,2023-04-25,Bronze
1488,Neha,Patel,neha.patel1488@outlook.com,9312848340,Male,1990-09-20,Hyderabad,Telangana,2024-06-02,Bronze
1489,Aarav,Shetty,aarav.shetty1489@outlook.com,9730268925,Male,1994-10-24,Ahmedabad,Gujarat,2025-06-05,Bronze
1490,Aditya,Kumar,aditya.kumar1490@gmail.com,9476015588,Male,1997-02-12,Mumbai,Maharashtra,2025-01-29,Platinum
1491,Arjun,Kapoor,arjun.kapoor1491@outlook.com,9054408199,Female,1966-07-12,Bengaluru,Karnataka,2022-07-29,Bronze
1492,Manoj,Joshi,manoj.joshi1492@gmail.com,9814068503,Other,1996-09-09,Kolkata,West Bengal,2023-09-26,Silver
1493,Karan,Sharma,karan.sharma1493@yahoo.com,9143823282,Female,1974-09-11,Pune,Maharashtra,2025-07-05,Gold
1494,Rahul,Das,rahul.das1494@outlook.com,9963519921,Male,1991-07-30,Gurugram,Haryana,2022-11-21,Bronze
1495,Divya,Mehta,divya.mehta1495@gmail.com,,Female,2004-04-30,Hyderabad,Telangana,2025-03-15,Silver
1496,Swathi,Reddy,swathi.reddy1496@outlook.com,9289710166,Female,2000-09-29,Pune,Maharashtra,2023-11-03,Bronze
1497,Deepak,Das,deepak.das1497@yahoo.com,9993377300,Male,1981-07-26,Kolkata,West Bengal,2023-12-15,Bronze
1498,Siddharth,Iyer,siddharth.iyer1498@outlook.com,9837884619,Female,1998-07-02,Pune,Maharashtra,2022-12-09,Bronze
1499,Riya,Joshi,riya.joshi1499@yahoo.com,9833747027,Female,1989-09-23,Madurai,Tamil Nadu,2025-06-12,Bronze
1500,Karan,Bose,karan.bose1500@yahoo.com,9907082378,Male,1970-04-30,Pune,Maharashtra,2023-12-25,Silver
1501,Divya,Verma,divya.verma1501@yahoo.com,9439950965,Female,1974-08-04,Pune,Maharashtra,2024-02-27,Gold
1502,Aditya,Kumar,aditya.kumar1502@gmail.com,9197233848,Female,2003-03-30,Kochi,Kerala,2023-09-26,Bronze
1503,Deepak,Joshi,deepak.joshi1503@gmail.com,9634846145,Male,2001-08-02,Hyderabad,Telangana,2022-05-03,Silver
1504,Neha,Verma,neha.verma1504@example.com,9382804525,Male,2000-08-24,Hyderabad,Telangana,2024-12-04,Bronze
1505,Deepak,Gupta,deepak.gupta1505@gmail.com,9945990789,Female,1980-05-11,Gurugram,Haryana,2023-03-26,Bronze
1506,Kavya,Patel,kavya.patel1506@yahoo.com,9807850128,Female,1977-10-30,Mumbai,Maharashtra,2022-11-25,Silver
1507,Ishaan,Sharma,ishaan.sharma1507@gmail.com,9171802157,Female,1997-03-21,Delhi,Delhi,2024-12-06,Bronze
1508,Deepak,Bose,deepak.bose1508@outlook.com,9456472111,Female,1965-10-22,Hyderabad,Telangana,2022-10-01,Silver
1509,Sneha,Mehta,sneha.mehta1509@outlook.com,9000162508,Female,2000-11-16,Chennai,Tamil Nadu,2024-07-23,Bronze
1510,Kavya,Pillai,kavya.pillai1510@yahoo.com,9346974330,Female,1989-02-22,Delhi,Delhi,2023-10-12,Gold
1511,Diya,Menon,diya.menon1511@example.com,9372302042,Female,1990-04-17,Bengaluru,Karnataka,2024-12-31,Bronze
1512,Ananya,Kapoor,ananya.kapoor1512@yahoo.com,9953591251,Female,1982-07-11,Chennai,Tamil Nadu,2022-03-11,Bronze
1513,Meera,Shetty,meera.shetty1513@outlook.com,9518705255,Male,2004-02-23,Pune,Maharashtra,2024-11-26,Silver
1514,Rahul,Rao,rahul.rao1514@yahoo.com,9915912712,Female,1994-12-18,Delhi,Delhi,2022-11-10,Bronze
1515,Vikram,Gupta,vikram.gupta1515@outlook.com,9950854933,Female,1967-02-26,Ahmedabad,Gujarat,2025-04-06,Bronze
1516,Vikram,Mehta,vikram.mehta1516@gmail.com,9521130592,Female,1985-12-21,Chennai,Tamil Nadu,2023-04-30,Gold
1517,Aarav,Bose,aarav.bose1517@yahoo.com,9001544736,Female,1999-05-13,Bengaluru,Karnataka,2022-01-10,Bronze
1518,Harini,Mehta,harini.mehta1518@outlook.com,9911218851,Female,1968-01-22,Kochi,Kerala,2023-10-30,Bronze
1519,Rahul,Das,rahul.das1519@example.com,9894665322,Male,1994-06-16,Mysuru,Karnataka,2022-03-16,Bronze
1520,Ishaan,Nair,ishaan.nair1520@yahoo.com,9378104758,Male,1974-10-13,Chennai,Tamil Nadu,2023-01-04,Silver
1521,Ishaan,Shetty,ishaan.shetty1521@yahoo.com,9775017373,Male,1985-04-01,Coimbatore,Tamil Nadu,2024-09-08,Silver
1522,Kiran,Joshi,kiran.joshi1522@yahoo.com,9068414930,Male,2000-04-11,Mumbai,Maharashtra,2024-02-07,Gold
1523,Meera,Singh,meera.singh1523@yahoo.com,9720631011,Male,1984-09-06,Ahmedabad,Gujarat,2024-08-28,Bronze
1524,Siddharth,Menon,siddharth.menon1524@example.com,9038308695,Male,1966-07-05,Delhi,Delhi,2025-04-17,Bronze
1525,Priya,Mehta,priya.mehta1525@outlook.com,9450342894,Male,1965-10-31,Delhi,Delhi,2023-10-03,Bronze
1526,Aditya,Nair,aditya.nair1526@yahoo.com,9729775859,Male,1994-06-13,Chennai,Tamil Nadu,2024-01-15,Bronze
1527,Siddharth,Kapoor,siddharth.kapoor1527@yahoo.com,9642900012,Female,2002-03-19,Hyderabad,Telangana,2022-03-21,Silver
1528,Rahul,Kapoor,rahul.kapoor1528@outlook.com,9424440525,Female,1976-09-02,Mumbai,Maharashtra,2023-01-28,Bronze
1529,Lakshmi,Bose,lakshmi.bose1529@outlook.com,9087333974,Male,2002-05-23,Mysuru,Karnataka,2024-09-18,Silver
1530,Vivaan,Gupta,vivaan.gupta1530@yahoo.com,9608536049,Male,1983-02-04,Chennai,Tamil Nadu,2022-03-26,Silver
1531,Priya,Patel,,9705653649,Male,1967-05-08,Coimbatore,Tamil Nadu,2023-05-07,Silver
1532,Ramesh,Sharma,ramesh.sharma1532@yahoo.com,9894617770,Male,1986-03-24,Bengaluru,Karnataka,2022-07-07,Bronze
1533,Divya,Chopra,divya.chopra1533@yahoo.com,9429564166,Male,2003-12-04,Mumbai,Maharashtra,2025-03-19,Bronze
1534,Neha,Singh,neha.singh1534@gmail.com,9363637840,Male,1974-12-31,Delhi,Delhi,2024-02-08,Gold
1535,Karan,Kapoor,karan.kapoor1535@yahoo.com,9697353776,Male,2003-05-27,Bengaluru,Karnataka,2024-06-01,Silver
1536,Ananya,Kapoor,ananya.kapoor1536@example.com,,Female,1991-01-23,Mumbai,Maharashtra,2024-07-24,Bronze
1537,Karan,Iyer,karan.iyer1537@example.com,9970387119,Female,1980-10-31,Gurugram,Haryana,2022-11-04,Silver
1538,Tanvi,Naidu,tanvi.naidu1538@yahoo.com,9095823711,Female,1992-09-20,Delhi,Delhi,2022-03-09,Gold
1539,Vikram,Iyer,vikram.iyer1539@gmail.com,9609675690,Male,1981-01-08,Gurugram,Haryana,2023-06-29,Bronze
1540,Sneha,Kumar,sneha.kumar1540@outlook.com,9261200461,Male,1968-05-26,Hyderabad,Telangana,2022-09-12,Gold
1541,Tanvi,Kumar,tanvi.kumar1541@outlook.com,9976059255,Female,1999-10-23,Kolkata,West Bengal,2023-03-17,Bronze
1542,Naveen,Shetty,naveen.shetty1542@example.com,9691002385,Male,1979-12-13,Chennai,Tamil Nadu,2023-03-13,Platinum
1543,Diya,Joshi,diya.joshi1543@outlook.com,9759362290,Female,1987-08-14,Hyderabad,Telangana,2024-12-06,Bronze
1544,Naveen,Kapoor,naveen.kapoor1544@gmail.com,9231734384,Other,1994-10-03,Chennai,Tamil Nadu,2023-03-14,Bronze
1545,Priya,Menon,priya.menon1545@example.com,9769696017,Female,1968-04-25,Hyderabad,Telangana,2022-07-27,Bronze
1546,Santosh,Bose,santosh.bose1546@outlook.com,9017321384,Male,1993-11-05,Hyderabad,Telangana,2025-08-05,Gold
1547,Tanvi,Kapoor,tanvi.kapoor1547@example.com,9972199137,Female,1979-08-08,Chennai,Tamil Nadu,2022-03-09,Platinum
1548,Lakshmi,Kapoor,lakshmi.kapoor1548@gmail.com,9992874388,Male,1986-10-09,Delhi,Delhi,2022-10-06,Bronze
1549,Meera,Mehta,meera.mehta1549@yahoo.com,9942837552,Male,1983-04-10,Coimbatore,Tamil Nadu,2023-04-21,Bronze
1550,Ramesh,Gupta,ramesh.gupta1550@yahoo.com,9262690911,Male,1996-02-02,Chennai,Tamil Nadu,2022-03-27,Bronze
1551,Ananya,Shetty,ananya.shetty1551@yahoo.com,9826102522,Female,1972-07-01,Bengaluru,Karnataka,2025-05-16,Bronze
1552,Meera,Pillai,meera.pillai1552@example.com,9810184982,Female,1969-04-21,Hyderabad,Telangana,2023-04-29,Silver
1553,Meera,Naidu,meera.naidu1553@gmail.com,,Male,1981-06-05,Coimbatore,Tamil Nadu,2024-12-06,Bronze
1554,Manoj,Menon,manoj.menon1554@gmail.com,9511586361,Male,1969-09-22,Hyderabad,Telangana,2022-07-04,Platinum
1555,Sneha,Naidu,sneha.naidu1555@gmail.com,9496120429,Female,1974-09-14,Chennai,Tamil Nadu,2023-12-16,Gold
1556,Aditya,Chopra,aditya.chopra1556@example.com,9304769355,Female,1991-04-14,Delhi,Delhi,2022-06-23,Bronze
1557,Lakshmi,Chopra,lakshmi.chopra1557@gmail.com,9007369272,Male,1997-09-23,Jaipur,Rajasthan,2022-11-14,Bronze
1558,Deepak,Nair,deepak.nair1558@outlook.com,9713440808,Male,1992-09-18,Mumbai,Maharashtra,2023-07-12,Platinum
1559,Arjun,Menon,arjun.menon1559@gmail.com,9277450916,Female,1977-09-13,Pune,Maharashtra,2025-03-27,Gold
1560,Naveen,Chopra,naveen.chopra1560@yahoo.com,9073402475,Female,1997-07-24,Kolkata,West Bengal,2023-02-24,Silver
1561,Tanvi,Pillai,tanvi.pillai1561@outlook.com,9252552255,Female,1981-03-26,Lucknow,Uttar Pradesh,2024-10-30,Bronze
1562,Aditya,Shetty,aditya.shetty1562@gmail.com,9944483336,Male,1972-03-28,Pune,Maharashtra,2022-05-06,Bronze
1563,Meera,Singh,meera.singh1563@gmail.com,9642628642,Male,1995-03-26,Ahmedabad,Gujarat,2022-12-11,Silver
1564,Divya,Singh,divya.singh1564@outlook.com,9768770060,Male,1985-08-28,Ahmedabad,Gujarat,2024-04-07,Bronze
1565,Vikram,Shetty,vikram.shetty1565@gmail.com,9885749026,Male,1979-10-25,Gurugram,Haryana,2023-10-04,Silver
1566,Harini,Shetty,harini.shetty1566@yahoo.com,9728482621,Female,1991-06-02,Hyderabad,Telangana,2023-11-18,Silver
1567,Priya,Nair,priya.nair1567@outlook.com,9762693525,Male,1993-12-21,Bengaluru,Karnataka,2024-07-17,Bronze
1568,Karan,Gupta,karan.gupta1568@gmail.com,9861740629,Female,1973-12-11,Bengaluru,Karnataka,2022-04-16,Bronze
1569,Ananya,Naidu,ananya.naidu1569@gmail.com,9966300439,Female,1969-09-09,Mumbai,Maharashtra,2024-08-10,Bronze
1570,Neha,Nair,neha.nair1570@yahoo.com,9228830058,Other,1985-08-31,Mumbai,Maharashtra,2025-03-27,Gold
1571,Santosh,Pillai,santosh.pillai1571@outlook.com,9303044704,Female,1967-01-23,Hyderabad,Telangana,2024-11-14,Bronze
1572,Harini,Iyer,harini.iyer1572@gmail.com,9149780786,Female,1990-07-10,Mumbai,Maharashtra,2023-01-25,Bronze
1573,Rohan,Nair,rohan.nair1573@yahoo.com,9707824401,Male,1982-08-01,Mumbai,Maharashtra,2023-04-26,Platinum
1574,Naveen,Pillai,naveen.pillai1574@example.com,9315006233,Male,1973-07-28,Kolkata,West Bengal,2025-08-09,Silver
1575,Neha,Rao,neha.rao1575@yahoo.com,9441045710,Male,1988-12-05,Bengaluru,Karnataka,2024-12-17,Bronze
1576,Arjun,Menon,arjun.menon1576@yahoo.com,9592045616,Other,1980-01-06,Chennai,Tamil Nadu,2025-06-29,Gold
1577,Harini,Kapoor,harini.kapoor1577@outlook.com,9309538729,Female,1980-07-11,Gurugram,Haryana,2025-06-04,Bronze
1578,Ananya,Singh,ananya.singh1578@yahoo.com,9524182409,Male,1973-08-25,Kolkata,West Bengal,2023-08-18,Platinum
1579,Sneha,Das,sneha.das1579@yahoo.com,9363552452,Male,1992-01-10,Lucknow,Uttar Pradesh,2022-06-27,Gold
1580,Santosh,Rao,santosh.rao1580@example.com,9114226697,Male,2001-02-03,Kolkata,West Bengal,2022-11-09,Bronze
1581,Aarav,Chopra,aarav.chopra1581@gmail.com,9499218884,Male,1989-09-24,Ahmedabad,Gujarat,2023-02-07,Bronze
1582,Karan,Singh,karan.singh1582@outlook.com,9877627885,Female,1974-06-20,Coimbatore,Tamil Nadu,2025-02-16,Bronze
1583,Santosh,Rao,santosh.rao1583@yahoo.com,9072201423,Male,1998-04-25,Hyderabad,Telangana,2023-01-14,Silver
1584,Siddharth,Mehta,siddharth.mehta1584@example.com,9554482080,Female,1969-10-31,Chennai,Tamil Nadu,2023-05-10,Silver
1585,Aarav,Das,aarav.das1585@outlook.com,9738114476,Female,1976-08-01,Pune,Maharashtra,2025-03-11,Bronze
1586,Aarav,Kapoor,aarav.kapoor1586@example.com,9962029772,Male,1966-05-29,Jaipur,Rajasthan,2022-08-12,Platinum
1587,Lakshmi,Gupta,lakshmi.gupta1587@gmail.com,9479508903,Male,1998-11-30,Madurai,Tamil Nadu,2024-06-27,Bronze
1588,Ishaan,Joshi,,9999901464,Other,1966-10-19,Mumbai,Maharashtra,2024-01-26,Silver
1589,Arjun,Naidu,arjun.naidu1589@example.com,9226981127,Female,1986-11-02,Coimbatore,Tamil Nadu,2025-09-09,Silver
1590,Pooja,Pillai,pooja.pillai1590@yahoo.com,9075685646,Male,1972-08-29,Mysuru,Karnataka,2023-11-01,Bronze
1591,Arjun,Shetty,arjun.shetty1591@example.com,9300764742,Male,1973-06-26,Chennai,Tamil Nadu,2023-12-15,Bronze
1592,Tanvi,Menon,tanvi.menon1592@outlook.com,9539776674,Female,1989-04-24,Bengaluru,Karnataka,2025-03-09,Silver
1593,Pooja,Patel,pooja.patel1593@yahoo.com,9806506075,Female,1997-02-17,Jaipur,Rajasthan,2025-09-19,Silver
1594,Tanvi,Shetty,,,Female,1965-09-15,Hyderabad,Telangana,2024-09-25,Bronze
1595,Meera,Rao,meera.rao1595@gmail.com,9090596667,Female,1971-05-06,Kolkata,West Bengal,2024-08-13,Silver
1596,Ramesh,Reddy,ramesh.reddy1596@outlook.com,9131226950,Female,1976-06-18,Delhi,Delhi,2025-04-14,Bronze
1597,Tanvi,Singh,tanvi.singh1597@gmail.com,9657346725,Male,2002-09-19,Chennai,Tamil Nadu,2025-09-03,Bronze
1598,Priya,Patel,priya.patel1598@gmail.com,9903599554,Female,1967-04-30,Chennai,Tamil Nadu,2024-10-02,Gold
1599,Aarav,Bose,aarav.bose1599@gmail.com,9475581975,Male,1972-02-20,Gurugram,Haryana,2023-02-05,Bronze
1600,Vikram,Verma,vikram.verma1600@example.com,9555372653,Female,1981-02-19,Chennai,Tamil Nadu,2024-05-29,Silver
1601,Arjun,Chopra,arjun.chopra1601@outlook.com,9836225921,Other,1978-01-06,Ahmedabad,Gujarat,2022-11-20,Silver
1602,Aarav,Menon,aarav.menon1602@outlook.com,9147728158,Other,1966-12-11,Mysuru,Karnataka,2023-11-16,Bronze
1603,Vikram,Verma,vikram.verma1603@outlook.com,9873733562,Female,1986-08-05,Pune,Maharashtra,2023-09-01,Bronze
1604,Karan,Rao,karan.rao1604@outlook.com,9982204198,Female,1989-04-15,Gurugram,Haryana,2025-09-13,Bronze
1605,Aditya,Pillai,aditya.pillai1605@yahoo.com,9826425191,Female,1972-01-29,Chennai,Tamil Nadu,2024-01-29,Bronze
1606,Siddharth,Chopra,siddharth.chopra1606@yahoo.com,9325693205,Other,1992-07-08,Chennai,Tamil Nadu,2025-08-06,Silver
1607,Neha,Das,neha.das1607@outlook.com,9909290832,Female,1967-04-09,Kochi,Kerala,2025-01-11,Bronze
1608,Rohan,Singh,rohan.singh1608@example.com,9217049486,Male,1994-03-27,Chennai,Tamil Nadu,2025-03-08,Platinum
1609,Vikram,Nair,vikram.nair1609@example.com,9790330119,Male,1975-05-12,Hyderabad,Telangana,2022-08-20,Bronze
1610,Aarav,Sharma,aarav.sharma1610@outlook.com,9858348115,Female,1973-12-20,Hyderabad,Telangana,2024-11-27,Bronze
1611,Vivaan,Gupta,vivaan.gupta1611@example.com,9266310430,Female,1972-11-07,Chennai,Tamil Nadu,2022-12-11,Gold
1612,Ishaan,Rao,ishaan.rao1612@example.com,9699114954,Female,1999-09-20,Delhi,Delhi,2024-03-01,Bronze
1613,Kavya,Sharma,kavya.sharma1613@outlook.com,9969895307,Female,1985-01-26,Delhi,Delhi,2023-10-28,Silver
1614,Tanvi,Shetty,tanvi.shetty1614@example.com,9208457385,Male,1992-08-05,Hyderabad,Telangana,2022-12-22,Silver
1615,Ramesh,Menon,ramesh.menon1615@gmail.com,9527268146,Male,1973-02-25,Kolkata,West Bengal,2025-09-10,Gold
1616,Sneha,Patel,sneha.patel1616@gmail.com,9204498121,Female,1967-04-08,Chennai,Tamil Nadu,2025-04-13,Bronze
1617,Sneha,Shetty,sneha.shetty1617@yahoo.com,9938050501,Male,1966-07-12,Bengaluru,Karnataka,2024-02-26,Bronze
1618,Naveen,Nair,,9176512397,Female,1982-08-15,Mumbai,Maharashtra,2022-01-15,Platinum
1619,Rahul,Shetty,rahul.shetty1619@yahoo.com,9003249154,Female,1978-01-19,Lucknow,Uttar Pradesh,2022-09-08,Bronze
1620,Ramesh,Patel,ramesh.patel1620@gmail.com,9655292100,Female,1995-09-10,Bengaluru,Karnataka,2022-11-08,Silver
1621,Naveen,Gupta,naveen.gupta1621@example.com,9381055502,Male,1996-07-07,Chennai,Tamil Nadu,2025-08-23,Silver
1622,Riya,Mehta,riya.mehta1622@outlook.com,,Female,1977-06-06,Mumbai,Maharashtra,2023-07-07,Silver
1623,Divya,Shetty,divya.shetty1623@gmail.com,9522700358,Male,1982-05-01,Gurugram,Haryana,2022-03-05,Silver
1624,Ishaan,Patel,ishaan.patel1624@outlook.com,9523336773,Male,1980-04-02,Bengaluru,Karnataka,2024-03-13,Platinum
1625,Swathi,Shetty,swathi.shetty1625@outlook.com,9207901272,Male,1991-12-27,Hyderabad,Telangana,2025-07-25,Bronze
1626,Pooja,Singh,pooja.singh1626@yahoo.com,9033352017,Male,1990-03-03,Delhi,Delhi,2024-02-07,Silver
1627,Karan,Patel,karan.patel1627@example.com,9629577355,Female,1991-01-10,Hyderabad,Telangana,2023-08-31,Silver
1628,Vivaan,Rao,vivaan.rao1628@example.com,9463004925,Female,1967-03-22,Chennai,Tamil Nadu,2022-08-29,Bronze
1629,Manoj,Joshi,manoj.joshi1629@example.com,9161483900,Male,1978-07-05,Chennai,Tamil Nadu,2025-04-18,Gold
1630,Priya,Singh,priya.singh1630@gmail.com,9124923075,Female,2003-08-27,Hyderabad,Telangana,2022-05-24,Bronze
1631,Siddharth,Iyer,siddharth.iyer1631@yahoo.com,9042427057,Female,1978-08-31,Mumbai,Maharashtra,2025-07-02,Bronze
1632,Diya,Gupta,diya.gupta1632@example.com,9097246578,Female,1971-12-23,Kolkata,West Bengal,2022-11-01,Gold
1633,Kiran,Das,kiran.das1633@yahoo.com,9314572905,Female,1972-12-24,Pune,Maharashtra,2022-07-09,Gold
1634,Priya,Sharma,priya.sharma1634@yahoo.com,9462908453,Female,1966-01-25,Delhi,Delhi,2023-04-23,Bronze
1635,Aditya,Verma,aditya.verma1635@yahoo.com,,Male,1996-03-18,Lucknow,Uttar Pradesh,2022-01-07,Silver
1636,Vikram,Naidu,vikram.naidu1636@yahoo.com,9447694053,Male,1965-03-19,Hyderabad,Telangana,2022-01-20,Bronze
1637,Ishaan,Sharma,ishaan.sharma1637@outlook.com,9086669677,Female,1988-10-30,Hyderabad,Telangana,2022-09-13,Bronze
1638,Santosh,Mehta,santosh.mehta1638@gmail.com,9770428555,Female,1980-12-21,Jaipur,Rajasthan,2024-08-05,Bronze
1639,Lakshmi,Pillai,lakshmi.pillai1639@example.com,9672972643,Female,1968-10-14,Chennai,Tamil Nadu,2025-01-20,Gold
1640,Divya,Singh,divya.singh1640@outlook.com,9828687619,Male,2000-05-07,Delhi,Delhi,2022-12-06,Bronze
1641,Sneha,Kumar,sneha.kumar1641@gmail.com,9632131846,Male,1994-08-29,Delhi,Delhi,2024-06-01,Bronze
1642,Ramesh,Verma,ramesh.verma1642@example.com,9894069317,Female,1997-10-08,Bengaluru,Karnataka,2023-04-27,Silver
1643,Priya,Pillai,priya.pillai1643@outlook.com,9610511348,Male,2002-06-11,Hyderabad,Telangana,2023-08-16,Bronze
1644,Sneha,Rao,sneha.rao1644@yahoo.com,9486351939,Female,2001-06-16,Chennai,Tamil Nadu,2023-04-04,Bronze
1645,Arjun,Kapoor,arjun.kapoor1645@yahoo.com,9624160611,Female,1993-01-03,Chennai,Tamil Nadu,2025-05-05,Bronze
1646,Pooja,Kapoor,pooja.kapoor1646@outlook.com,9208997277,Male,1986-05-04,Hyderabad,Telangana,2023-12-02,Silver
1647,Pooja,Gupta,pooja.gupta1647@gmail.com,9289358293,Male,1992-11-11,Chennai,Tamil Nadu,2023-11-25,Silver
1648,Aarav,Sharma,aarav.sharma1648@outlook.com,9927534269,Male,1982-12-09,Gurugram,Haryana,2025-03-23,Silver
1649,Pooja,Singh,pooja.singh1649@outlook.com,9526492548,Male,1972-04-01,Ahmedabad,Gujarat,2024-06-18,Bronze
1650,Manoj,Iyer,manoj.iyer1650@yahoo.com,9168352493,Female,1980-06-04,Gurugram,Haryana,2022-07-24,Bronze
1651,Diya,Das,diya.das1651@yahoo.com,9254709784,Female,1983-08-31,Chennai,Tamil Nadu,2022-09-16,Silver
1652,Pooja,Iyer,pooja.iyer1652@outlook.com,9438052696,Male,1966-11-09,Chennai,Tamil Nadu,2023-04-12,Bronze
1653,Vikram,Naidu,vikram.naidu1653@outlook.com,9030416538,Female,1998-11-17,Chennai,Tamil Nadu,2022-05-15,Bronze
1654,Vikram,Rao,vikram.rao1654@yahoo.com,9763257870,Male,2001-05-11,Bengaluru,Karnataka,2024-08-05,Bronze
1655,Arjun,Patel,arjun.patel1655@example.com,9920541224,Male,1981-10-15,Jaipur,Rajasthan,2023-11-10,Bronze
1656,Siddharth,Naidu,siddharth.naidu1656@example.com,9760168031,Female,1984-11-01,Hyderabad,Telangana,2022-03-02,Bronze
1657,Lakshmi,Pillai,lakshmi.pillai1657@yahoo.com,9431975739,Female,1998-08-14,Chennai,Tamil Nadu,2023-07-03,Platinum
1658,Naveen,Mehta,naveen.mehta1658@outlook.com,9435568271,Female,1983-03-11,Kolkata,West Bengal,2025-02-10,Bronze
1659,Tanvi,Iyer,tanvi.iyer1659@example.com,9245618557,Male,1992-07-04,Hyderabad,Telangana,2025-05-26,Silver
1660,Sneha,Singh,sneha.singh1660@gmail.com,9644252642,Female,1985-08-05,Bengaluru,Karnataka,2025-08-09,Bronze
1661,Sneha,Menon,sneha.menon1661@outlook.com,9495346150,Male,1975-11-03,Mysuru,Karnataka,2025-06-17,Silver
1662,Meera,Pillai,meera.pillai1662@example.com,9861489121,Other,1996-09-29,Pune,Maharashtra,2024-04-11,Silver
1663,Priya,Patel,priya.patel1663@gmail.com,9387236544,Female,1972-09-14,Gurugram,Haryana,2025-06-23,Gold
1664,Sneha,Chopra,sneha.chopra1664@yahoo.com,9957937822,Female,1973-12-22,Chennai,Tamil Nadu,2025-08-02,Bronze
1665,Ramesh,Patel,ramesh.patel1665@example.com,9167737064,Male,1992-08-21,Ahmedabad,Gujarat,2024-05-19,Silver
1666,Priya,Reddy,priya.reddy1666@example.com,9895693153,Male,1993-05-18,Kolkata,West Bengal,2023-07-20,Bronze
1667,Pooja,Mehta,pooja.mehta1667@example.com,9675354173,Female,2003-02-26,Kolkata,West Bengal,2025-08-15,Silver
1668,Meera,Nair,meera.nair1668@outlook.com,9591414393,Male,1993-05-31,Chennai,Tamil Nadu,2023-07-23,Gold
1669,Vikram,Mehta,vikram.mehta1669@gmail.com,9614862984,Female,1965-12-27,Bengaluru,Karnataka,2022-08-16,Silver
1670,Vikram,Gupta,vikram.gupta1670@gmail.com,9913998126,Female,1998-12-17,Kolkata,West Bengal,2022-05-26,Silver
1671,Aditya,Patel,aditya.patel1671@example.com,9099892821,Other,1981-07-19,Coimbatore,Tamil Nadu,2024-02-16,Gold
1672,Kavya,Pillai,kavya.pillai1672@outlook.com,9279626553,Male,1965-05-07,Pune,Maharashtra,2022-02-18,Gold
1673,Manoj,Singh,manoj.singh1673@gmail.com,9138403456,Female,1988-02-24,Delhi,Delhi,2022-06-12,Bronze
1674,Santosh,Joshi,santosh.joshi1674@gmail.com,9414054367,Male,1971-10-24,Bengaluru,Karnataka,2022-12-01,Bronze
1675,Kiran,Chopra,kiran.chopra1675@gmail.com,9255542100,Male,1981-08-18,Gurugram,Haryana,2023-12-27,Silver
1676,Vivaan,Joshi,vivaan.joshi1676@example.com,9808824333,Female,1983-10-31,Jaipur,Rajasthan,2023-10-17,Platinum
1677,Deepak,Patel,deepak.patel1677@example.com,9364139905,Male,1967-12-20,Delhi,Delhi,2023-12-01,Bronze
1678,Ramesh,Bose,ramesh.bose1678@example.com,9910239232,Female,1998-12-31,Hyderabad,Telangana,2023-11-27,Bronze
1679,Kavya,Reddy,kavya.reddy1679@gmail.com,9390461092,Female,1985-05-27,Kolkata,West Bengal,2025-09-23,Bronze
1680,Vikram,Patel,vikram.patel1680@outlook.com,9230105429,Other,2003-07-31,Mumbai,Maharashtra,2022-10-25,Bronze
1681,Ananya,Kapoor,ananya.kapoor1681@example.com,9300752224,Other,1983-08-01,Delhi,Delhi,2023-10-11,Bronze
1682,Santosh,Singh,santosh.singh1682@outlook.com,9767057250,Female,1988-10-12,Kolkata,West Bengal,2024-04-18,Bronze
1683,Divya,Joshi,divya.joshi1683@example.com,9976564928,Male,1997-06-22,Delhi,Delhi,2023-01-11,Bronze
1684,Tanvi,Sharma,tanvi.sharma1684@outlook.com,9780466662,Female,1973-06-25,Chennai,Tamil Nadu,2022-09-06,Silver
1685,Neha,Rao,,9849555895,Male,2001-05-02,Bengaluru,Karnataka,2022-03-05,Bronze
1686,Tanvi,Kapoor,tanvi.kapoor1686@yahoo.com,9500734623,Female,1972-05-18,Chennai,Tamil Nadu,2023-03-23,Bronze
1687,Aditya,Chopra,aditya.chopra1687@yahoo.com,9075151722,Female,2004-10-23,Mumbai,Maharashtra,2022-12-14,Bronze
1688,Sneha,Menon,sneha.menon1688@gmail.com,9876651399,Female,1990-07-24,Mumbai,Maharashtra,2022-09-25,Bronze
1689,Vivaan,Bose,vivaan.bose1689@outlook.com,9788377194,Male,1985-09-26,Mumbai,Maharashtra,2023-01-07,Bronze
1690,Naveen,Patel,naveen.patel1690@example.com,9343359427,Male,1973-05-26,Hyderabad,Telangana,2024-08-11,Bronze
1691,Swathi,Gupta,swathi.gupta1691@gmail.com,9252223966,Male,1987-10-01,Gurugram,Haryana,2025-02-06,Bronze
1692,Neha,Verma,neha.verma1692@yahoo.com,9003807821,Male,1987-02-10,Ahmedabad,Gujarat,2023-12-09,Silver
1693,Diya,Joshi,diya.joshi1693@outlook.com,9108760968,Male,2004-04-28,Chennai,Tamil Nadu,2022-04-02,Bronze
1694,Manoj,Chopra,manoj.chopra1694@yahoo.com,9318011052,Male,1998-05-16,Delhi,Delhi,2024-10-04,Bronze
1695,Tanvi,Pillai,tanvi.pillai1695@gmail.com,9991802620,Male,1984-04-21,Pune,Maharashtra,2022-07-28,Bronze
1696,Manoj,Chopra,manoj.chopra1696@gmail.com,9162228880,Female,1980-08-01,Mumbai,Maharashtra,2022-03-20,Bronze
1697,Neha,Iyer,neha.iyer1697@gmail.com,9285028841,Male,1980-06-22,Chennai,Tamil Nadu,2024-02-18,Bronze
1698,Rahul,Joshi,rahul.joshi1698@example.com,9027829897,Female,1980-02-17,Gurugram,Haryana,2023-08-06,Bronze
1699,Aditya,Pillai,aditya.pillai1699@yahoo.com,9596842543,Male,1965-07-18,Kochi,Kerala,2023-03-03,Bronze
1700,Vikram,Reddy,vikram.reddy1700@example.com,9663253226,Female,1966-06-12,Delhi,Delhi,2025-08-16,Bronze
1701,Neha,Kumar,neha.kumar1701@outlook.com,9431069386,Male,1995-01-14,Ahmedabad,Gujarat,2022-05-05,Gold
1702,Priya,Naidu,priya.naidu1702@yahoo.com,9351378296,Female,1975-02-27,Lucknow,Uttar Pradesh,2022-03-15,Bronze
1703,Neha,Mehta,neha.mehta1703@example.com,9278212702,Female,1981-06-10,Hyderabad,Telangana,2024-03-15,Bronze
1704,Vikram,Pillai,vikram.pillai1704@yahoo.com,9305818987,Female,1992-11-28,Pune,Maharashtra,2023-07-27,Bronze
1705,Naveen,Das,naveen.das1705@gmail.com,9429543237,Male,1989-04-14,Mumbai,Maharashtra,2025-01-02,Bronze
1706,Diya,Joshi,diya.joshi1706@example.com,9531423191,Female,1979-05-29,Lucknow,Uttar Pradesh,2022-02-25,Silver
1707,Divya,Rao,divya.rao1707@outlook.com,9163946898,Male,1995-01-29,Bengaluru,Karnataka,2023-07-29,Bronze
1708,Diya,Joshi,diya.joshi1708@yahoo.com,9582883061,Male,1971-05-01,Hyderabad,Telangana,2022-07-20,Bronze
1709,Kavya,Pillai,kavya.pillai1709@outlook.com,9095689913,Male,1983-11-23,Kolkata,West Bengal,2022-02-26,Gold
1710,Sneha,Naidu,sneha.naidu1710@example.com,9702531844,Female,1969-03-25,Chennai,Tamil Nadu,2023-09-26,Bronze
1711,Rahul,Patel,rahul.patel1711@yahoo.com,9664828807,Male,1986-04-02,Gurugram,Haryana,2024-10-03,Bronze
1712,Karan,Naidu,karan.naidu1712@example.com,9149157400,Female,1968-10-19,Hyderabad,Telangana,2022-08-04,Silver
1713,Diya,Rao,diya.rao1713@example.com,9500954175,Male,2002-08-21,Kochi,Kerala,2025-02-27,Platinum
1714,Lakshmi,Menon,lakshmi.menon1714@example.com,9272552872,Male,1991-05-08,Ahmedabad,Gujarat,2023-12-12,Bronze
1715,Ishaan,Singh,ishaan.singh1715@gmail.com,9134540633,Male,1974-10-24,Coimbatore,Tamil Nadu,2023-10-20,Silver
1716,Kavya,Mehta,kavya.mehta1716@gmail.com,9580965077,Male,1989-06-28,Delhi,Delhi,2025-06-17,Bronze
1717,Santosh,Joshi,santosh.joshi1717@gmail.com,9588836051,Female,1978-12-28,Madurai,Tamil Nadu,2023-03-27,Silver
1718,Manoj,Gupta,manoj.gupta1718@outlook.com,9364809740,Female,1985-09-23,Pune,Maharashtra,2022-10-02,Bronze
1719,Kavya,Patel,kavya.patel1719@yahoo.com,9045526633,Female,1971-09-10,Pune,Maharashtra,2024-12-12,Silver
1720,Aditya,Bose,aditya.bose1720@example.com,9475192602,Male,1984-12-31,Kolkata,West Bengal,2022-05-27,Bronze
1721,Aarav,Mehta,aarav.mehta1721@gmail.com,9585092316,Male,1969-04-08,Bengaluru,Karnataka,2025-04-08,Bronze
1722,Meera,Rao,meera.rao1722@yahoo.com,9426156865,Female,1971-02-14,Chennai,Tamil Nadu,2025-02-03,Bronze
1723,Lakshmi,Sharma,lakshmi.sharma1723@yahoo.com,9025557951,Male,1988-05-06,Delhi,Delhi,2025-08-30,Silver
1724,Aarav,Verma,aarav.verma1724@example.com,9425555318,Male,1985-01-04,Mumbai,Maharashtra,2023-09-23,Silver
1725,Swathi,Bose,swathi.bose1725@gmail.com,9429037483,Female,1976-09-26,Mumbai,Maharashtra,2024-05-01,Gold
1726,Santosh,Iyer,,9644497344,Male,1967-05-26,Bengaluru,Karnataka,2025-04-23,Platinum
1727,Aarav,Pillai,aarav.pillai1727@example.com,9755435890,Male,1981-12-06,Madurai,Tamil Nadu,2022-06-30,Bronze
1728,Ananya,Naidu,ananya.naidu1728@example.com,9261641557,Male,2002-01-04,Kolkata,West Bengal,2023-02-24,Silver
1729,Karan,Kumar,karan.kumar1729@example.com,9894679623,Female,1993-04-21,Bengaluru,Karnataka,2023-10-08,Bronze
1730,Naveen,Kapoor,naveen.kapoor1730@outlook.com,9213472111,Male,1967-04-28,Hyderabad,Telangana,2024-05-09,Gold
1731,Pooja,Mehta,pooja.mehta1731@gmail.com,,Female,2002-06-29,Jaipur,Rajasthan,2024-07-18,Silver
1732,Siddharth,Shetty,siddharth.shetty1732@gmail.com,9115504293,Male,1981-12-06,Bengaluru,Karnataka,2025-06-18,Bronze
1733,Vikram,Reddy,vikram.reddy1733@yahoo.com,9959516483,Male,1988-01-07,Delhi,Delhi,2023-11-01,Bronze
1734,Pooja,Mehta,pooja.mehta1734@yahoo.com,9117261073,Male,1965-01-09,Chennai,Tamil Nadu,2022-08-24,Silver
1735,Aarav,Gupta,aarav.gupta1735@outlook.com,9501022324,Female,1977-05-25,Kolkata,West Bengal,2022-09-17,Gold
1736,Rahul,Pillai,rahul.pillai1736@gmail.com,9908456799,Male,1996-06-04,Delhi,Delhi,2025-01-01,Gold
1737,Ishaan,Sharma,ishaan.sharma1737@outlook.com,9045596497,Female,1978-03-22,Ahmedabad,Gujarat,2023-09-24,Bronze
1738,Sneha,Bose,sneha.bose1738@yahoo.com,9760971232,Male,1971-08-24,Chennai,Tamil Nadu,2024-05-14,Bronze
1739,Santosh,Sharma,santosh.sharma1739@gmail.com,9652621932,Male,1968-08-16,Mumbai,Maharashtra,2024-02-10,Gold
1740,Meera,Singh,meera.singh1740@example.com,9771085445,Male,2001-12-21,Delhi,Delhi,2025-01-17,Silver
1741,Ishaan,Menon,ishaan.menon1741@yahoo.com,9602919415,Female,1997-06-29,Chennai,Tamil Nadu,2022-10-27,Bronze
1742,Diya,Iyer,diya.iyer1742@gmail.com,9637016568,Male,1966-10-05,Chennai,Tamil Nadu,2022-08-22,Silver
1743,Divya,Kumar,divya.kumar1743@yahoo.com,9955990590,Female,2001-12-26,Bengaluru,Karnataka,2024-10-01,Silver
1744,Karan,Shetty,karan.shetty1744@example.com,9971643678,Female,1997-10-23,Kochi,Kerala,2023-08-18,Silver
1745,Ishaan,Bose,ishaan.bose1745@example.com,9418377040,Female,1979-05-22,Delhi,Delhi,2025-01-21,Silver
1746,Arjun,Sharma,arjun.sharma1746@gmail.com,9675390139,Female,1991-04-01,Pune,Maharashtra,2022-06-26,Gold
1747,Lakshmi,Menon,lakshmi.menon1747@outlook.com,9859951861,Female,1975-04-25,Delhi,Delhi,2023-01-08,Gold
1748,Arjun,Menon,,9837204481,Female,1974-12-26,Mumbai,Maharashtra,2025-08-07,Bronze
1749,Riya,Verma,riya.verma1749@example.com,9919739360,Male,1993-07-24,Mumbai,Maharashtra,2025-02-28,Bronze
1750,Kiran,Joshi,kiran.joshi1750@example.com,9132236178,Female,1973-02-03,Hyderabad,Telangana,2022-03-27,Silver
1751,Tanvi,Das,tanvi.das1751@outlook.com,9818117714,Female,1979-03-14,Pune,Maharashtra,2025-01-23,Silver
1752,Priya,Joshi,priya.joshi1752@outlook.com,9475609564,Male,1979-04-20,Chennai,Tamil Nadu,2022-03-31,Bronze
1753,Karan,Patel,karan.patel1753@yahoo.com,9262253863,Female,1971-01-03,Ahmedabad,Gujarat,2022-06-14,Gold
1754,Aarav,Patel,aarav.patel1754@example.com,9031226110,Female,1998-02-11,Gurugram,Haryana,2025-05-14,Bronze
1755,Ishaan,Chopra,ishaan.chopra1755@example.com,9992435526,Male,1991-12-08,Madurai,Tamil Nadu,2022-06-22,Bronze
1756,Naveen,Chopra,naveen.chopra1756@example.com,9067077980,Female,1999-06-16,Mumbai,Maharashtra,2023-02-16,Gold
1757,Ishaan,Nair,ishaan.nair1757@example.com,9015763203,Male,1985-12-11,Mysuru,Karnataka,2022-07-05,Gold
1758,Aarav,Reddy,aarav.reddy1758@outlook.com,9330282806,Male,1972-01-04,Kochi,Kerala,2024-03-28,Bronze
1759,Lakshmi,Menon,lakshmi.menon1759@example.com,9139756675,Male,1976-03-04,Ahmedabad,Gujarat,2022-03-20,Bronze
1760,Priya,Bose,priya.bose1760@example.com,9509521678,Female,1979-02-17,Jaipur,Rajasthan,2023-01-29,Bronze
1761,Ananya,Reddy,ananya.reddy1761@gmail.com,9886903462,Male,2002-08-27,Madurai,Tamil Nadu,2023-03-23,Bronze
1762,Manoj,Reddy,manoj.reddy1762@gmail.com,9296615469,Female,1974-06-30,Mysuru,Karnataka,2024-06-07,Bronze
1763,Neha,Bose,neha.bose1763@example.com,9286491636,Male,1992-09-15,Chennai,Tamil Nadu,2023-11-11,Bronze
1764,Harini,Joshi,harini.joshi1764@yahoo.com,9170396430,Male,1969-11-26,Bengaluru,Karnataka,2022-09-21,Bronze
1765,Meera,Naidu,meera.naidu1765@example.com,9172043922,Female,2003-03-20,Bengaluru,Karnataka,2023-09-28,Silver
1766,Manoj,Pillai,manoj.pillai1766@yahoo.com,9115278428,Male,1990-11-04,Bengaluru,Karnataka,2023-09-21,Silver
1767,Swathi,Shetty,swathi.shetty1767@yahoo.com,9999879390,Female,1982-03-20,Lucknow,Uttar Pradesh,2023-04-30,Silver
1768,Kavya,Nair,kavya.nair1768@example.com,9832619708,Male,1978-10-29,Bengaluru,Karnataka,2024-01-01,Bronze
1769,Vikram,Patel,vikram.patel1769@outlook.com,9188668871,Other,1979-03-05,Bengaluru,Karnataka,2023-03-23,Bronze
1770,Kiran,Reddy,kiran.reddy1770@outlook.com,9620149000,Female,1974-01-04,Kolkata,West Bengal,2023-04-02,Bronze
1771,Karan,Verma,karan.verma1771@yahoo.com,9158089048,Male,1988-12-23,Mumbai,Maharashtra,2024-12-08,Platinum
1772,Vivaan,Pillai,vivaan.pillai1772@outlook.com,9611489455,Male,1999-08-14,Delhi,Delhi,2022-12-11,Bronze
1773,Riya,Joshi,riya.joshi1773@yahoo.com,9462565977,Male,1974-08-23,Pune,Maharashtra,2023-03-27,Silver
1774,Kiran,Verma,kiran.verma1774@example.com,9853598342,Female,1994-11-30,Ahmedabad,Gujarat,2022-07-11,Bronze
1775,Aditya,Nair,aditya.nair1775@yahoo.com,9031303788,Female,1987-08-20,Pune,Maharashtra,2024-08-13,Gold
1776,Divya,Nair,divya.nair1776@gmail.com,9559509660,Male,1995-12-06,Mumbai,Maharashtra,2024-08-24,Bronze
1777,Lakshmi,Mehta,lakshmi.mehta1777@outlook.com,9448336070,Male,1995-10-09,Delhi,Delhi,2024-07-17,Bronze
1778,Harini,Kumar,harini.kumar1778@example.com,9241047226,Female,1966-07-27,Hyderabad,Telangana,2022-08-19,Gold
1779,Priya,Patel,priya.patel1779@example.com,9955809436,Male,1965-11-06,Madurai,Tamil Nadu,2023-09-11,Bronze
1780,Rahul,Naidu,rahul.naidu1780@gmail.com,9997411814,Female,2001-07-31,Hyderabad,Telangana,2023-02-04,Silver
1781,Neha,Reddy,neha.reddy1781@example.com,9473758177,Female,1971-03-20,Mysuru,Karnataka,2024-11-11,Bronze
1782,Ishaan,Menon,ishaan.menon1782@yahoo.com,9843591627,Male,1987-12-23,Gurugram,Haryana,2023-04-07,Platinum
1783,Divya,Mehta,divya.mehta1783@example.com,9481193084,Female,1995-02-08,Chennai,Tamil Nadu,2023-07-24,Silver
1784,Tanvi,Gupta,tanvi.gupta1784@outlook.com,9947544275,Male,1985-02-20,Mysuru,Karnataka,2023-09-15,Bronze
1785,Meera,Bose,meera.bose1785@example.com,9034845032,Male,1965-03-31,Chennai,Tamil Nadu,2024-11-07,Gold
1786,Neha,Shetty,neha.shetty1786@yahoo.com,9489269245,Female,1965-06-04,Kolkata,West Bengal,2024-08-19,Silver
1787,Manoj,Sharma,manoj.sharma1787@outlook.com,9041317820,Female,1991-10-07,Madurai,Tamil Nadu,2025-01-27,Silver
1788,Neha,Kumar,neha.kumar1788@outlook.com,9414545516,Female,2000-11-18,Delhi,Delhi,2023-08-09,Bronze
1789,Divya,Iyer,divya.iyer1789@gmail.com,9614237595,Female,1978-09-24,Kolkata,West Bengal,2025-01-27,Bronze
1790,Harini,Mehta,harini.mehta1790@example.com,9070399199,Male,1986-09-28,Bengaluru,Karnataka,2025-04-07,Silver
1791,Naveen,Rao,naveen.rao1791@gmail.com,9880161299,Female,2002-04-30,Delhi,Delhi,2023-12-19,Bronze
1792,Sneha,Mehta,sneha.mehta1792@example.com,9255224688,Female,1997-12-26,Coimbatore,Tamil Nadu,2024-07-19,Gold
1793,Deepak,Singh,deepak.singh1793@gmail.com,9066085763,Male,1986-08-10,Chennai,Tamil Nadu,2025-05-30,Bronze
1794,Siddharth,Singh,siddharth.singh1794@gmail.com,9237661069,Male,1991-03-16,Delhi,Delhi,2025-02-21,Silver
1795,Vivaan,Patel,vivaan.patel1795@yahoo.com,9349250236,Female,2003-06-05,Ahmedabad,Gujarat,2023-01-14,Bronze
1796,Priya,Singh,priya.singh1796@gmail.com,9342176651,Female,1996-11-05,Coimbatore,Tamil Nadu,2024-09-07,Silver
1797,Swathi,Gupta,swathi.gupta1797@gmail.com,9574735391,Male,1981-08-16,Mumbai,Maharashtra,2023-09-03,Bronze
1798,Ishaan,Joshi,ishaan.joshi1798@gmail.com,9260505314,Female,1992-09-12,Chennai,Tamil Nadu,2022-07-23,Bronze
1799,Pooja,Verma,,9305569776,Male,1978-02-24,Mumbai,Maharashtra,2023-05-24,Bronze
1800,Rohan,Sharma,rohan.sharma1800@yahoo.com,9676579424,Male,2001-10-25,Pune,Maharashtra,2025-08-31,Silver
1801,Priya,Das,priya.das1801@gmail.com,9038085348,Male,1968-09-27,Pune,Maharashtra,2025-08-04,Bronze
1802,Ishaan,Joshi,ishaan.joshi1802@gmail.com,9152579264,Female,1974-01-06,Pune,Maharashtra,2024-12-12,Silver
1803,Deepak,Patel,deepak.patel1803@outlook.com,9518107406,Male,1978-10-31,Bengaluru,Karnataka,2025-09-17,Bronze
1804,Lakshmi,Reddy,lakshmi.reddy1804@yahoo.com,9299544696,Female,1973-01-29,Delhi,Delhi,2024-02-24,Silver
1805,Deepak,Rao,deepak.rao1805@example.com,9016344520,Male,1988-10-14,Pune,Maharashtra,2024-11-03,Silver
1806,Manoj,Gupta,manoj.gupta1806@example.com,9266811155,Female,1993-06-26,Delhi,Delhi,2022-08-15,Bronze
1807,Rahul,Chopra,rahul.chopra1807@gmail.com,9140650078,Female,2000-08-05,Bengaluru,Karnataka,2023-02-14,Bronze
1808,Neha,Iyer,neha.iyer1808@example.com,9855889340,Male,1985-01-16,Hyderabad,Telangana,2022-08-25,Bronze
1809,Arjun,Iyer,arjun.iyer1809@outlook.com,9138458437,Female,1989-11-02,Hyderabad,Telangana,2025-07-07,Silver
1810,Diya,Menon,diya.menon1810@example.com,9338428673,Male,1988-12-13,Bengaluru,Karnataka,2024-04-21,Platinum
1811,Neha,Gupta,neha.gupta1811@yahoo.com,9791157051,Male,1965-02-19,Chennai,Tamil Nadu,2025-06-30,Bronze
1812,Santosh,Chopra,,9979273144,Female,1993-04-28,Hyderabad,Telangana,2023-07-24,Silver
1813,Aditya,Das,aditya.das1813@example.com,9582618472,Female,1965-12-06,Delhi,Delhi,2023-07-07,Silver
1814,Lakshmi,Gupta,lakshmi.gupta1814@outlook.com,9391533674,Male,1986-11-19,Chennai,Tamil Nadu,2024-07-14,Silver
1815,Kavya,Nair,kavya.nair1815@gmail.com,9602760843,Female,2004-12-19,Kolkata,West Bengal,2024-02-17,Bronze
1816,Swathi,Nair,swathi.nair1816@gmail.com,9435119738,Male,1996-06-27,Mumbai,Maharashtra,2023-05-25,Platinum
1817,Neha,Pillai,neha.pillai1817@gmail.com,,Female,1985-03-31,Delhi,Delhi,2023-03-11,Bronze
1818,Pooja,Reddy,pooja.reddy1818@yahoo.com,9017319925,Female,1977-09-30,Mumbai,Maharashtra,2023-12-04,Gold
1819,Santosh,Das,santosh.das1819@yahoo.com,9286497148,Other,1998-06-20,Mumbai,Maharashtra,2022-04-14,Bronze
1820,Lakshmi,Bose,lakshmi.bose1820@yahoo.com,9507428857,Male,1999-05-04,Pune,Maharashtra,2022-09-15,Gold
1821,Ishaan,Kapoor,ishaan.kapoor1821@example.com,9279290404,Female,1979-09-17,Jaipur,Rajasthan,2022-03-01,Platinum
1822,Neha,Patel,neha.patel1822@example.com,9681890990,Female,1969-04-22,Mumbai,Maharashtra,2022-08-01,Gold
1823,Aarav,Iyer,aarav.iyer1823@outlook.com,,Male,1988-04-10,Mumbai,Maharashtra,2022-09-29,Bronze
1824,Meera,Pillai,meera.pillai1824@outlook.com,9888907244,Male,1990-05-06,Pune,Maharashtra,2022-04-14,Gold
1825,Lakshmi,Joshi,lakshmi.joshi1825@example.com,9952058790,Other,2002-05-04,Delhi,Delhi,2022-03-17,Bronze
1826,Divya,Singh,divya.singh1826@yahoo.com,9468362578,Male,2000-07-31,Bengaluru,Karnataka,2025-01-27,Silver
1827,Vikram,Menon,vikram.menon1827@outlook.com,9448532775,Female,1974-02-27,Mumbai,Maharashtra,2022-09-08,Bronze
1828,Diya,Nair,diya.nair1828@outlook.com,9112044392,Male,1975-02-07,Mumbai,Maharashtra,2024-01-31,Silver
1829,Pooja,Chopra,pooja.chopra1829@yahoo.com,9816885234,Female,2004-11-08,Jaipur,Rajasthan,2022-05-15,Bronze
1830,Diya,Chopra,diya.chopra1830@example.com,9838919563,Male,1978-01-24,Mumbai,Maharashtra,2025-07-20,Bronze
1831,Rohan,Patel,rohan.patel1831@gmail.com,9351760257,Female,1983-04-29,Hyderabad,Telangana,2022-11-24,Bronze
1832,Siddharth,Kumar,siddharth.kumar1832@gmail.com,9285516825,Female,1977-03-18,Kochi,Kerala,2024-10-23,Bronze
1833,Priya,Singh,priya.singh1833@yahoo.com,9020790757,Male,1980-09-21,Hyderabad,Telangana,2024-05-27,Bronze
1834,Neha,Sharma,neha.sharma1834@example.com,9590127017,Female,1987-07-23,Chennai,Tamil Nadu,2024-11-18,Gold
1835,Harini,Iyer,harini.iyer1835@yahoo.com,9473051481,Female,1976-09-09,Chennai,Tamil Nadu,2024-05-11,Silver
1836,Pooja,Shetty,pooja.shetty1836@gmail.com,9293361089,Male,1981-07-03,Bengaluru,Karnataka,2023-11-28,Silver
1837,Diya,Kumar,diya.kumar1837@example.com,9905883411,Male,1979-02-05,Bengaluru,Karnataka,2024-11-23,Gold
1838,Tanvi,Iyer,tanvi.iyer1838@gmail.com,9329055049,Female,1969-04-26,Hyderabad,Telangana,2025-01-21,Bronze
1839,Ramesh,Sharma,ramesh.sharma1839@gmail.com,9111080289,Female,1996-06-12,Delhi,Delhi,2023-06-05,Bronze
1840,Priya,Gupta,priya.gupta1840@example.com,9131193612,Male,2000-08-17,Delhi,Delhi,2025-07-13,Bronze
1841,Meera,Shetty,meera.shetty1841@yahoo.com,9359264734,Female,1984-09-01,Bengaluru,Karnataka,2025-09-13,Bronze
1842,Karan,Gupta,karan.gupta1842@gmail.com,9647031103,Male,1973-03-08,Mumbai,Maharashtra,2024-09-15,Silver
1843,Divya,Shetty,divya.shetty1843@yahoo.com,9275787493,Male,1990-09-15,Mysuru,Karnataka,2025-06-25,Silver
1844,Swathi,Kumar,swathi.kumar1844@outlook.com,9819363236,Female,1986-05-08,Jaipur,Rajasthan,2022-05-25,Silver
1845,Rohan,Pillai,rohan.pillai1845@example.com,9119073333,Male,1987-01-13,Mysuru,Karnataka,2024-01-10,Silver
1846,Ananya,Pillai,ananya.pillai1846@gmail.com,9783107905,Male,1988-10-11,Pune,Maharashtra,2024-06-10,Bronze
1847,Vikram,Sharma,vikram.sharma1847@yahoo.com,9228231999,Female,1993-09-12,Coimbatore,Tamil Nadu,2025-06-24,Silver
1848,Harini,Sharma,harini.sharma1848@outlook.com,9219620780,Male,1966-08-18,Pune,Maharashtra,2022-06-14,Bronze
1849,Vivaan,Naidu,vivaan.naidu1849@outlook.com,9444333991,Male,1968-12-22,Hyderabad,Telangana,2025-01-08,Gold
1850,Karan,Naidu,karan.naidu1850@outlook.com,9752173199,Female,1968-10-29,Delhi,Delhi,2022-04-16,Bronze
1851,Siddharth,Iyer,siddharth.iyer1851@yahoo.com,9444112310,Female,1971-03-08,Chennai,Tamil Nadu,2023-05-06,Bronze
1852,Pooja,Rao,pooja.rao1852@example.com,9983619812,Female,2003-11-04,Ahmedabad,Gujarat,2024-08-06,Bronze
1853,Rahul,Naidu,rahul.naidu1853@gmail.com,9303670388,Female,1994-03-08,Mumbai,Maharashtra,2023-02-03,Bronze
1854,Pooja,Shetty,pooja.shetty1854@example.com,9572846215,Female,1991-07-25,Delhi,Delhi,2025-02-16,Bronze
1855,Deepak,Patel,deepak.patel1855@example.com,9558734071,Male,1992-12-08,Kolkata,West Bengal,2025-06-27,Bronze
1856,Lakshmi,Bose,lakshmi.bose1856@outlook.com,,Female,1966-05-06,Lucknow,Uttar Pradesh,2022-08-06,Silver
1857,Aditya,Rao,aditya.rao1857@yahoo.com,9916329981,Male,1973-07-12,Chennai,Tamil Nadu,2022-12-20,Gold
1858,Ishaan,Naidu,ishaan.naidu1858@yahoo.com,9733158256,Male,1996-09-30,Chennai,Tamil Nadu,2022-04-12,Bronze
1859,Aditya,Iyer,aditya.iyer1859@yahoo.com,9620857532,Female,1983-07-02,Chennai,Tamil Nadu,2024-08-30,Bronze
1860,Harini,Rao,harini.rao1860@gmail.com,9683015282,Female,1985-04-30,Chennai,Tamil Nadu,2025-04-28,Gold
1861,Tanvi,Sharma,tanvi.sharma1861@gmail.com,9424677543,Female,1994-12-28,Mumbai,Maharashtra,2024-04-03,Bronze
1862,Neha,Gupta,neha.gupta1862@outlook.com,9978702439,Male,1968-01-03,Lucknow,Uttar Pradesh,2022-06-30,Gold
1863,Ramesh,Sharma,ramesh.sharma1863@outlook.com,9425319973,Male,1996-12-04,Lucknow,Uttar Pradesh,2022-08-26,Bronze
1864,Riya,Mehta,riya.mehta1864@yahoo.com,9828813628,Female,1992-03-18,Mumbai,Maharashtra,2022-02-18,Bronze
1865,Rahul,Bose,rahul.bose1865@yahoo.com,9627031071,Female,1981-02-18,Pune,Maharashtra,2023-11-02,Bronze
1866,Neha,Joshi,neha.joshi1866@gmail.com,9608934650,Male,1984-12-17,Kolkata,West Bengal,2024-09-14,Bronze
1867,Manoj,Singh,manoj.singh1867@example.com,9994517523,Male,1967-12-20,Jaipur,Rajasthan,2022-07-25,Silver
1868,Vivaan,Mehta,vivaan.mehta1868@example.com,9070580178,Male,1973-03-11,Chennai,Tamil Nadu,2025-03-06,Gold
1869,Sneha,Gupta,sneha.gupta1869@gmail.com,,Female,1974-11-07,Mumbai,Maharashtra,2022-12-12,Bronze
1870,Meera,Chopra,meera.chopra1870@yahoo.com,9533341613,Female,2000-02-01,Kolkata,West Bengal,2023-12-06,Gold
1871,Aditya,Patel,aditya.patel1871@outlook.com,9859670530,Male,1969-07-04,Coimbatore,Tamil Nadu,2024-07-02,Bronze
1872,Rahul,Verma,rahul.verma1872@gmail.com,,Male,1976-08-25,Hyderabad,Telangana,2024-01-10,Bronze
1873,Kavya,Das,kavya.das1873@gmail.com,9083710451,Male,1970-04-08,Lucknow,Uttar Pradesh,2023-10-17,Gold
1874,Ananya,Bose,ananya.bose1874@example.com,9021990430,Male,1976-05-17,Lucknow,Uttar Pradesh,2023-04-07,Gold
1875,Vikram,Kumar,vikram.kumar1875@gmail.com,9686965977,Female,1965-06-05,Ahmedabad,Gujarat,2023-08-12,Bronze
1876,Tanvi,Reddy,tanvi.reddy1876@outlook.com,9707745815,Male,1975-11-27,Gurugram,Haryana,2022-11-23,Bronze
1877,Priya,Sharma,priya.sharma1877@example.com,9722033906,Female,1993-12-06,Chennai,Tamil Nadu,2023-02-08,Bronze
1878,Meera,Naidu,meera.naidu1878@outlook.com,9074497122,Female,1995-09-05,Coimbatore,Tamil Nadu,2024-10-30,Bronze
1879,Ramesh,Pillai,ramesh.pillai1879@yahoo.com,9686477057,Other,1980-03-02,Mumbai,Maharashtra,2025-04-23,Silver
1880,Aditya,Nair,aditya.nair1880@gmail.com,9621239680,Female,1993-03-24,Mumbai,Maharashtra,2025-03-08,Bronze
1881,Ananya,Verma,ananya.verma1881@outlook.com,9715386457,Male,1989-09-24,Mumbai,Maharashtra,2023-03-30,Silver
1882,Aditya,Iyer,aditya.iyer1882@yahoo.com,9757703938,Male,2001-02-06,Pune,Maharashtra,2023-03-16,Bronze
1883,Harini,Gupta,harini.gupta1883@example.com,9523413699,Male,1997-03-01,Hyderabad,Telangana,2022-03-21,Bronze
1884,Rohan,Bose,rohan.bose1884@outlook.com,9373894681,Female,1974-03-03,Delhi,Delhi,2023-01-10,Bronze
1885,Lakshmi,Nair,lakshmi.nair1885@gmail.com,9261723857,Male,1988-07-12,Madurai,Tamil Nadu,2024-03-12,Bronze
1886,Rohan,Bose,,9655890576,Male,1996-06-07,Madurai,Tamil Nadu,2023-01-02,Silver
1887,Siddharth,Sharma,,9474120793,Male,1977-03-21,Bengaluru,Karnataka,2024-10-01,Platinum
1888,Sneha,Chopra,sneha.chopra1888@outlook.com,9793806170,Male,1987-11-28,Chennai,Tamil Nadu,2022-03-11,Gold
1889,Lakshmi,Patel,lakshmi.patel1889@outlook.com,9832591360,Female,1980-12-31,Kolkata,West Bengal,2023-07-18,Silver
1890,Rohan,Shetty,rohan.shetty1890@gmail.com,9959483435,Female,1977-05-04,Hyderabad,Telangana,2023-01-20,Bronze
1891,Karan,Kumar,karan.kumar1891@gmail.com,9258178064,Female,1972-12-20,Chennai,Tamil Nadu,2023-11-08,Gold
1892,Swathi,Patel,swathi.patel1892@gmail.com,9622214871,Female,1966-06-02,Delhi,Delhi,2022-02-05,Gold
1893,Siddharth,Reddy,siddharth.reddy1893@outlook.com,9500637117,Male,1994-12-22,Mumbai,Maharashtra,2023-07-28,Gold
1894,Karan,Bose,karan.bose1894@gmail.com,9207795467,Male,1997-09-26,Bengaluru,Karnataka,2024-12-15,Bronze
1895,Deepak,Mehta,deepak.mehta1895@example.com,9638785486,Male,1991-01-20,Coimbatore,Tamil Nadu,2025-03-19,Bronze
1896,Aditya,Gupta,aditya.gupta1896@yahoo.com,9782115890,Female,1974-08-21,Chennai,Tamil Nadu,2022-12-17,Silver
1897,Swathi,Chopra,swathi.chopra1897@yahoo.com,9062400568,Female,1965-10-02,Pune,Maharashtra,2023-08-11,Bronze
1898,Swathi,Das,swathi.das1898@gmail.com,9468428021,Male,1990-04-03,Chennai,Tamil Nadu,2024-08-02,Bronze
1899,Divya,Joshi,divya.joshi1899@yahoo.com,9623623419,Female,1972-12-28,Bengaluru,Karnataka,2023-09-27,Bronze
1900,Vikram,Mehta,vikram.mehta1900@example.com,9971431846,Male,1986-12-10,Bengaluru,Karnataka,2024-01-14,Silver
1901,Arjun,Verma,arjun.verma1901@gmail.com,9633985502,Male,2003-10-14,Mumbai,Maharashtra,2023-04-13,Bronze
1902,Priya,Sharma,priya.sharma1902@outlook.com,9089123840,Female,1965-03-06,Bengaluru,Karnataka,2025-02-20,Silver
1903,Ananya,Sharma,ananya.sharma1903@gmail.com,9516809602,Female,1988-01-28,Kolkata,West Bengal,2024-05-14,Silver
1904,Naveen,Menon,naveen.menon1904@gmail.com,9187353461,Female,2004-09-30,Mysuru,Karnataka,2025-08-07,Bronze
1905,Sneha,Das,sneha.das1905@outlook.com,9799142633,Female,1978-05-13,Pune,Maharashtra,2024-12-03,Bronze
1906,Naveen,Chopra,naveen.chopra1906@outlook.com,9155537613,Male,1997-07-21,Hyderabad,Telangana,2023-05-18,Gold
1907,Deepak,Kapoor,deepak.kapoor1907@outlook.com,9613845638,Female,1998-02-07,Hyderabad,Telangana,2023-03-25,Bronze
1908,Manoj,Nair,manoj.nair1908@gmail.com,9045270667,Female,1984-06-12,Bengaluru,Karnataka,2022-05-01,Bronze
1909,Arjun,Shetty,arjun.shetty1909@gmail.com,9215972427,Female,1977-04-08,Gurugram,Haryana,2024-05-02,Bronze
1910,Aditya,Naidu,aditya.naidu1910@yahoo.com,9540640177,Male,1992-03-12,Ahmedabad,Gujarat,2024-10-23,Bronze
1911,Vivaan,Rao,vivaan.rao1911@gmail.com,9477624836,Other,1989-10-06,Bengaluru,Karnataka,2023-04-30,Silver
1912,Riya,Das,riya.das1912@example.com,9855140152,Male,1984-01-20,Chennai,Tamil Nadu,2022-01-30,Bronze
1913,Karan,Nair,karan.nair1913@yahoo.com,9334648499,Male,1972-09-14,Ahmedabad,Gujarat,2025-02-04,Gold
1914,Kiran,Nair,kiran.nair1914@outlook.com,9474873385,Female,1994-10-06,Mumbai,Maharashtra,2022-11-02,Bronze
1915,Arjun,Sharma,arjun.sharma1915@gmail.com,9661292838,Female,1973-06-14,Mysuru,Karnataka,2024-03-08,Platinum
1916,Naveen,Rao,naveen.rao1916@outlook.com,9502922168,Other,1970-05-16,Chennai,Tamil Nadu,2022-03-14,Silver
1917,Santosh,Mehta,santosh.mehta1917@gmail.com,9988958610,Female,1967-09-09,Pune,Maharashtra,2022-03-27,Bronze
1918,Arjun,Nair,arjun.nair1918@yahoo.com,9034653782,Male,1982-11-04,Delhi,Delhi,2025-05-14,Silver
1919,Vivaan,Iyer,vivaan.iyer1919@yahoo.com,9299355681,Female,1969-10-20,Mumbai,Maharashtra,2024-07-09,Bronze
1920,Diya,Verma,diya.verma1920@gmail.com,9527579788,Male,1978-05-31,Kochi,Kerala,2022-01-08,Platinum
1921,Ananya,Rao,ananya.rao1921@gmail.com,9633368354,Female,1974-09-01,Mumbai,Maharashtra,2022-05-18,Silver
1922,Siddharth,Joshi,siddharth.joshi1922@example.com,9684324419,Male,1983-05-17,Coimbatore,Tamil Nadu,2023-11-06,Bronze
1923,Neha,Rao,neha.rao1923@yahoo.com,9829241642,Female,1996-02-01,Mumbai,Maharashtra,2024-07-20,Bronze
1924,Arjun,Iyer,arjun.iyer1924@outlook.com,9296110270,Female,1983-01-03,Hyderabad,Telangana,2023-08-04,Platinum
1925,Arjun,Sharma,arjun.sharma1925@outlook.com,9206859673,Female,1987-04-09,Chennai,Tamil Nadu,2025-04-09,Silver
1926,Santosh,Iyer,santosh.iyer1926@outlook.com,9860082477,Male,1970-09-21,Bengaluru,Karnataka,2024-06-12,Bronze
1927,Kiran,Pillai,kiran.pillai1927@outlook.com,9069352715,Male,1969-07-09,Hyderabad,Telangana,2024-04-20,Bronze
1928,Vikram,Chopra,vikram.chopra1928@example.com,9464992045,Male,2004-01-13,Delhi,Delhi,2023-02-01,Bronze
1929,Harini,Patel,harini.patel1929@outlook.com,9755073340,Male,1989-10-13,Bengaluru,Karnataka,2024-07-22,Silver
1930,Ananya,Verma,ananya.verma1930@yahoo.com,9432208288,Female,1965-08-15,Hyderabad,Telangana,2025-04-11,Silver
1931,Ananya,Singh,ananya.singh1931@yahoo.com,9482186690,Male,1987-08-05,Pune,Maharashtra,2022-03-09,Gold
1932,Aditya,Bose,aditya.bose1932@example.com,9191403128,Female,1965-05-28,Pune,Maharashtra,2024-10-02,Silver
1933,Priya,Iyer,priya.iyer1933@yahoo.com,9288553688,Male,1968-02-01,Delhi,Delhi,2025-04-19,Silver
1934,Meera,Pillai,meera.pillai1934@outlook.com,9161405887,Male,1979-12-06,Gurugram,Haryana,2023-08-15,Bronze
1935,Tanvi,Kumar,tanvi.kumar1935@example.com,9560761635,Female,1991-03-30,Delhi,Delhi,2024-11-14,Silver
1936,Ishaan,Iyer,ishaan.iyer1936@gmail.com,9839450129,Male,1989-10-19,Bengaluru,Karnataka,2023-05-06,Bronze
1937,Rohan,Naidu,rohan.naidu1937@gmail.com,9238381101,Male,1996-08-14,Mumbai,Maharashtra,2022-09-22,Gold
1938,Priya,Das,priya.das1938@gmail.com,9606520115,Male,1972-03-07,Pune,Maharashtra,2025-01-21,Bronze
1939,Aditya,Joshi,aditya.joshi1939@gmail.com,9946302482,Male,1972-08-30,Chennai,Tamil Nadu,2023-03-02,Silver
1940,Ishaan,Verma,ishaan.verma1940@outlook.com,9963666860,Female,1986-04-25,Bengaluru,Karnataka,2024-11-02,Gold
1941,Sneha,Gupta,sneha.gupta1941@outlook.com,9392455850,Male,1999-09-23,Chennai,Tamil Nadu,2023-03-08,Silver
1942,Naveen,Rao,naveen.rao1942@yahoo.com,9267672095,Male,1993-11-22,Hyderabad,Telangana,2023-07-01,Bronze
1943,Riya,Rao,riya.rao1943@gmail.com,9791836318,Female,1991-10-03,Hyderabad,Telangana,2024-07-26,Silver
1944,Ishaan,Verma,ishaan.verma1944@outlook.com,9301986769,Female,1968-10-05,Chennai,Tamil Nadu,2023-04-13,Bronze
1945,Kiran,Rao,kiran.rao1945@gmail.com,9006959465,Female,2000-02-05,Kolkata,West Bengal,2025-01-10,Bronze
1946,Neha,Naidu,neha.naidu1946@outlook.com,9864230150,Male,2004-05-08,Jaipur,Rajasthan,2022-02-23,Silver
1947,Manoj,Pillai,manoj.pillai1947@example.com,9401603102,Female,1988-04-11,Chennai,Tamil Nadu,2022-01-16,Gold
1948,Rohan,Reddy,rohan.reddy1948@yahoo.com,9106194487,Male,1978-06-17,Jaipur,Rajasthan,2022-04-22,Bronze
1949,Riya,Naidu,riya.naidu1949@yahoo.com,9495797566,Male,1991-06-27,Bengaluru,Karnataka,2022-12-17,Gold
1950,Aditya,Joshi,,9972074491,Female,1990-09-06,Jaipur,Rajasthan,2022-03-15,Bronze
1951,Sneha,Verma,sneha.verma1951@gmail.com,9079888693,Female,2002-02-20,Kochi,Kerala,2023-06-06,Gold
1952,Karan,Iyer,karan.iyer1952@outlook.com,,Female,1969-06-05,Bengaluru,Karnataka,2022-02-03,Silver
1953,Harini,Naidu,harini.naidu1953@yahoo.com,9146506080,Female,1985-08-06,Delhi,Delhi,2024-11-01,Gold
1954,Vivaan,Reddy,vivaan.reddy1954@yahoo.com,9058761903,Male,1993-05-12,Kochi,Kerala,2022-07-29,Gold
1955,Tanvi,Verma,tanvi.verma1955@gmail.com,9767795811,Female,1978-12-14,Ahmedabad,Gujarat,2025-08-23,Platinum
1956,Ishaan,Kumar,ishaan.kumar1956@example.com,9021844635,Female,1998-08-06,Kochi,Kerala,2025-03-19,Silver
1957,Santosh,Das,santosh.das1957@yahoo.com,9078001678,Male,1967-08-04,Mumbai,Maharashtra,2024-08-08,Bronze
1958,Meera,Menon,meera.menon1958@gmail.com,9757271909,Male,1969-03-18,Bengaluru,Karnataka,2024-12-28,Bronze
1959,Kiran,Joshi,kiran.joshi1959@example.com,9461380168,Male,1996-08-12,Kolkata,West Bengal,2024-11-26,Silver
1960,Tanvi,Shetty,tanvi.shetty1960@example.com,9401825930,Female,1970-01-12,Pune,Maharashtra,2025-03-03,Bronze
1961,Diya,Pillai,diya.pillai1961@outlook.com,9876976307,Male,1981-09-24,Pune,Maharashtra,2024-01-31,Gold
1962,Aditya,Sharma,aditya.sharma1962@gmail.com,9866721691,Male,1976-03-27,Hyderabad,Telangana,2024-05-03,Bronze
1963,Riya,Verma,riya.verma1963@example.com,9074945093,Female,1992-07-04,Mumbai,Maharashtra,2023-10-05,Gold
1964,Kavya,Sharma,kavya.sharma1964@gmail.com,9468771089,Female,1965-06-24,Mysuru,Karnataka,2024-05-04,Bronze
1965,Vivaan,Gupta,vivaan.gupta1965@gmail.com,9693317629,Male,1979-04-08,Delhi,Delhi,2023-06-07,Gold
1966,Riya,Gupta,riya.gupta1966@outlook.com,9072742061,Female,2004-06-01,Bengaluru,Karnataka,2022-06-19,Platinum
1967,Karan,Naidu,karan.naidu1967@yahoo.com,,Female,1979-09-30,Delhi,Delhi,2025-06-28,Bronze
1968,Rahul,Gupta,rahul.gupta1968@gmail.com,9057534479,Female,1988-12-02,Kolkata,West Bengal,2024-08-14,Silver
1969,Aarav,Sharma,,9731486302,Male,2004-06-30,Mumbai,Maharashtra,2024-08-23,Bronze
1970,Diya,Kapoor,diya.kapoor1970@yahoo.com,9764319474,Male,1989-04-15,Mumbai,Maharashtra,2023-01-19,Gold
1971,Karan,Patel,karan.patel1971@example.com,,Female,1995-03-07,Coimbatore,Tamil Nadu,2024-11-21,Gold
1972,Aditya,Naidu,aditya.naidu1972@gmail.com,9977909112,Male,2003-05-02,Kochi,Kerala,2023-12-12,Bronze
1973,Kavya,Pillai,kavya.pillai1973@example.com,,Female,1989-09-03,Delhi,Delhi,2022-04-15,Bronze
1974,Karan,Kapoor,karan.kapoor1974@outlook.com,9412291550,Male,1998-04-05,Hyderabad,Telangana,2025-07-31,Bronze
1975,Ishaan,Bose,ishaan.bose1975@gmail.com,9301654269,Female,1985-04-26,Chennai,Tamil Nadu,2025-09-19,Bronze
1976,Meera,Iyer,meera.iyer1976@outlook.com,9816284756,Female,1997-07-19,Chennai,Tamil Nadu,2025-04-06,Gold
1977,Vivaan,Rao,vivaan.rao1977@example.com,9919414054,Female,1990-08-30,Hyderabad,Telangana,2023-10-13,Bronze
1978,Kiran,Mehta,kiran.mehta1978@gmail.com,,Female,1978-07-28,Jaipur,Rajasthan,2022-11-16,Gold
1979,Meera,Rao,meera.rao1979@example.com,9194327163,Female,1987-04-26,Delhi,Delhi,2022-01-16,Platinum
1980,Kiran,Chopra,kiran.chopra1980@yahoo.com,9328498749,Male,1978-05-22,Chennai,Tamil Nadu,2024-10-05,Gold
1981,Swathi,Das,swathi.das1981@example.com,9543928272,Male,1980-11-15,Kolkata,West Bengal,2025-05-04,Silver
1982,Kiran,Singh,kiran.singh1982@gmail.com,9887958504,Female,1976-08-30,Hyderabad,Telangana,2022-05-23,Bronze
1983,Pooja,Naidu,pooja.naidu1983@outlook.com,9061387355,Female,1984-08-19,Kolkata,West Bengal,2024-07-25,Gold
1984,Priya,Joshi,priya.joshi1984@example.com,9371426683,Other,1978-11-10,Chennai,Tamil Nadu,2022-02-06,Silver
1985,Manoj,Kapoor,manoj.kapoor1985@yahoo.com,9208373327,Female,1990-01-09,Pune,Maharashtra,2024-11-29,Platinum
1986,Aditya,Reddy,aditya.reddy1986@gmail.com,9227571921,Male,1979-10-09,Jaipur,Rajasthan,2022-02-08,Bronze
1987,Divya,Bose,divya.bose1987@yahoo.com,9134066700,Female,1984-08-17,Chennai,Tamil Nadu,2025-08-28,Bronze
1988,Siddharth,Singh,siddharth.singh1988@outlook.com,9245235556,Female,1970-08-07,Delhi,Delhi,2022-08-22,Platinum
1989,Aarav,Kumar,aarav.kumar1989@outlook.com,9789332356,Female,1980-06-15,Lucknow,Uttar Pradesh,2023-07-03,Gold
1990,Rahul,Kapoor,rahul.kapoor1990@yahoo.com,9090443250,Female,1979-03-25,Mysuru,Karnataka,2024-08-09,Bronze
1991,Rahul,Gupta,rahul.gupta1991@example.com,9767881851,Female,2003-06-02,Bengaluru,Karnataka,2025-03-04,Silver
1992,Aarav,Patel,aarav.patel1992@outlook.com,9982874179,Female,1982-11-10,Pune,Maharashtra,2023-05-13,Bronze
1993,Santosh,Naidu,santosh.naidu1993@outlook.com,9102239962,Male,1965-11-11,Madurai,Tamil Nadu,2025-09-04,Silver
1994,Aditya,Shetty,aditya.shetty1994@example.com,9207286491,Female,1977-05-14,Bengaluru,Karnataka,2022-01-22,Bronze
1995,Divya,Singh,divya.singh1995@example.com,9421961138,Male,1994-02-27,Mumbai,Maharashtra,2023-10-08,Bronze
1996,Kavya,Singh,kavya.singh1996@yahoo.com,9171351320,Male,1971-08-12,Delhi,Delhi,2025-09-14,Bronze
1997,Manoj,Reddy,manoj.reddy1997@yahoo.com,9017050213,Male,1971-07-08,Chennai,Tamil Nadu,2023-01-11,Bronze
1998,Ananya,Sharma,ananya.sharma1998@outlook.com,9740132537,Male,1979-12-05,Madurai,Tamil Nadu,2024-01-01,Bronze
1999,Arjun,Menon,arjun.menon1999@outlook.com,9261992209,Male,1979-04-06,Kolkata,West Bengal,2023-09-01,Bronze
2000,Rohan,Patel,rohan.patel2000@yahoo.com,9000291567,Female,1984-03-23,Mumbai,Maharashtra,2023-06-24,Bronze
2001,Tanvi,Bose,tanvi.bose2001@outlook.com,9696834780,Female,1966-05-14,Kolkata,West Bengal,2024-11-17,Silver
2002,Manoj,Nair,manoj.nair2002@outlook.com,9481350937,Female,1993-10-23,Hyderabad,Telangana,2023-12-12,Silver
2003,Vikram,Rao,vikram.rao2003@example.com,9449854769,Male,1973-07-21,Kochi,Kerala,2024-09-04,Silver
2004,Ananya,Das,ananya.das2004@yahoo.com,9311538819,Male,1993-06-07,Pune,Maharashtra,2023-12-13,Bronze
2005,Naveen,Rao,naveen.rao2005@example.com,9622140174,Female,1987-07-27,Bengaluru,Karnataka,2025-09-27,Bronze
2006,Divya,Iyer,divya.iyer2006@gmail.com,9535305069,Female,1973-02-07,Ahmedabad,Gujarat,2023-10-06,Gold
2007,Priya,Kumar,priya.kumar2007@example.com,9659272025,Female,1983-10-09,Mumbai,Maharashtra,2024-12-25,Gold
2008,Rahul,Rao,rahul.rao2008@gmail.com,9020271213,Female,1966-06-20,Mysuru,Karnataka,2024-04-19,Platinum
2009,Siddharth,Singh,siddharth.singh2009@example.com,9752364488,Female,1993-01-20,Mysuru,Karnataka,2025-01-02,Platinum
2010,Pooja,Kapoor,pooja.kapoor2010@gmail.com,9277827140,Female,1977-02-22,Delhi,Delhi,2025-04-27,Silver
2011,Riya,Das,riya.das2011@example.com,9664427912,Female,1980-04-30,Bengaluru,Karnataka,2022-11-07,Gold
2012,Rohan,Gupta,rohan.gupta2012@example.com,,Female,1971-04-14,Chennai,Tamil Nadu,2023-02-18,Bronze
2013,Vivaan,Sharma,vivaan.sharma2013@example.com,9733527375,Female,1979-08-04,Bengaluru,Karnataka,2023-02-17,Silver
2014,Meera,Nair,meera.nair2014@example.com,9160736243,Male,1980-10-27,Hyderabad,Telangana,2023-10-29,Platinum
2015,Ramesh,Kumar,ramesh.kumar2015@yahoo.com,9230315004,Male,1973-12-29,Hyderabad,Telangana,2023-11-05,Silver
2016,Ishaan,Mehta,ishaan.mehta2016@gmail.com,9282328712,Male,2004-02-24,Mumbai,Maharashtra,2022-01-05,Bronze
2017,Priya,Kapoor,priya.kapoor2017@example.com,9112843115,Female,1976-03-09,Chennai,Tamil Nadu,2025-05-10,Bronze
2018,Ishaan,Pillai,ishaan.pillai2018@outlook.com,9756298866,Female,1972-03-28,Bengaluru,Karnataka,2025-03-23,Bronze
2019,Rahul,Nair,rahul.nair2019@example.com,9011451755,Male,1986-11-30,Pune,Maharashtra,2024-04-02,Bronze
2020,Sneha,Menon,sneha.menon2020@outlook.com,9950780541,Female,1977-09-30,Hyderabad,Telangana,2023-02-23,Gold
2021,Vikram,Kumar,vikram.kumar2021@outlook.com,9283574849,Male,1983-02-23,Pune,Maharashtra,2025-02-05,Silver
2022,Rahul,Iyer,rahul.iyer2022@yahoo.com,9181865866,Male,1993-12-26,Bengaluru,Karnataka,2023-01-07,Bronze
2023,Kiran,Joshi,kiran.joshi2023@yahoo.com,9782850978,Female,1968-02-17,Bengaluru,Karnataka,2023-02-23,Silver
2024,Rohan,Das,rohan.das2024@yahoo.com,9733240779,Male,1985-05-10,Chennai,Tamil Nadu,2025-09-27,Bronze
2025,Rohan,Verma,,9592477740,Male,1965-11-13,Hyderabad,Telangana,2025-06-18,Silver
2026,Harini,Kumar,harini.kumar2026@outlook.com,9836192973,Female,1966-10-04,Hyderabad,Telangana,2024-03-11,Bronze
2027,Pooja,Chopra,pooja.chopra2027@gmail.com,9395662104,Male,1968-09-12,Gurugram,Haryana,2022-08-20,Bronze
2028,Vivaan,Singh,vivaan.singh2028@gmail.com,9632324520,Female,1971-06-19,Hyderabad,Telangana,2022-06-18,Silver
2029,Priya,Gupta,priya.gupta2029@gmail.com,9141710666,Female,1978-12-20,Mumbai,Maharashtra,2025-08-13,Silver
2030,Pooja,Iyer,pooja.iyer2030@outlook.com,9168634817,Female,2002-05-21,Mumbai,Maharashtra,2022-12-30,Silver
2031,Rahul,Reddy,rahul.reddy2031@outlook.com,9281544308,Female,2001-03-23,Bengaluru,Karnataka,2024-07-21,Bronze
2032,Pooja,Shetty,pooja.shetty2032@gmail.com,9565564105,Male,1969-02-15,Mumbai,Maharashtra,2023-04-29,Silver
2033,Tanvi,Rao,tanvi.rao2033@outlook.com,9146516931,Female,2004-08-15,Madurai,Tamil Nadu,2023-11-11,Bronze
2034,Rahul,Nair,rahul.nair2034@gmail.com,9563575712,Male,1990-05-22,Hyderabad,Telangana,2025-09-11,Bronze
2035,Lakshmi,Kumar,lakshmi.kumar2035@example.com,9529647905,Male,1987-02-18,Bengaluru,Karnataka,2024-03-22,Silver
2036,Kavya,Nair,kavya.nair2036@outlook.com,9473378167,Female,1996-09-02,Gurugram,Haryana,2023-08-13,Silver
2037,Naveen,Mehta,naveen.mehta2037@outlook.com,9169819342,Male,1984-05-13,Jaipur,Rajasthan,2023-07-24,Gold
2038,Aditya,Iyer,aditya.iyer2038@outlook.com,9617083521,Female,1975-08-12,Bengaluru,Karnataka,2022-11-12,Bronze
2039,Siddharth,Rao,siddharth.rao2039@yahoo.com,9091059025,Male,1986-03-05,Pune,Maharashtra,2024-02-01,Gold
2040,Manoj,Menon,manoj.menon2040@example.com,9419364593,Female,1993-12-26,Delhi,Delhi,2024-02-19,Bronze
2041,Swathi,Rao,swathi.rao2041@outlook.com,9823035643,Male,1992-04-16,Chennai,Tamil Nadu,2022-05-11,Silver
2042,Karan,Mehta,karan.mehta2042@gmail.com,9293396834,Male,1971-10-17,Gurugram,Haryana,2023-07-09,Gold
2043,Kiran,Patel,kiran.patel2043@example.com,9797453430,Female,2002-07-02,Pune,Maharashtra,2024-06-01,Silver
2044,Rohan,Reddy,rohan.reddy2044@outlook.com,9812224937,Male,1976-05-20,Jaipur,Rajasthan,2022-03-17,Gold
2045,Priya,Reddy,priya.reddy2045@yahoo.com,9776776505,Female,1997-10-11,Lucknow,Uttar Pradesh,2025-08-29,Gold
2046,Siddharth,Mehta,siddharth.mehta2046@example.com,9732517940,Male,1977-06-19,Bengaluru,Karnataka,2025-03-24,Bronze
2047,Priya,Kumar,priya.kumar2047@gmail.com,,Female,1967-07-15,Hyderabad,Telangana,2024-05-21,Platinum
2048,Harini,Joshi,harini.joshi2048@outlook.com,9193879652,Other,2004-10-30,Mumbai,Maharashtra,2022-01-22,Gold
2049,Manoj,Verma,manoj.verma2049@outlook.com,,Female,1988-07-15,Mysuru,Karnataka,2023-12-11,Bronze
2050,Ramesh,Patel,ramesh.patel2050@example.com,9248964667,Female,1973-07-30,Madurai,Tamil Nadu,2025-05-15,Bronze
2051,Rahul,Kapoor,rahul.kapoor2051@outlook.com,9103265971,Male,1965-01-05,Lucknow,Uttar Pradesh,2022-02-01,Bronze
2052,Naveen,Naidu,,9873071240,Female,1970-03-02,Bengaluru,Karnataka,2024-12-20,Gold
2053,Kavya,Naidu,kavya.naidu2053@yahoo.com,9320925842,Female,1971-10-17,Hyderabad,Telangana,2025-02-23,Platinum
2054,Tanvi,Singh,tanvi.singh2054@example.com,9760817001,Female,2002-01-02,Kolkata,West Bengal,2022-04-14,Gold
2055,Santosh,Iyer,santosh.iyer2055@gmail.com,9746217880,Female,1972-01-29,Coimbatore,Tamil Nadu,2022-11-12,Bronze
2056,Tanvi,Nair,tanvi.nair2056@example.com,9951156042,Female,1971-06-23,Mumbai,Maharashtra,2024-09-17,Bronze
2057,Sneha,Iyer,sneha.iyer2057@example.com,9963486386,Female,1998-06-28,Kochi,Kerala,2025-06-01,Bronze
2058,Meera,Shetty,meera.shetty2058@outlook.com,9069808916,Male,2000-02-24,Mumbai,Maharashtra,2024-11-21,Bronze
2059,Tanvi,Kapoor,tanvi.kapoor2059@gmail.com,9708322578,Female,1973-05-10,Bengaluru,Karnataka,2023-12-21,Bronze
2060,Harini,Bose,harini.bose2060@yahoo.com,9288030942,Female,1991-01-01,Bengaluru,Karnataka,2024-04-04,Bronze
2061,Diya,Chopra,diya.chopra2061@gmail.com,9869892203,Female,1986-05-13,Jaipur,Rajasthan,2023-12-20,Bronze
2062,Neha,Singh,,9556785248,Male,1988-01-23,Chennai,Tamil Nadu,2024-03-01,Bronze
2063,Rohan,Kumar,rohan.kumar2063@yahoo.com,9895740706,Female,1977-06-12,Mumbai,Maharashtra,2024-11-20,Silver
2064,Ananya,Bose,,9907866970,Female,1995-01-13,Bengaluru,Karnataka,2022-03-10,Bronze
2065,Ramesh,Bose,ramesh.bose2065@example.com,9772688871,Female,2000-03-20,Hyderabad,Telangana,2022-10-14,Bronze
2066,Tanvi,Das,tanvi.das2066@gmail.com,9420295753,Male,1994-01-08,Jaipur,Rajasthan,2022-03-23,Silver
2067,Karan,Bose,karan.bose2067@example.com,9492383990,Male,2001-02-07,Mumbai,Maharashtra,2024-12-26,Platinum
2068,Pooja,Singh,pooja.singh2068@yahoo.com,9608187522,Male,1969-06-02,Kochi,Kerala,2024-09-22,Silver
2069,Lakshmi,Mehta,lakshmi.mehta2069@gmail.com,9488525858,Male,1991-04-08,Chennai,Tamil Nadu,2022-03-14,Silver
2070,Arjun,Bose,arjun.bose2070@yahoo.com,9050663794,Other,2004-12-14,Mumbai,Maharashtra,2022-05-25,Silver
2071,Vivaan,Gupta,vivaan.gupta2071@outlook.com,9410447811,Male,1986-05-31,Kolkata,West Bengal,2022-12-29,Silver
2072,Diya,Pillai,diya.pillai2072@example.com,9537344608,Female,2002-08-26,Hyderabad,Telangana,2022-11-28,Silver
2073,Tanvi,Kumar,tanvi.kumar2073@outlook.com,9326150273,Male,1978-12-05,Chennai,Tamil Nadu,2023-12-13,Bronze
2074,Siddharth,Patel,siddharth.patel2074@gmail.com,9936096732,Male,2000-11-03,Kolkata,West Bengal,2023-11-14,Silver
2075,Lakshmi,Reddy,lakshmi.reddy2075@yahoo.com,9420676559,Other,2002-07-12,Hyderabad,Telangana,2023-05-05,Bronze
2076,Divya,Rao,divya.rao2076@yahoo.com,9574037667,Female,1989-11-16,Mumbai,Maharashtra,2022-08-13,Bronze
2077,Neha,Kumar,neha.kumar2077@outlook.com,9287358131,Male,1993-03-02,Kochi,Kerala,2024-06-07,Bronze
2078,Diya,Gupta,diya.gupta2078@outlook.com,,Male,1985-11-24,Chennai,Tamil Nadu,2024-12-17,Bronze
2079,Vivaan,Chopra,vivaan.chopra2079@gmail.com,9329778750,Other,1977-09-02,Coimbatore,Tamil Nadu,2024-05-26,Bronze
2080,Lakshmi,Sharma,lakshmi.sharma2080@gmail.com,9095906236,Other,1986-06-09,Bengaluru,Karnataka,2025-01-10,Silver
2081,Swathi,Verma,swathi.verma2081@gmail.com,9419736144,Male,2003-06-22,Hyderabad,Telangana,2025-06-05,Bronze
2082,Kavya,Shetty,kavya.shetty2082@example.com,9349059884,Female,1965-08-07,Chennai,Tamil Nadu,2025-02-26,Bronze
2083,Neha,Joshi,neha.joshi2083@outlook.com,9558921223,Male,1973-03-14,Delhi,Delhi,2024-06-10,Bronze
2084,Deepak,Das,deepak.das2084@yahoo.com,9924321961,Female,1984-12-19,Chennai,Tamil Nadu,2022-03-09,Bronze
2085,Santosh,Sharma,santosh.sharma2085@example.com,9663787642,Male,1978-07-27,Pune,Maharashtra,2023-04-04,Silver
2086,Ishaan,Menon,ishaan.menon2086@gmail.com,9098280213,Female,1989-12-08,Chennai,Tamil Nadu,2023-08-09,Bronze
2087,Santosh,Mehta,santosh.mehta2087@gmail.com,9354118591,Female,1979-06-01,Hyderabad,Telangana,2024-09-02,Bronze
2088,Harini,Menon,harini.menon2088@yahoo.com,9319181749,Male,1991-05-02,Madurai,Tamil Nadu,2025-03-05,Bronze
2089,Deepak,Sharma,deepak.sharma2089@gmail.com,9037950647,Male,1969-04-02,Delhi,Delhi,2024-05-26,Bronze
2090,Meera,Menon,meera.menon2090@example.com,9581674464,Male,1978-04-12,Hyderabad,Telangana,2023-05-13,Bronze
2091,Neha,Menon,neha.menon2091@example.com,9358182010,Male,1992-09-11,Hyderabad,Telangana,2024-12-14,Bronze
2092,Rahul,Patel,rahul.patel2092@outlook.com,9927154696,Male,1983-11-03,Kolkata,West Bengal,2024-08-10,Silver
2093,Tanvi,Verma,tanvi.verma2093@example.com,9721035026,Male,1993-07-12,Mumbai,Maharashtra,2024-12-28,Gold
2094,Rahul,Shetty,rahul.shetty2094@yahoo.com,9892159497,Other,1990-06-09,Chennai,Tamil Nadu,2024-03-17,Silver
2095,Ananya,Chopra,ananya.chopra2095@gmail.com,9891400468,Male,1978-02-18,Ahmedabad,Gujarat,2024-06-04,Bronze
2096,Rahul,Rao,rahul.rao2096@yahoo.com,9101964131,Female,1982-02-14,Madurai,Tamil Nadu,2023-04-21,Bronze
2097,Ananya,Pillai,ananya.pillai2097@gmail.com,9045489125,Male,2003-07-25,Bengaluru,Karnataka,2023-07-02,Silver
2098,Diya,Joshi,diya.joshi2098@example.com,9447182326,Female,2003-06-18,Mumbai,Maharashtra,2023-01-14,Bronze
2099,Aditya,Iyer,aditya.iyer2099@outlook.com,9664361366,Male,1966-06-04,Bengaluru,Karnataka,2022-12-18,Gold
2100,Manoj,Kumar,manoj.kumar2100@example.com,9233851102,Female,1993-03-14,Chennai,Tamil Nadu,2024-06-12,Bronze
2101,Kavya,Kapoor,kavya.kapoor2101@yahoo.com,9247857636,Male,1984-08-17,Delhi,Delhi,2023-06-10,Bronze
2102,Naveen,Patel,naveen.patel2102@outlook.com,9339965670,Male,1965-01-19,Bengaluru,Karnataka,2022-07-02,Bronze
2103,Rohan,Shetty,rohan.shetty2103@yahoo.com,9315238294,Female,1990-05-08,Gurugram,Haryana,2022-02-17,Gold
2104,Santosh,Verma,santosh.verma2104@yahoo.com,9117981824,Female,1965-12-06,Jaipur,Rajasthan,2025-03-23,Platinum
2105,Rohan,Singh,rohan.singh2105@outlook.com,9023922225,Female,1977-09-29,Pune,Maharashtra,2023-08-19,Gold
2106,Pooja,Gupta,pooja.gupta2106@example.com,9225713599,Male,1992-08-05,Delhi,Delhi,2024-02-29,Bronze
2107,Meera,Rao,meera.rao2107@outlook.com,9850969974,Male,1997-06-26,Delhi,Delhi,2025-05-23,Silver
2108,Kavya,Nair,kavya.nair2108@outlook.com,9668255249,Female,1981-06-30,Lucknow,Uttar Pradesh,2022-06-02,Bronze
2109,Tanvi,Reddy,tanvi.reddy2109@outlook.com,9056923039,Female,1997-04-30,Madurai,Tamil Nadu,2025-07-07,Bronze
2110,Lakshmi,Joshi,lakshmi.joshi2110@yahoo.com,9746942885,Female,1998-07-23,Mysuru,Karnataka,2024-08-21,Silver
2111,Siddharth,Patel,siddharth.patel2111@example.com,9001610645,Male,1982-11-22,Mumbai,Maharashtra,2024-05-26,Platinum
2112,Divya,Kapoor,divya.kapoor2112@example.com,9122699167,Male,1971-12-02,Mumbai,Maharashtra,2023-08-14,Bronze
2113,Rohan,Kapoor,rohan.kapoor2113@yahoo.com,9064179524,Female,1991-05-09,Chennai,Tamil Nadu,2024-08-24,Bronze
2114,Vikram,Singh,,9597676318,Female,1965-07-21,Pune,Maharashtra,2022-10-07,Bronze
2115,Siddharth,Menon,siddharth.menon2115@yahoo.com,9596466933,Male,2000-09-14,Bengaluru,Karnataka,2023-02-18,Bronze
2116,Naveen,Singh,naveen.singh2116@outlook.com,9314418621,Female,1980-07-07,Jaipur,Rajasthan,2025-08-08,Bronze
2117,Arjun,Singh,arjun.singh2117@outlook.com,9601490552,Female,1995-05-20,Chennai,Tamil Nadu,2023-01-13,Gold
2118,Diya,Joshi,diya.joshi2118@example.com,9561923055,Male,1994-06-04,Bengaluru,Karnataka,2024-09-12,Bronze
2119,Priya,Patel,priya.patel2119@example.com,9127736731,Male,1983-11-26,Bengaluru,Karnataka,2025-06-27,Silver
2120,Lakshmi,Iyer,lakshmi.iyer2120@yahoo.com,9093837369,Female,2003-11-05,Chennai,Tamil Nadu,2024-03-22,Bronze
2121,Meera,Patel,meera.patel2121@outlook.com,9715228998,Male,1996-10-31,Chennai,Tamil Nadu,2023-02-12,Bronze
2122,Kiran,Naidu,kiran.naidu2122@outlook.com,9455708895,Female,2000-04-28,Bengaluru,Karnataka,2025-03-08,Bronze
2123,Deepak,Patel,deepak.patel2123@example.com,9446374273,Female,1968-10-02,Chennai,Tamil Nadu,2025-02-05,Bronze
2124,Manoj,Gupta,manoj.gupta2124@gmail.com,9055204782,Male,1984-05-08,Chennai,Tamil Nadu,2024-01-15,Bronze
2125,Deepak,Rao,deepak.rao2125@outlook.com,9493464834,Female,2003-01-20,Hyderabad,Telangana,2022-06-07,Silver
2126,Ishaan,Iyer,ishaan.iyer2126@outlook.com,9573232183,Male,1997-06-29,Hyderabad,Telangana,2023-08-28,Gold
2127,Kavya,Patel,kavya.patel2127@yahoo.com,9287238286,Male,1983-02-25,Madurai,Tamil Nadu,2023-08-14,Bronze
2128,Riya,Nair,riya.nair2128@yahoo.com,9650851823,Female,1967-10-24,Coimbatore,Tamil Nadu,2022-09-17,Silver
2129,Karan,Naidu,karan.naidu2129@outlook.com,9620364702,Female,1976-04-13,Bengaluru,Karnataka,2023-07-05,Gold
2130,Arjun,Naidu,arjun.naidu2130@yahoo.com,9206249219,Male,1987-11-17,Bengaluru,Karnataka,2022-07-29,Bronze
2131,Ishaan,Pillai,ishaan.pillai2131@gmail.com,9327131825,Female,1990-08-29,Chennai,Tamil Nadu,2024-08-06,Gold
2132,Ramesh,Reddy,ramesh.reddy2132@example.com,9540285853,Female,2001-12-12,Delhi,Delhi,2023-08-15,Platinum
2133,Tanvi,Rao,tanvi.rao2133@yahoo.com,9372598326,Female,1968-09-17,Lucknow,Uttar Pradesh,2024-09-27,Gold
2134,Vikram,Joshi,vikram.joshi2134@gmail.com,9670509872,Female,1980-11-05,Jaipur,Rajasthan,2023-09-17,Silver
2135,Deepak,Kapoor,deepak.kapoor2135@gmail.com,9746248132,Male,1975-11-17,Mumbai,Maharashtra,2024-09-04,Silver
2136,Santosh,Nair,santosh.nair2136@example.com,9136028236,Male,2003-05-19,Mumbai,Maharashtra,2024-09-30,Bronze
2137,Lakshmi,Chopra,lakshmi.chopra2137@yahoo.com,9791771834,Female,1971-08-23,Coimbatore,Tamil Nadu,2022-08-08,Silver
2138,Harini,Nair,harini.nair2138@yahoo.com,9752371478,Male,1973-10-28,Delhi,Delhi,2023-08-29,Platinum
2139,Swathi,Menon,swathi.menon2139@yahoo.com,9831954974,Female,1976-11-27,Delhi,Delhi,2024-10-23,Bronze
2140,Rohan,Kapoor,rohan.kapoor2140@gmail.com,9105136094,Male,1969-03-23,Kolkata,West Bengal,2024-03-23,Silver
2141,Ramesh,Verma,ramesh.verma2141@outlook.com,9814968673,Male,1990-09-21,Ahmedabad,Gujarat,2022-10-31,Bronze
2142,Diya,Iyer,diya.iyer2142@gmail.com,9402037245,Male,1985-12-23,Hyderabad,Telangana,2025-02-13,Bronze
2143,Priya,Bose,priya.bose2143@example.com,9187100210,Male,1987-04-17,Delhi,Delhi,2022-10-01,Silver
2144,Tanvi,Sharma,tanvi.sharma2144@yahoo.com,9450542171,Male,2001-04-07,Gurugram,Haryana,2025-09-21,Silver
2145,Sneha,Joshi,sneha.joshi2145@gmail.com,9276901623,Female,1982-04-25,Coimbatore,Tamil Nadu,2024-08-25,Silver
2146,Priya,Das,priya.das2146@yahoo.com,,Female,1977-06-11,Jaipur,Rajasthan,2023-03-18,Gold
2147,Kiran,Singh,kiran.singh2147@gmail.com,,Male,1980-01-04,Bengaluru,Karnataka,2022-09-24,Bronze
2148,Rohan,Kapoor,rohan.kapoor2148@yahoo.com,,Male,1996-12-26,Lucknow,Uttar Pradesh,2025-05-19,Gold
2149,Aditya,Bose,aditya.bose2149@gmail.com,9697518276,Female,1986-02-14,Delhi,Delhi,2023-12-18,Silver
2150,Aarav,Singh,aarav.singh2150@outlook.com,9376792707,Male,1971-10-07,Bengaluru,Karnataka,2025-01-08,Gold
2151,Lakshmi,Sharma,lakshmi.sharma2151@example.com,9121833369,Female,1992-07-29,Pune,Maharashtra,2025-02-12,Bronze
2152,Priya,Iyer,priya.iyer2152@yahoo.com,9615111682,Female,1994-10-21,Bengaluru,Karnataka,2022-04-04,Bronze
2153,Kavya,Iyer,kavya.iyer2153@gmail.com,9923106415,Female,1974-12-28,Delhi,Delhi,2024-07-25,Gold
2154,Tanvi,Shetty,tanvi.shetty2154@gmail.com,9338446874,Female,1987-04-08,Gurugram,Haryana,2023-04-03,Bronze
2155,Kavya,Menon,kavya.menon2155@example.com,9311773996,Female,1987-07-14,Pune,Maharashtra,2025-05-27,Bronze
2156,Riya,Joshi,,9258545841,Other,1971-12-31,Kolkata,West Bengal,2022-10-27,Silver
2157,Vivaan,Reddy,vivaan.reddy2157@yahoo.com,9569198722,Female,1965-05-14,Bengaluru,Karnataka,2022-02-15,Silver
2158,Ishaan,Kapoor,ishaan.kapoor2158@gmail.com,9416746796,Male,1993-09-15,Chennai,Tamil Nadu,2024-06-28,Gold
2159,Harini,Chopra,harini.chopra2159@outlook.com,9219784156,Male,1989-08-08,Hyderabad,Telangana,2024-01-26,Silver
2160,Kavya,Pillai,kavya.pillai2160@gmail.com,9244284909,Male,1993-07-13,Bengaluru,Karnataka,2024-01-31,Gold
2161,Rohan,Kumar,rohan.kumar2161@example.com,9672024310,Male,1980-02-01,Hyderabad,Telangana,2022-12-27,Bronze
2162,Diya,Joshi,diya.joshi2162@gmail.com,9661799140,Female,1985-08-09,Chennai,Tamil Nadu,2023-11-09,Silver
2163,Ananya,Das,ananya.das2163@gmail.com,9089240852,Male,2004-03-29,Hyderabad,Telangana,2025-08-13,Gold
2164,Vikram,Gupta,vikram.gupta2164@outlook.com,9912747265,Male,1974-01-05,Hyderabad,Telangana,2024-11-11,Silver
2165,Vikram,Menon,vikram.menon2165@yahoo.com,9032544197,Male,1991-02-05,Kolkata,West Bengal,2025-09-10,Bronze
2166,Manoj,Singh,manoj.singh2166@outlook.com,9626242363,Female,1970-04-16,Chennai,Tamil Nadu,2023-04-02,Bronze
2167,Arjun,Shetty,arjun.shetty2167@gmail.com,9759191537,Female,1967-08-18,Ahmedabad,Gujarat,2025-04-06,Silver
2168,Siddharth,Chopra,siddharth.chopra2168@example.com,9122951722,Other,2003-04-07,Hyderabad,Telangana,2023-06-08,Silver
2169,Meera,Chopra,meera.chopra2169@yahoo.com,9478089353,Male,1970-03-11,Coimbatore,Tamil Nadu,2025-07-04,Bronze
2170,Pooja,Chopra,pooja.chopra2170@example.com,9466444413,Male,1991-03-20,Mumbai,Maharashtra,2025-03-31,Silver
2171,Swathi,Mehta,swathi.mehta2171@example.com,9798875682,Female,1985-07-22,Hyderabad,Telangana,2022-08-14,Gold
2172,Harini,Shetty,harini.shetty2172@outlook.com,9125749349,Female,1997-05-07,Chennai,Tamil Nadu,2025-08-23,Bronze
2173,Vikram,Reddy,vikram.reddy2173@yahoo.com,9181936735,Female,1986-11-07,Mumbai,Maharashtra,2024-04-11,Silver
2174,Pooja,Menon,pooja.menon2174@yahoo.com,9781485018,Female,1992-11-10,Mysuru,Karnataka,2024-11-28,Silver
2175,Aarav,Verma,aarav.verma2175@outlook.com,9478041848,Male,2000-09-28,Hyderabad,Telangana,2024-03-03,Bronze
2176,Sneha,Patel,sneha.patel2176@gmail.com,9218616402,Female,1998-02-27,Mumbai,Maharashtra,2022-10-25,Bronze
2177,Ishaan,Menon,ishaan.menon2177@gmail.com,9713278770,Female,1993-11-09,Hyderabad,Telangana,2025-09-10,Bronze
2178,Aditya,Kumar,aditya.kumar2178@outlook.com,9914822034,Female,1971-07-01,Kolkata,West Bengal,2022-06-04,Gold
2179,Santosh,Naidu,santosh.naidu2179@gmail.com,9402026015,Female,1971-10-10,Chennai,Tamil Nadu,2025-01-12,Bronze
2180,Rohan,Rao,rohan.rao2180@yahoo.com,9585975317,Male,1984-11-12,Kochi,Kerala,2022-10-14,Bronze
2181,Meera,Mehta,meera.mehta2181@outlook.com,9933053003,Male,1991-05-04,Gurugram,Haryana,2024-12-11,Bronze
2182,Arjun,Mehta,arjun.mehta2182@yahoo.com,9447572251,Female,1991-09-02,Kochi,Kerala,2023-08-02,Gold
2183,Deepak,Rao,deepak.rao2183@example.com,9719953344,Female,1996-06-12,Kolkata,West Bengal,2022-11-20,Silver
2184,Deepak,Pillai,deepak.pillai2184@example.com,9017048094,Male,1969-02-18,Mysuru,Karnataka,2022-11-21,Bronze
2185,Riya,Patel,riya.patel2185@gmail.com,9477409084,Male,1971-12-08,Mumbai,Maharashtra,2023-03-14,Gold
2186,Divya,Menon,divya.menon2186@gmail.com,9579186347,Female,1970-12-30,Mysuru,Karnataka,2025-05-18,Bronze
2187,Kavya,Menon,kavya.menon2187@example.com,9157545588,Male,1986-08-18,Gurugram,Haryana,2024-11-19,Bronze
2188,Rohan,Sharma,rohan.sharma2188@gmail.com,9903863648,Male,1990-05-06,Mumbai,Maharashtra,2024-07-07,Bronze
2189,Ishaan,Naidu,ishaan.naidu2189@yahoo.com,9546172000,Female,1969-08-14,Chennai,Tamil Nadu,2024-05-12,Silver
2190,Karan,Menon,karan.menon2190@example.com,9103916883,Female,1999-09-23,Jaipur,Rajasthan,2023-07-25,Gold
2191,Karan,Reddy,karan.reddy2191@outlook.com,9036713673,Female,1977-02-17,Bengaluru,Karnataka,2025-05-19,Bronze
2192,Siddharth,Rao,siddharth.rao2192@yahoo.com,9883546334,Female,1991-05-27,Mumbai,Maharashtra,2023-01-10,Silver
2193,Karan,Joshi,karan.joshi2193@gmail.com,9259384144,Male,1995-01-17,Delhi,Delhi,2025-07-14,Silver
2194,Riya,Naidu,riya.naidu2194@yahoo.com,9041753057,Female,1966-06-13,Bengaluru,Karnataka,2023-06-06,Gold
2195,Ishaan,Sharma,ishaan.sharma2195@outlook.com,9491743240,Female,1999-07-28,Mumbai,Maharashtra,2023-04-13,Gold
2196,Sneha,Mehta,sneha.mehta2196@gmail.com,9646590452,Female,2003-10-17,Gurugram,Haryana,2023-10-14,Silver
2197,Ananya,Nair,ananya.nair2197@outlook.com,9637986789,Female,2003-04-28,Bengaluru,Karnataka,2024-10-21,Bronze
2198,Santosh,Menon,santosh.menon2198@yahoo.com,9799153978,Male,1970-07-30,Mumbai,Maharashtra,2024-09-04,Bronze
2199,Neha,Das,neha.das2199@yahoo.com,9380925772,Male,1980-09-11,Chennai,Tamil Nadu,2024-11-15,Gold
2200,Harini,Kumar,harini.kumar2200@example.com,9557376784,Male,1974-04-19,Pune,Maharashtra,2022-05-03,Silver
2201,Kavya,Shetty,kavya.shetty2201@example.com,9477856042,Male,1983-01-08,Bengaluru,Karnataka,2022-08-09,Bronze
2202,Vikram,Das,vikram.das2202@outlook.com,9817846566,Other,2003-12-22,Jaipur,Rajasthan,2025-03-08,Gold
2203,Riya,Mehta,riya.mehta2203@outlook.com,9269332983,Male,1995-07-04,Ahmedabad,Gujarat,2025-09-04,Gold
2204,Tanvi,Verma,tanvi.verma2204@yahoo.com,9974898421,Female,1995-10-28,Chennai,Tamil Nadu,2022-06-24,Silver
2205,Kavya,Patel,kavya.patel2205@gmail.com,9877091592,Male,1981-11-13,Coimbatore,Tamil Nadu,2025-05-22,Gold
2206,Pooja,Kapoor,pooja.kapoor2206@yahoo.com,9582147546,Male,2002-06-10,Mumbai,Maharashtra,2022-12-26,Bronze
2207,Meera,Kumar,meera.kumar2207@gmail.com,9038395964,Male,2001-10-11,Delhi,Delhi,2025-09-02,Silver
2208,Siddharth,Naidu,siddharth.naidu2208@yahoo.com,9923781943,Male,1997-03-30,Hyderabad,Telangana,2025-09-22,Platinum
2209,Siddharth,Das,siddharth.das2209@yahoo.com,9105609508,Female,1997-07-23,Mysuru,Karnataka,2024-05-21,Bronze
2210,Harini,Das,harini.das2210@outlook.com,9166889033,Female,1991-01-20,Bengaluru,Karnataka,2022-09-18,Bronze
2211,Santosh,Mehta,santosh.mehta2211@yahoo.com,9322986546,Male,1968-10-23,Lucknow,Uttar Pradesh,2024-12-15,Silver
2212,Aditya,Menon,aditya.menon2212@yahoo.com,9845992220,Other,1976-05-17,Hyderabad,Telangana,2022-05-19,Bronze
2213,Naveen,Verma,naveen.verma2213@outlook.com,9640258651,Female,1995-09-25,Kolkata,West Bengal,2023-04-03,Bronze
2214,Manoj,Verma,manoj.verma2214@gmail.com,9277852581,Female,1978-01-25,Mumbai,Maharashtra,2024-05-23,Bronze
2215,Vivaan,Kumar,vivaan.kumar2215@gmail.com,9898648174,Male,1971-11-22,Jaipur,Rajasthan,2022-04-03,Bronze
2216,Manoj,Menon,manoj.menon2216@outlook.com,9540966179,Male,2002-11-13,Bengaluru,Karnataka,2023-06-23,Bronze
2217,Riya,Menon,riya.menon2217@outlook.com,9821305459,Female,1984-07-09,Bengaluru,Karnataka,2024-12-27,Gold
2218,Harini,Mehta,,9647379954,Female,1999-05-28,Jaipur,Rajasthan,2022-05-06,Silver
2219,Meera,Patel,meera.patel2219@outlook.com,9359862321,Male,1976-05-11,Jaipur,Rajasthan,2023-05-18,Silver
2220,Neha,Chopra,neha.chopra2220@example.com,9077161221,Female,1979-05-16,Coimbatore,Tamil Nadu,2022-01-06,Bronze
2221,Siddharth,Rao,siddharth.rao2221@outlook.com,9704451473,Male,1978-09-22,Hyderabad,Telangana,2024-06-20,Bronze
2222,Siddharth,Sharma,siddharth.sharma2222@example.com,9947184977,Female,1979-12-03,Hyderabad,Telangana,2022-04-19,Bronze
2223,Sneha,Kumar,sneha.kumar2223@gmail.com,9157835144,Male,1982-06-29,Hyderabad,Telangana,2023-01-20,Gold
2224,Lakshmi,Chopra,lakshmi.chopra2224@outlook.com,9096186694,Female,1976-11-25,Chennai,Tamil Nadu,2023-12-17,Platinum
2225,Swathi,Pillai,swathi.pillai2225@example.com,9368877043,Male,1997-07-19,Ahmedabad,Gujarat,2022-10-21,Bronze
2226,Ramesh,Patel,ramesh.patel2226@example.com,9383894168,Male,1978-01-14,Chennai,Tamil Nadu,2022-11-13,Platinum
2227,Sneha,Naidu,sneha.naidu2227@yahoo.com,9415954473,Female,1982-08-26,Delhi,Delhi,2025-02-16,Bronze
2228,Neha,Joshi,neha.joshi2228@example.com,9797978032,Male,1999-05-28,Bengaluru,Karnataka,2024-11-30,Bronze
2229,Ananya,Mehta,ananya.mehta2229@yahoo.com,9829616329,Female,1982-06-23,Bengaluru,Karnataka,2022-04-21,Silver
2230,Ramesh,Rao,ramesh.rao2230@gmail.com,9773636367,Female,1965-06-03,Pune,Maharashtra,2025-03-19,Bronze
2231,Siddharth,Kapoor,siddharth.kapoor2231@example.com,9300996154,Male,1965-01-08,Madurai,Tamil Nadu,2023-10-03,Gold
2232,Vikram,Reddy,vikram.reddy2232@yahoo.com,9237982552,Male,1982-06-07,Pune,Maharashtra,2022-07-18,Bronze
2233,Swathi,Nair,swathi.nair2233@gmail.com,9430433670,Female,1990-12-04,Bengaluru,Karnataka,2025-05-26,Silver
2234,Riya,Mehta,riya.mehta2234@gmail.com,9308949689,Female,2002-09-09,Jaipur,Rajasthan,2023-04-07,Bronze
2235,Ananya,Verma,ananya.verma2235@gmail.com,9547125248,Female,1970-03-25,Delhi,Delhi,2023-03-22,Bronze
2236,Divya,Bose,divya.bose2236@example.com,9788373912,Male,1986-09-10,Kolkata,West Bengal,2022-07-20,Bronze
2237,Naveen,Shetty,naveen.shetty2237@example.com,9926226729,Female,1976-07-20,Bengaluru,Karnataka,2025-04-28,Gold
2238,Siddharth,Rao,siddharth.rao2238@example.com,9019031203,Female,1983-01-03,Coimbatore,Tamil Nadu,2023-01-28,Silver
2239,Neha,Shetty,neha.shetty2239@gmail.com,9217043634,Female,1982-09-11,Hyderabad,Telangana,2024-03-21,Silver
2240,Meera,Verma,meera.verma2240@example.com,,Male,1977-06-27,Mumbai,Maharashtra,2022-11-24,Bronze
2241,Manoj,Rao,manoj.rao2241@outlook.com,9690481807,Male,1965-09-24,Coimbatore,Tamil Nadu,2025-05-10,Bronze
2242,Naveen,Mehta,naveen.mehta2242@yahoo.com,9168859121,Female,1967-12-16,Bengaluru,Karnataka,2024-12-13,Bronze
2243,Pooja,Patel,pooja.patel2243@outlook.com,9789511689,Other,1985-11-18,Hyderabad,Telangana,2023-11-20,Gold
2244,Ramesh,Singh,ramesh.singh2244@example.com,9784140633,Male,1973-12-22,Chennai,Tamil Nadu,2023-04-18,Bronze
2245,Riya,Das,riya.das2245@yahoo.com,9094756461,Female,1978-01-27,Hyderabad,Telangana,2024-06-15,Bronze
2246,Swathi,Rao,swathi.rao2246@gmail.com,9940904732,Male,1968-08-13,Chennai,Tamil Nadu,2023-11-10,Silver
2247,Priya,Nair,priya.nair2247@example.com,9265553928,Male,1966-12-26,Chennai,Tamil Nadu,2025-07-12,Silver
2248,Diya,Rao,diya.rao2248@gmail.com,9701518481,Male,1970-01-24,Pune,Maharashtra,2024-07-11,Bronze
2249,Priya,Naidu,priya.naidu2249@gmail.com,9068977067,Male,1980-01-31,Hyderabad,Telangana,2022-02-07,Bronze
2250,Kiran,Sharma,kiran.sharma2250@outlook.com,9399885802,Male,1971-07-16,Madurai,Tamil Nadu,2025-01-30,Bronze
2251,Sneha,Kapoor,sneha.kapoor2251@example.com,9618132508,Male,1974-04-02,Mumbai,Maharashtra,2022-09-21,Silver
2252,Ishaan,Rao,ishaan.rao2252@example.com,9871226889,Male,1977-01-27,Delhi,Delhi,2023-02-17,Bronze
2253,Vivaan,Singh,vivaan.singh2253@example.com,9623208598,Female,1976-08-24,Hyderabad,Telangana,2023-08-20,Silver
2254,Neha,Chopra,neha.chopra2254@example.com,9604465701,Female,1965-06-10,Mumbai,Maharashtra,2022-10-14,Bronze
2255,Lakshmi,Rao,lakshmi.rao2255@gmail.com,9948817112,Female,1969-09-10,Kochi,Kerala,2025-07-14,Gold
2256,Meera,Pillai,meera.pillai2256@yahoo.com,9706322333,Male,2002-12-25,Mumbai,Maharashtra,2025-09-01,Platinum
2257,Pooja,Verma,pooja.verma2257@outlook.com,9594168556,Female,1991-09-14,Ahmedabad,Gujarat,2022-08-02,Bronze
2258,Ramesh,Verma,ramesh.verma2258@yahoo.com,9809894804,Male,1969-12-13,Gurugram,Haryana,2023-03-15,Bronze
2259,Neha,Rao,neha.rao2259@outlook.com,9827356837,Female,1976-05-05,Bengaluru,Karnataka,2023-05-23,Bronze
2260,Harini,Singh,harini.singh2260@yahoo.com,9430071113,Female,1980-04-25,Hyderabad,Telangana,2024-07-07,Gold
2261,Tanvi,Reddy,tanvi.reddy2261@yahoo.com,9158568860,Male,2001-03-15,Delhi,Delhi,2024-03-29,Bronze
2262,Manoj,Mehta,manoj.mehta2262@gmail.com,9773112791,Male,2000-02-28,Lucknow,Uttar Pradesh,2024-07-16,Silver
2263,Ramesh,Chopra,ramesh.chopra2263@outlook.com,9480902074,Female,1995-10-19,Hyderabad,Telangana,2022-02-12,Bronze
2264,Sneha,Nair,sneha.nair2264@example.com,9452747669,Female,1969-04-05,Bengaluru,Karnataka,2023-12-05,Bronze
2265,Vivaan,Shetty,vivaan.shetty2265@example.com,9537743920,Female,1984-08-10,Mumbai,Maharashtra,2022-10-16,Silver
2266,Priya,Mehta,priya.mehta2266@yahoo.com,9607872901,Female,1984-05-01,Bengaluru,Karnataka,2022-11-09,Silver
2267,Ishaan,Nair,ishaan.nair2267@outlook.com,9357298207,Female,1990-06-26,Delhi,Delhi,2024-11-26,Gold
2268,Neha,Verma,neha.verma2268@gmail.com,9127139669,Male,1998-10-08,Mumbai,Maharashtra,2022-07-13,Gold
2269,Ishaan,Kapoor,ishaan.kapoor2269@outlook.com,9746539574,Female,1977-10-31,Delhi,Delhi,2022-02-13,Silver
2270,Neha,Iyer,neha.iyer2270@yahoo.com,9118551725,Male,1987-04-07,Kolkata,West Bengal,2023-10-29,Bronze
2271,Ananya,Mehta,ananya.mehta2271@example.com,9321800387,Female,1975-07-19,Pune,Maharashtra,2024-10-04,Gold
2272,Aarav,Joshi,aarav.joshi2272@outlook.com,9829104421,Male,1973-05-30,Pune,Maharashtra,2023-12-01,Gold
2273,Arjun,Das,arjun.das2273@gmail.com,9336325541,Other,1977-07-11,Delhi,Delhi,2022-08-09,Gold
2274,Neha,Patel,neha.patel2274@example.com,9952741702,Female,1994-05-27,Kolkata,West Bengal,2024-11-24,Platinum
2275,Aditya,Iyer,aditya.iyer2275@outlook.com,9679727767,Male,1982-07-03,Kolkata,West Bengal,2023-06-07,Bronze
2276,Divya,Chopra,divya.chopra2276@gmail.com,9859601448,Male,1992-03-27,Bengaluru,Karnataka,2024-08-29,Silver
2277,Deepak,Kumar,deepak.kumar2277@yahoo.com,9604596113,Male,1992-08-17,Mumbai,Maharashtra,2022-10-04,Silver
2278,Manoj,Sharma,manoj.sharma2278@gmail.com,9417001158,Female,1979-06-24,Chennai,Tamil Nadu,2025-06-02,Bronze
2279,Rohan,Nair,rohan.nair2279@yahoo.com,9986534818,Female,2003-03-06,Kolkata,West Bengal,2023-01-24,Silver
2280,Ramesh,Menon,ramesh.menon2280@example.com,9802394760,Male,1966-11-07,Pune,Maharashtra,2025-08-22,Bronze
2281,Tanvi,Nair,tanvi.nair2281@example.com,9668958165,Male,2000-11-07,Hyderabad,Telangana,2023-06-01,Bronze
2282,Diya,Gupta,diya.gupta2282@outlook.com,9156467532,Female,1965-04-25,Chennai,Tamil Nadu,2024-09-23,Bronze
2283,Aarav,Iyer,aarav.iyer2283@yahoo.com,9694592822,Male,1980-04-14,Madurai,Tamil Nadu,2023-11-19,Silver
2284,Neha,Pillai,neha.pillai2284@yahoo.com,,Female,1997-12-29,Delhi,Delhi,2022-04-15,Silver
2285,Ramesh,Rao,ramesh.rao2285@example.com,9823183748,Male,1992-05-09,Chennai,Tamil Nadu,2022-05-15,Bronze
2286,Vivaan,Pillai,vivaan.pillai2286@gmail.com,9487446670,Male,1977-11-08,Bengaluru,Karnataka,2023-07-09,Bronze
2287,Vivaan,Verma,vivaan.verma2287@example.com,9245014460,Male,2000-05-26,Ahmedabad,Gujarat,2022-09-22,Silver
2288,Diya,Gupta,diya.gupta2288@example.com,9735933269,Female,1970-07-05,Delhi,Delhi,2024-04-13,Bronze
2289,Neha,Patel,neha.patel2289@example.com,9519041090,Male,1991-10-24,Chennai,Tamil Nadu,2022-07-08,Bronze
2290,Meera,Rao,meera.rao2290@outlook.com,9953806733,Male,1985-09-23,Coimbatore,Tamil Nadu,2024-03-18,Bronze
2291,Priya,Bose,priya.bose2291@example.com,9000454737,Female,1973-04-13,Kochi,Kerala,2022-10-08,Gold
2292,Rahul,Reddy,rahul.reddy2292@gmail.com,9697156000,Female,2001-10-23,Delhi,Delhi,2022-09-06,Bronze
2293,Vivaan,Pillai,vivaan.pillai2293@example.com,9182143918,Male,1995-08-08,Pune,Maharashtra,2023-05-18,Silver
2294,Aarav,Menon,aarav.menon2294@gmail.com,9234923663,Male,1965-05-04,Coimbatore,Tamil Nadu,2024-03-09,Gold
2295,Aditya,Bose,aditya.bose2295@gmail.com,9179682889,Female,1968-06-21,Coimbatore,Tamil Nadu,2023-07-01,Bronze
2296,Santosh,Verma,santosh.verma2296@gmail.com,9931766606,Male,1967-03-31,Bengaluru,Karnataka,2023-04-24,Gold
2297,Ramesh,Shetty,ramesh.shetty2297@outlook.com,9408022703,Female,1981-08-09,Delhi,Delhi,2023-04-11,Bronze
2298,Kavya,Mehta,kavya.mehta2298@gmail.com,9348334392,Male,1981-09-02,Bengaluru,Karnataka,2023-04-09,Bronze
2299,Aditya,Patel,aditya.patel2299@outlook.com,9140788846,Male,1993-12-10,Bengaluru,Karnataka,2023-07-07,Bronze
2300,Priya,Nair,priya.nair2300@gmail.com,9381193363,Male,1992-01-09,Delhi,Delhi,2025-02-15,Silver
2301,Kiran,Shetty,kiran.shetty2301@outlook.com,9747073494,Female,1965-08-09,Jaipur,Rajasthan,2024-03-02,Platinum
2302,Rahul,Kapoor,rahul.kapoor2302@gmail.com,9042426249,Male,1984-01-13,Delhi,Delhi,2023-08-01,Silver
2303,Meera,Iyer,meera.iyer2303@outlook.com,9677988368,Male,1996-05-15,Mumbai,Maharashtra,2024-10-23,Silver
2304,Pooja,Mehta,pooja.mehta2304@gmail.com,9515268755,Male,2000-11-17,Mumbai,Maharashtra,2023-12-24,Bronze
2305,Siddharth,Chopra,siddharth.chopra2305@example.com,9542631855,Female,1976-09-05,Hyderabad,Telangana,2025-07-23,Gold
2306,Kavya,Menon,kavya.menon2306@yahoo.com,9505550767,Male,1966-10-06,Coimbatore,Tamil Nadu,2024-02-10,Bronze
2307,Meera,Nair,meera.nair2307@outlook.com,9538340114,Female,1971-02-11,Mumbai,Maharashtra,2022-10-23,Bronze
2308,Meera,Gupta,meera.gupta2308@yahoo.com,9237678268,Female,1978-08-07,Hyderabad,Telangana,2024-02-10,Platinum
2309,Manoj,Gupta,manoj.gupta2309@outlook.com,9335714272,Male,1982-09-19,Mumbai,Maharashtra,2024-11-25,Bronze
2310,Riya,Patel,riya.patel2310@yahoo.com,9330624679,Other,1979-01-17,Ahmedabad,Gujarat,2022-10-19,Bronze
2311,Vivaan,Shetty,vivaan.shetty2311@gmail.com,9163730873,Female,1968-08-14,Lucknow,Uttar Pradesh,2022-10-04,Bronze
2312,Aarav,Reddy,aarav.reddy2312@example.com,9844249051,Male,1978-08-06,Bengaluru,Karnataka,2024-03-31,Bronze
2313,Priya,Chopra,priya.chopra2313@outlook.com,9102777119,Male,1976-08-03,Hyderabad,Telangana,2025-04-25,Gold
2314,Harini,Naidu,harini.naidu2314@yahoo.com,9978854968,Male,1984-06-30,Chennai,Tamil Nadu,2023-04-04,Bronze
2315,Vivaan,Pillai,vivaan.pillai2315@gmail.com,9226964012,Male,1968-03-01,Hyderabad,Telangana,2023-11-25,Platinum
2316,Aditya,Pillai,aditya.pillai2316@example.com,9276393455,Female,1996-08-08,Chennai,Tamil Nadu,2024-06-15,Bronze
2317,Santosh,Nair,santosh.nair2317@yahoo.com,9136841854,Female,1981-09-02,Chennai,Tamil Nadu,2024-06-27,Silver
2318,Kavya,Iyer,kavya.iyer2318@example.com,9580393924,Female,1977-09-16,Delhi,Delhi,2022-07-19,Silver
2319,Karan,Pillai,karan.pillai2319@example.com,9072811403,Male,2001-03-28,Mumbai,Maharashtra,2023-06-26,Silver
2320,Karan,Chopra,karan.chopra2320@example.com,9655060577,Male,1994-10-05,Ahmedabad,Gujarat,2025-09-22,Bronze
2321,Tanvi,Chopra,tanvi.chopra2321@outlook.com,9318242045,Male,1970-06-21,Bengaluru,Karnataka,2025-05-01,Silver
2322,Neha,Mehta,neha.mehta2322@gmail.com,9778843642,Female,1970-11-09,Bengaluru,Karnataka,2024-11-22,Silver
2323,Tanvi,Das,tanvi.das2323@gmail.com,9044982174,Male,1965-02-01,Hyderabad,Telangana,2022-02-03,Gold
2324,Vikram,Sharma,vikram.sharma2324@gmail.com,9073167725,Female,1987-06-01,Bengaluru,Karnataka,2023-07-26,Bronze
2325,Neha,Patel,neha.patel2325@yahoo.com,,Female,1979-03-07,Chennai,Tamil Nadu,2022-03-12,Bronze
2326,Divya,Das,divya.das2326@outlook.com,9366660333,Male,1979-12-30,Lucknow,Uttar Pradesh,2023-02-17,Silver
2327,Siddharth,Iyer,siddharth.iyer2327@example.com,9319054786,Female,1985-05-13,Chennai,Tamil Nadu,2025-03-30,Bronze
2328,Diya,Iyer,diya.iyer2328@gmail.com,9729061286,Female,1986-07-22,Chennai,Tamil Nadu,2023-06-15,Bronze
2329,Ishaan,Sharma,ishaan.sharma2329@outlook.com,9682624460,Female,1965-01-15,Mumbai,Maharashtra,2022-08-19,Platinum
2330,Tanvi,Reddy,tanvi.reddy2330@gmail.com,9002519438,Male,1969-04-23,Mumbai,Maharashtra,2024-09-14,Bronze
2331,Aarav,Shetty,aarav.shetty2331@yahoo.com,9113067380,Male,1996-07-18,Mumbai,Maharashtra,2024-11-05,Bronze
2332,Rahul,Joshi,rahul.joshi2332@gmail.com,9573949628,Female,2003-02-11,Hyderabad,Telangana,2024-06-16,Silver
2333,Manoj,Naidu,manoj.naidu2333@yahoo.com,9017936679,Male,1998-06-19,Kolkata,West Bengal,2025-01-12,Bronze
2334,Aarav,Patel,aarav.patel2334@outlook.com,,Female,2001-03-23,Bengaluru,Karnataka,2024-08-19,Bronze
2335,Kiran,Menon,kiran.menon2335@outlook.com,9029170727,Male,1983-07-13,Hyderabad,Telangana,2024-05-18,Bronze
2336,Priya,Kapoor,priya.kapoor2336@example.com,9476579511,Female,1998-01-13,Delhi,Delhi,2025-05-02,Bronze
2337,Diya,Gupta,diya.gupta2337@outlook.com,9546617939,Female,2000-04-07,Kolkata,West Bengal,2023-03-20,Bronze
2338,Pooja,Joshi,pooja.joshi2338@yahoo.com,9947983654,Male,2000-09-08,Hyderabad,Telangana,2023-09-17,Gold
2339,Tanvi,Joshi,tanvi.joshi2339@example.com,9690938184,Male,1970-12-21,Mumbai,Maharashtra,2024-02-10,Bronze
2340,Kavya,Bose,kavya.bose2340@example.com,9947522546,Female,1970-11-12,Bengaluru,Karnataka,2024-07-05,Bronze
2341,Swathi,Shetty,swathi.shetty2341@example.com,9870415593,Male,1981-02-03,Chennai,Tamil Nadu,2023-10-15,Silver
2342,Naveen,Rao,naveen.rao2342@example.com,9451073392,Female,1985-02-19,Bengaluru,Karnataka,2023-08-28,Bronze
2343,Karan,Menon,karan.menon2343@example.com,9962963438,Female,2003-04-20,Delhi,Delhi,2022-08-15,Bronze
2344,Manoj,Kapoor,manoj.kapoor2344@gmail.com,9406739427,Male,1977-09-16,Chennai,Tamil Nadu,2024-05-23,Bronze
2345,Siddharth,Joshi,siddharth.joshi2345@outlook.com,9196305572,Female,1998-03-29,Delhi,Delhi,2022-06-19,Bronze
2346,Kiran,Gupta,kiran.gupta2346@yahoo.com,9248930150,Female,2000-06-21,Bengaluru,Karnataka,2023-10-13,Bronze
2347,Rahul,Rao,rahul.rao2347@yahoo.com,9704746374,Female,2003-08-02,Kolkata,West Bengal,2023-07-14,Bronze
2348,Vikram,Das,vikram.das2348@gmail.com,9793296833,Male,1972-07-28,Kolkata,West Bengal,2024-11-29,Gold
2349,Manoj,Reddy,manoj.reddy2349@gmail.com,9178824410,Male,1974-09-02,Bengaluru,Karnataka,2023-10-15,Platinum
2350,Ramesh,Das,ramesh.das2350@example.com,9359879759,Male,1973-10-17,Bengaluru,Karnataka,2022-01-08,Gold
2351,Arjun,Rao,arjun.rao2351@example.com,9922905379,Female,1994-05-22,Bengaluru,Karnataka,2023-11-24,Bronze
2352,Pooja,Naidu,pooja.naidu2352@outlook.com,9323736370,Female,1992-06-14,Kolkata,West Bengal,2022-10-23,Silver
2353,Ananya,Menon,ananya.menon2353@gmail.com,9335679706,Female,1981-04-10,Chennai,Tamil Nadu,2023-06-05,Silver
2354,Sneha,Nair,sneha.nair2354@outlook.com,9045367659,Male,1968-07-21,Mumbai,Maharashtra,2023-02-10,Bronze
2355,Pooja,Shetty,pooja.shetty2355@gmail.com,9626409766,Female,1985-10-26,Hyderabad,Telangana,2022-08-17,Gold
2356,Kiran,Menon,kiran.menon2356@outlook.com,9539536131,Female,1994-04-11,Gurugram,Haryana,2025-07-18,Silver
2357,Naveen,Patel,naveen.patel2357@gmail.com,9084862240,Female,1983-12-18,Mumbai,Maharashtra,2022-12-14,Bronze
2358,Tanvi,Pillai,tanvi.pillai2358@yahoo.com,9541589408,Male,1975-09-20,Mumbai,Maharashtra,2023-11-26,Platinum
2359,Santosh,Gupta,santosh.gupta2359@gmail.com,,Female,1988-09-03,Lucknow,Uttar Pradesh,2025-02-07,Bronze
2360,Swathi,Gupta,swathi.gupta2360@example.com,9312186687,Male,1991-06-03,Mysuru,Karnataka,2023-05-14,Bronze
2361,Rohan,Bose,rohan.bose2361@outlook.com,9331787434,Male,1988-08-20,Kolkata,West Bengal,2025-07-07,Bronze
2362,Manoj,Kapoor,manoj.kapoor2362@example.com,9214279108,Female,1999-11-25,Bengaluru,Karnataka,2023-07-08,Bronze
2363,Ramesh,Das,ramesh.das2363@gmail.com,9228851774,Female,1977-07-20,Mumbai,Maharashtra,2025-07-20,Platinum
2364,Arjun,Gupta,arjun.gupta2364@outlook.com,9556590011,Male,1989-05-15,Ahmedabad,Gujarat,2023-09-11,Silver
2365,Swathi,Kapoor,swathi.kapoor2365@yahoo.com,9401588207,Female,1999-03-07,Pune,Maharashtra,2022-01-20,Bronze
2366,Santosh,Nair,santosh.nair2366@yahoo.com,9794092349,Other,1973-07-03,Delhi,Delhi,2025-04-03,Silver
2367,Ananya,Chopra,ananya.chopra2367@example.com,9355996136,Male,1976-04-04,Chennai,Tamil Nadu,2025-03-28,Gold
2368,Meera,Menon,meera.menon2368@gmail.com,9874636468,Female,1966-12-19,Hyderabad,Telangana,2025-08-10,Gold
2369,Meera,Kapoor,meera.kapoor2369@example.com,9877118546,Male,1979-12-28,Hyderabad,Telangana,2022-06-19,Gold
2370,Harini,Mehta,harini.mehta2370@gmail.com,9011500672,Male,1966-10-14,Mumbai,Maharashtra,2025-03-01,Gold
2371,Kiran,Bose,kiran.bose2371@yahoo.com,9604338062,Male,1994-11-02,Hyderabad,Telangana,2023-04-13,Silver
2372,Lakshmi,Sharma,lakshmi.sharma2372@gmail.com,9427003801,Female,1968-07-20,Coimbatore,Tamil Nadu,2025-02-26,Bronze
2373,Tanvi,Pillai,tanvi.pillai2373@outlook.com,9405360117,Male,1992-09-05,Coimbatore,Tamil Nadu,2025-08-12,Gold
2374,Arjun,Verma,arjun.verma2374@outlook.com,9714701657,Male,1988-03-06,Chennai,Tamil Nadu,2022-09-30,Bronze
2375,Harini,Rao,harini.rao2375@outlook.com,9491168079,Female,2004-06-28,Hyderabad,Telangana,2023-05-24,Bronze
2376,Ishaan,Nair,ishaan.nair2376@example.com,9582842187,Female,1978-12-02,Mysuru,Karnataka,2023-01-03,Bronze
2377,Rohan,Shetty,rohan.shetty2377@example.com,9772162697,Female,1978-10-13,Kolkata,West Bengal,2023-02-22,Bronze
2378,Aditya,Pillai,aditya.pillai2378@example.com,9495493216,Female,1974-09-20,Pune,Maharashtra,2024-03-26,Silver
2379,Naveen,Iyer,naveen.iyer2379@yahoo.com,9571313984,Male,1986-06-24,Bengaluru,Karnataka,2023-07-19,Gold
2380,Meera,Kapoor,meera.kapoor2380@gmail.com,9091149734,Male,1973-10-07,Delhi,Delhi,2024-06-17,Bronze
2381,Rahul,Patel,rahul.patel2381@gmail.com,9026494875,Female,1969-07-14,Kolkata,West Bengal,2024-07-12,Silver
2382,Aditya,Das,aditya.das2382@yahoo.com,9883270747,Female,2002-12-02,Chennai,Tamil Nadu,2022-10-05,Bronze
2383,Priya,Verma,priya.verma2383@outlook.com,9155056463,Male,1992-02-24,Mysuru,Karnataka,2022-03-02,Silver
2384,Manoj,Iyer,manoj.iyer2384@gmail.com,9622001172,Male,1969-10-01,Bengaluru,Karnataka,2024-10-18,Bronze
2385,Kiran,Reddy,kiran.reddy2385@example.com,9314230526,Male,1989-09-15,Bengaluru,Karnataka,2022-09-06,Bronze
2386,Pooja,Das,pooja.das2386@example.com,9945831764,Male,1977-03-09,Delhi,Delhi,2022-10-01,Silver
2387,Sneha,Das,sneha.das2387@gmail.com,9305553156,Other,1972-03-13,Lucknow,Uttar Pradesh,2024-04-03,Bronze
2388,Divya,Kapoor,divya.kapoor2388@example.com,9114016246,Female,1983-11-06,Bengaluru,Karnataka,2022-12-27,Bronze
2389,Harini,Nair,harini.nair2389@outlook.com,9122450468,Male,1996-06-26,Delhi,Delhi,2022-09-17,Bronze
2390,Vikram,Chopra,vikram.chopra2390@yahoo.com,9568755972,Female,1965-01-07,Bengaluru,Karnataka,2023-02-25,Bronze
2391,Kiran,Sharma,kiran.sharma2391@outlook.com,9475463678,Female,1979-03-14,Mumbai,Maharashtra,2023-12-17,Silver
2392,Neha,Patel,neha.patel2392@outlook.com,9977739582,Male,2001-10-24,Delhi,Delhi,2025-03-04,Bronze
2393,Harini,Nair,harini.nair2393@yahoo.com,9365422701,Male,1980-10-06,Hyderabad,Telangana,2025-09-15,Bronze
2394,Arjun,Iyer,arjun.iyer2394@outlook.com,9990135194,Female,1968-12-17,Bengaluru,Karnataka,2024-09-29,Gold
2395,Aditya,Menon,aditya.menon2395@gmail.com,9513762414,Male,1982-02-18,Mumbai,Maharashtra,2025-05-15,Silver
2396,Swathi,Naidu,swathi.naidu2396@yahoo.com,9292460296,Female,1992-04-13,Lucknow,Uttar Pradesh,2023-12-28,Bronze
2397,Santosh,Joshi,santosh.joshi2397@example.com,9248122655,Female,2004-10-29,Chennai,Tamil Nadu,2023-07-14,Silver
2398,Rohan,Kapoor,rohan.kapoor2398@gmail.com,9335787043,Female,1990-02-20,Chennai,Tamil Nadu,2025-01-27,Bronze
2399,Swathi,Menon,swathi.menon2399@outlook.com,9942214252,Other,1967-01-08,Bengaluru,Karnataka,2023-02-18,Bronze
2400,Arjun,Verma,arjun.verma2400@yahoo.com,9566800457,Female,1997-05-05,Mumbai,Maharashtra,2025-01-17,Silver
2401,Santosh,Singh,santosh.singh2401@yahoo.com,9246655145,Female,1996-03-08,Mumbai,Maharashtra,2025-09-28,Bronze
2402,Karan,Bose,karan.bose2402@gmail.com,9096759092,Male,1991-01-15,Gurugram,Haryana,2023-06-18,Bronze
2403,Aditya,Sharma,aditya.sharma2403@outlook.com,9803560381,Female,2000-11-02,Delhi,Delhi,2024-05-17,Gold
2404,Lakshmi,Verma,lakshmi.verma2404@outlook.com,9979929428,Female,1995-10-04,Ahmedabad,Gujarat,2024-12-05,Silver
2405,Divya,Bose,divya.bose2405@outlook.com,9466298550,Female,1974-04-14,Gurugram,Haryana,2024-12-08,Gold
2406,Arjun,Verma,arjun.verma2406@yahoo.com,9799597581,Female,1981-11-03,Chennai,Tamil Nadu,2022-10-10,Gold
2407,Aditya,Shetty,aditya.shetty2407@outlook.com,9664685345,Male,1985-04-14,Mumbai,Maharashtra,2025-08-10,Bronze
2408,Sneha,Pillai,sneha.pillai2408@outlook.com,9535295833,Female,1984-07-15,Coimbatore,Tamil Nadu,2023-11-20,Silver
2409,Aarav,Joshi,aarav.joshi2409@outlook.com,9256585803,Female,1990-07-15,Coimbatore,Tamil Nadu,2022-02-27,Bronze
2410,Deepak,Das,deepak.das2410@outlook.com,9737545969,Female,1993-01-18,Jaipur,Rajasthan,2022-06-11,Silver
2411,Harini,Verma,harini.verma2411@yahoo.com,9088954598,Female,1969-02-26,Delhi,Delhi,2024-09-23,Bronze
2412,Deepak,Mehta,deepak.mehta2412@outlook.com,9996218104,Female,1987-09-22,Kochi,Kerala,2023-08-08,Bronze
2413,Karan,Bose,karan.bose2413@outlook.com,9772587970,Female,1966-07-21,Hyderabad,Telangana,2022-05-28,Bronze
2414,Rohan,Naidu,rohan.naidu2414@example.com,9211879399,Male,1985-06-13,Mumbai,Maharashtra,2023-12-14,Silver
2415,Santosh,Mehta,santosh.mehta2415@yahoo.com,9181415084,Male,1981-11-16,Mumbai,Maharashtra,2024-03-31,Bronze
2416,Vivaan,Bose,vivaan.bose2416@yahoo.com,9845793530,Female,1973-03-21,Bengaluru,Karnataka,2022-04-20,Silver
2417,Pooja,Pillai,pooja.pillai2417@outlook.com,9853789414,Female,2004-08-09,Chennai,Tamil Nadu,2023-04-25,Gold
2418,Kavya,Verma,kavya.verma2418@outlook.com,9425480762,Female,1975-04-27,Mumbai,Maharashtra,2023-09-26,Silver
2419,Deepak,Rao,deepak.rao2419@yahoo.com,9383658689,Male,1967-04-03,Bengaluru,Karnataka,2024-12-04,Bronze
2420,Karan,Rao,karan.rao2420@gmail.com,9189042931,Male,1979-05-02,Jaipur,Rajasthan,2024-06-11,Bronze
2421,Deepak,Das,deepak.das2421@outlook.com,9070350194,Male,1995-04-12,Bengaluru,Karnataka,2022-04-30,Gold
2422,Santosh,Pillai,santosh.pillai2422@outlook.com,9380287495,Female,1965-05-16,Chennai,Tamil Nadu,2024-04-20,Silver
2423,Rahul,Kapoor,rahul.kapoor2423@example.com,9795460463,Female,1984-09-13,Delhi,Delhi,2025-05-20,Bronze
2424,Ananya,Menon,ananya.menon2424@outlook.com,9741151350,Female,1981-09-07,Bengaluru,Karnataka,2022-03-16,Gold
2425,Vivaan,Singh,vivaan.singh2425@outlook.com,9433993823,Male,1999-08-11,Ahmedabad,Gujarat,2025-09-12,Bronze
2426,Kavya,Shetty,kavya.shetty2426@gmail.com,9913899894,Female,1965-02-10,Delhi,Delhi,2022-05-11,Bronze
2427,Rahul,Shetty,rahul.shetty2427@yahoo.com,9331191626,Female,1965-09-10,Bengaluru,Karnataka,2024-05-02,Bronze
2428,Arjun,Joshi,arjun.joshi2428@gmail.com,9413782274,Male,1987-08-03,Delhi,Delhi,2023-04-27,Bronze
2429,Pooja,Rao,pooja.rao2429@outlook.com,9013217470,Female,1972-03-03,Pune,Maharashtra,2024-09-27,Bronze
2430,Riya,Iyer,riya.iyer2430@outlook.com,9445944833,Female,1993-02-21,Delhi,Delhi,2025-02-27,Silver
2431,Aditya,Mehta,aditya.mehta2431@example.com,9170244059,Male,1976-02-13,Kolkata,West Bengal,2025-03-12,Bronze
2432,Rohan,Nair,rohan.nair2432@outlook.com,9145353189,Male,1987-06-22,Delhi,Delhi,2025-04-05,Silver
2433,Aditya,Das,aditya.das2433@example.com,9301884824,Female,1966-07-05,Mumbai,Maharashtra,2025-01-22,Gold
2434,Santosh,Bose,santosh.bose2434@outlook.com,9156976664,Female,1992-09-21,Coimbatore,Tamil Nadu,2023-02-28,Gold
2435,Ananya,Reddy,ananya.reddy2435@example.com,9510748132,Female,1985-09-19,Delhi,Delhi,2023-09-29,Bronze
2436,Aditya,Shetty,aditya.shetty2436@yahoo.com,9836054651,Female,1965-01-01,Kochi,Kerala,2024-09-11,Silver
2437,Rohan,Iyer,rohan.iyer2437@outlook.com,9012729057,Male,1975-08-17,Mumbai,Maharashtra,2022-08-19,Bronze
2438,Kiran,Verma,kiran.verma2438@outlook.com,9050748631,Female,1967-05-18,Pune,Maharashtra,2024-03-01,Silver
2439,Rahul,Shetty,rahul.shetty2439@outlook.com,9103731042,Female,1966-10-17,Hyderabad,Telangana,2023-12-27,Bronze
2440,Santosh,Iyer,santosh.iyer2440@outlook.com,9731240193,Male,1992-12-02,Delhi,Delhi,2025-09-08,Silver
2441,Meera,Chopra,meera.chopra2441@example.com,9791680310,Female,1982-02-08,Lucknow,Uttar Pradesh,2022-03-10,Bronze
2442,Rohan,Pillai,rohan.pillai2442@gmail.com,9218270661,Male,1997-02-04,Mysuru,Karnataka,2022-05-10,Silver
2443,Siddharth,Singh,siddharth.singh2443@yahoo.com,9496842449,Male,1975-04-22,Chennai,Tamil Nadu,2022-02-11,Bronze
2444,Aarav,Verma,aarav.verma2444@outlook.com,9465338246,Male,1993-09-09,Mumbai,Maharashtra,2024-01-21,Bronze
2445,Deepak,Singh,deepak.singh2445@outlook.com,9068454606,Female,1989-08-03,Mumbai,Maharashtra,2024-01-24,Silver
2446,Ananya,Verma,ananya.verma2446@outlook.com,9408158967,Male,1991-07-03,Mumbai,Maharashtra,2024-03-22,Bronze
2447,Meera,Joshi,meera.joshi2447@gmail.com,9579441997,Male,1998-02-05,Bengaluru,Karnataka,2022-11-28,Silver
2448,Ishaan,Kapoor,ishaan.kapoor2448@example.com,9629062401,Female,1993-04-11,Hyderabad,Telangana,2023-02-26,Silver
2449,Lakshmi,Shetty,lakshmi.shetty2449@outlook.com,9338509689,Male,1994-10-21,Mumbai,Maharashtra,2023-07-25,Silver
2450,Karan,Bose,karan.bose2450@yahoo.com,9514609369,Female,1994-07-26,Mumbai,Maharashtra,2022-03-06,Silver
2451,Pooja,Pillai,pooja.pillai2451@example.com,9872558001,Female,1982-11-14,Pune,Maharashtra,2024-10-27,Silver
2452,Swathi,Kapoor,swathi.kapoor2452@yahoo.com,9956006740,Male,1993-12-15,Delhi,Delhi,2022-03-13,Gold
2453,Manoj,Pillai,manoj.pillai2453@gmail.com,9462372060,Male,1998-08-31,Pune,Maharashtra,2024-07-01,Bronze
2454,Sneha,Joshi,sneha.joshi2454@example.com,9450689236,Other,1994-07-02,Gurugram,Haryana,2023-09-14,Silver
2455,Swathi,Shetty,swathi.shetty2455@yahoo.com,9563009446,Male,1989-04-17,Pune,Maharashtra,2025-09-29,Silver
2456,Rohan,Singh,rohan.singh2456@example.com,9234061063,Male,1967-12-17,Mumbai,Maharashtra,2024-08-05,Bronze
2457,Naveen,Mehta,naveen.mehta2457@outlook.com,9750603643,Female,1982-06-15,Pune,Maharashtra,2023-10-14,Bronze
2458,Pooja,Naidu,pooja.naidu2458@gmail.com,,Female,1967-07-13,Bengaluru,Karnataka,2024-08-16,Bronze
2459,Priya,Singh,priya.singh2459@yahoo.com,9325605946,Female,1969-02-24,Chennai,Tamil Nadu,2022-06-10,Silver
2460,Rahul,Patel,rahul.patel2460@example.com,9696408392,Female,1979-06-09,Mumbai,Maharashtra,2022-09-05,Bronze
2461,Deepak,Nair,deepak.nair2461@example.com,9481273958,Female,1983-07-22,Kolkata,West Bengal,2023-11-15,Silver
2462,Kiran,Patel,kiran.patel2462@gmail.com,9508437246,Female,1986-02-02,Pune,Maharashtra,2025-03-20,Silver
2463,Santosh,Menon,santosh.menon2463@example.com,9570966840,Female,2000-12-27,Bengaluru,Karnataka,2025-01-27,Silver
2464,Aarav,Kapoor,aarav.kapoor2464@example.com,9199066174,Female,1995-06-27,Mumbai,Maharashtra,2023-06-01,Bronze
2465,Meera,Iyer,meera.iyer2465@outlook.com,9259267667,Female,1981-11-27,Chennai,Tamil Nadu,2023-01-24,Silver
2466,Manoj,Joshi,manoj.joshi2466@gmail.com,9219392204,Female,1978-05-19,Delhi,Delhi,2025-08-13,Silver
2467,Diya,Pillai,diya.pillai2467@outlook.com,9983469623,Male,1993-06-26,Kolkata,West Bengal,2024-02-14,Bronze
2468,Ramesh,Kapoor,ramesh.kapoor2468@yahoo.com,9705735750,Female,1975-12-31,Mumbai,Maharashtra,2022-06-11,Bronze
2469,Manoj,Pillai,manoj.pillai2469@gmail.com,9527291806,Female,2000-04-27,Mumbai,Maharashtra,2022-11-04,Bronze
2470,Aditya,Nair,aditya.nair2470@example.com,9312013198,Male,1996-03-28,Madurai,Tamil Nadu,2025-02-19,Gold
2471,Pooja,Kumar,pooja.kumar2471@outlook.com,9409710606,Male,1992-04-13,Hyderabad,Telangana,2025-05-14,Bronze
2472,Rohan,Shetty,rohan.shetty2472@gmail.com,9483459763,Female,1974-12-20,Kolkata,West Bengal,2025-05-28,Bronze
2473,Meera,Naidu,meera.naidu2473@yahoo.com,9413801579,Male,1989-11-08,Delhi,Delhi,2022-01-10,Bronze
2474,Diya,Rao,diya.rao2474@example.com,9562431325,Male,1997-10-24,Mumbai,Maharashtra,2025-01-31,Bronze
2475,Lakshmi,Shetty,lakshmi.shetty2475@yahoo.com,9798399527,Male,1967-11-17,Hyderabad,Telangana,2022-06-03,Bronze
2476,Swathi,Joshi,swathi.joshi2476@yahoo.com,9135898407,Male,1972-01-31,Bengaluru,Karnataka,2025-01-12,Silver
2477,Kavya,Verma,kavya.verma2477@gmail.com,9845818561,Female,1985-08-05,Mysuru,Karnataka,2025-04-21,Bronze
2478,Pooja,Naidu,pooja.naidu2478@gmail.com,9625596543,Male,1979-05-16,Chennai,Tamil Nadu,2023-05-10,Gold
2479,Sneha,Nair,sneha.nair2479@example.com,9685635563,Male,1993-05-14,Hyderabad,Telangana,2022-09-23,Bronze
2480,Tanvi,Gupta,tanvi.gupta2480@example.com,9334215806,Female,1981-01-12,Jaipur,Rajasthan,2024-09-03,Bronze
2481,Tanvi,Reddy,tanvi.reddy2481@gmail.com,9888319638,Male,2004-11-03,Mumbai,Maharashtra,2022-04-04,Silver
2482,Ramesh,Chopra,ramesh.chopra2482@outlook.com,9379761946,Male,1976-12-21,Chennai,Tamil Nadu,2024-03-04,Silver
2483,Kiran,Sharma,kiran.sharma2483@outlook.com,9626338740,Female,1979-05-27,Bengaluru,Karnataka,2023-03-30,Gold
2484,Lakshmi,Rao,lakshmi.rao2484@example.com,9771737879,Female,1965-02-19,Madurai,Tamil Nadu,2023-08-05,Bronze
2485,Ishaan,Kapoor,ishaan.kapoor2485@outlook.com,9030130311,Female,1974-11-23,Gurugram,Haryana,2025-02-04,Bronze
2486,Meera,Pillai,meera.pillai2486@example.com,9874524757,Female,1974-06-01,Hyderabad,Telangana,2025-09-21,Silver
2487,Kavya,Singh,kavya.singh2487@gmail.com,9438924727,Female,1995-06-29,Delhi,Delhi,2023-07-05,Bronze
2488,Neha,Kapoor,neha.kapoor2488@gmail.com,9821998609,Male,1978-07-01,Gurugram,Haryana,2023-02-02,Gold
2489,Neha,Gupta,neha.gupta2489@yahoo.com,9117388885,Female,1973-02-18,Bengaluru,Karnataka,2025-02-16,Bronze
2490,Manoj,Joshi,manoj.joshi2490@yahoo.com,9892468323,Female,1977-07-15,Pune,Maharashtra,2023-07-20,Bronze
2491,Priya,Das,priya.das2491@example.com,9752765621,Male,1987-06-29,Kochi,Kerala,2022-10-01,Silver
2492,Rahul,Verma,rahul.verma2492@yahoo.com,,Female,1996-05-27,Hyderabad,Telangana,2025-05-21,Silver
2493,Kavya,Sharma,kavya.sharma2493@yahoo.com,9124739777,Male,2004-02-17,Bengaluru,Karnataka,2025-09-19,Gold
2494,Divya,Nair,divya.nair2494@outlook.com,9086171650,Female,1966-11-23,Jaipur,Rajasthan,2023-01-31,Gold
2495,Siddharth,Naidu,siddharth.naidu2495@example.com,9319894393,Female,1998-08-14,Ahmedabad,Gujarat,2022-08-05,Bronze
2496,Aarav,Shetty,aarav.shetty2496@gmail.com,9418108888,Female,1980-07-19,Mumbai,Maharashtra,2022-07-29,Silver
2497,Kiran,Mehta,,9137379977,Male,1997-04-23,Mumbai,Maharashtra,2024-03-30,Platinum
2498,Rohan,Shetty,rohan.shetty2498@yahoo.com,9504992734,Female,1966-07-02,Chennai,Tamil Nadu,2023-03-01,Bronze
2499,Sneha,Sharma,sneha.sharma2499@gmail.com,9646028689,Female,1990-01-10,Gurugram,Haryana,2024-05-03,Bronze
2500,Lakshmi,Shetty,lakshmi.shetty2500@example.com,9323523139,Male,2002-03-15,Mumbai,Maharashtra,2024-11-05,Gold
2501,Vikram,Reddy,vikram.reddy2501@example.com,9474461311,Male,1966-07-26,Bengaluru,Karnataka,2022-01-08,Bronze
2502,Ananya,Sharma,ananya.sharma2502@gmail.com,9712531995,Female,1996-08-03,Delhi,Delhi,2025-03-23,Gold
2503,Vikram,Pillai,vikram.pillai2503@example.com,9589103385,Male,1969-07-28,Kochi,Kerala,2022-02-09,Bronze
2504,Ishaan,Gupta,ishaan.gupta2504@outlook.com,9867957225,Female,2004-04-05,Kolkata,West Bengal,2022-06-06,Gold
2505,Ishaan,Patel,,9905285006,Female,1994-10-03,Chennai,Tamil Nadu,2024-09-19,Silver
2506,Rohan,Pillai,rohan.pillai2506@yahoo.com,9201137859,Male,2001-05-20,Bengaluru,Karnataka,2024-05-01,Silver
2507,Kavya,Singh,,9717298014,Female,2000-11-19,Jaipur,Rajasthan,2025-09-01,Silver
2508,Neha,Pillai,neha.pillai2508@gmail.com,9750669207,Male,1977-08-16,Jaipur,Rajasthan,2024-02-16,Bronze
2509,Aarav,Nair,aarav.nair2509@gmail.com,9756114856,Female,1981-08-17,Mumbai,Maharashtra,2023-07-26,Silver
2510,Divya,Verma,divya.verma2510@gmail.com,9934614532,Female,1992-08-24,Pune,Maharashtra,2024-07-04,Gold
2511,Santosh,Singh,santosh.singh2511@outlook.com,9484861955,Male,1971-12-29,Hyderabad,Telangana,2024-11-09,Platinum
2512,Aditya,Rao,aditya.rao2512@gmail.com,9602763464,Female,1977-04-03,Hyderabad,Telangana,2024-07-07,Platinum
2513,Divya,Reddy,divya.reddy2513@outlook.com,9452567646,Female,1968-12-17,Bengaluru,Karnataka,2023-05-23,Silver
2514,Aarav,Iyer,aarav.iyer2514@outlook.com,9734664295,Female,2000-07-03,Bengaluru,Karnataka,2025-08-06,Silver
2515,Pooja,Chopra,pooja.chopra2515@yahoo.com,9547390058,Male,1974-11-28,Chennai,Tamil Nadu,2023-02-17,Silver
2516,Kavya,Kumar,kavya.kumar2516@gmail.com,9063036689,Female,1981-06-02,Kolkata,West Bengal,2023-04-20,Silver
2517,Neha,Mehta,neha.mehta2517@outlook.com,9080979009,Female,1983-02-02,Mysuru,Karnataka,2023-01-16,Silver
2518,Naveen,Reddy,naveen.reddy2518@example.com,9232101808,Male,1980-01-10,Chennai,Tamil Nadu,2023-02-15,Bronze
2519,Harini,Sharma,harini.sharma2519@yahoo.com,9262807944,Female,1996-02-06,Mumbai,Maharashtra,2022-10-19,Bronze
2520,Vikram,Verma,vikram.verma2520@example.com,9189467301,Male,2001-07-16,Chennai,Tamil Nadu,2024-03-06,Silver
2521,Riya,Joshi,riya.joshi2521@yahoo.com,9870885498,Female,1987-11-26,Mysuru,Karnataka,2024-09-24,Bronze
2522,Naveen,Verma,naveen.verma2522@gmail.com,9349966729,Male,1998-06-13,Mumbai,Maharashtra,2023-08-11,Bronze
2523,Manoj,Reddy,manoj.reddy2523@outlook.com,9288288455,Female,1969-06-07,Hyderabad,Telangana,2025-06-17,Bronze
2524,Swathi,Naidu,swathi.naidu2524@example.com,9056545594,Male,2003-08-19,Pune,Maharashtra,2023-10-11,Gold
2525,Kavya,Singh,kavya.singh2525@example.com,9208147126,Male,1969-08-20,Ahmedabad,Gujarat,2023-10-02,Platinum
2526,Vikram,Chopra,vikram.chopra2526@example.com,9625724293,Female,1967-08-29,Mysuru,Karnataka,2022-04-05,Silver
2527,Neha,Singh,neha.singh2527@gmail.com,9881903105,Female,1965-11-21,Ahmedabad,Gujarat,2025-05-21,Gold
2528,Lakshmi,Naidu,lakshmi.naidu2528@gmail.com,9654745426,Female,1974-09-23,Ahmedabad,Gujarat,2022-07-22,Gold
2529,Harini,Bose,harini.bose2529@outlook.com,9834824234,Female,1998-06-19,Kolkata,West Bengal,2022-08-14,Bronze
2530,Santosh,Kumar,santosh.kumar2530@example.com,9903805157,Male,1977-01-10,Pune,Maharashtra,2025-07-04,Bronze
2531,Manoj,Joshi,manoj.joshi2531@example.com,9657560015,Female,1996-08-13,Pune,Maharashtra,2023-12-13,Bronze
2532,Neha,Mehta,neha.mehta2532@yahoo.com,9334934577,Male,1981-12-18,Pune,Maharashtra,2022-04-04,Bronze
2533,Siddharth,Naidu,siddharth.naidu2533@yahoo.com,9969655423,Male,1969-02-26,Delhi,Delhi,2023-08-28,Silver
2534,Priya,Gupta,priya.gupta2534@outlook.com,9661875455,Female,1983-11-30,Bengaluru,Karnataka,2024-03-18,Bronze
2535,Meera,Bose,meera.bose2535@example.com,9481330087,Female,1974-04-16,Kochi,Kerala,2022-01-14,Gold
2536,Lakshmi,Rao,lakshmi.rao2536@gmail.com,9324720455,Male,1976-08-26,Mumbai,Maharashtra,2024-10-30,Silver
2537,Pooja,Rao,pooja.rao2537@example.com,9186795577,Male,1985-09-04,Gurugram,Haryana,2024-07-04,Bronze
2538,Ramesh,Gupta,ramesh.gupta2538@example.com,9870354023,Female,1996-08-06,Hyderabad,Telangana,2022-01-17,Platinum
2539,Aarav,Bose,aarav.bose2539@gmail.com,9073788942,Male,1988-06-16,Bengaluru,Karnataka,2024-04-26,Platinum
2540,Deepak,Chopra,deepak.chopra2540@example.com,9061222335,Male,1973-12-04,Mumbai,Maharashtra,2022-11-01,Silver
2541,Neha,Bose,neha.bose2541@outlook.com,9966111819,Male,1993-09-06,Mumbai,Maharashtra,2024-10-02,Silver
2542,Kiran,Bose,kiran.bose2542@example.com,9783118442,Male,1992-11-04,Hyderabad,Telangana,2023-06-01,Platinum
2543,Meera,Nair,meera.nair2543@gmail.com,9337843410,Male,1974-06-24,Madurai,Tamil Nadu,2022-10-04,Silver
2544,Meera,Kapoor,meera.kapoor2544@example.com,9200291614,Other,1999-01-18,Chennai,Tamil Nadu,2023-11-25,Gold
2545,Arjun,Bose,arjun.bose2545@gmail.com,9657274439,Male,1998-09-15,Mumbai,Maharashtra,2023-08-30,Bronze
2546,Lakshmi,Reddy,lakshmi.reddy2546@gmail.com,9847923720,Female,1989-02-17,Hyderabad,Telangana,2023-04-13,Silver
2547,Manoj,Shetty,manoj.shetty2547@yahoo.com,9525142522,Female,1976-11-02,Kochi,Kerala,2025-04-17,Bronze
2548,Divya,Das,divya.das2548@outlook.com,9993631080,Female,1979-02-27,Chennai,Tamil Nadu,2024-06-07,Bronze
2549,Aditya,Singh,aditya.singh2549@gmail.com,9427153511,Female,1982-07-26,Coimbatore,Tamil Nadu,2023-10-30,Bronze
2550,Karan,Reddy,karan.reddy2550@yahoo.com,9156997077,Female,1972-07-06,Coimbatore,Tamil Nadu,2022-11-06,Bronze
2551,Swathi,Gupta,swathi.gupta2551@yahoo.com,9766566051,Female,1977-03-25,Mumbai,Maharashtra,2024-02-18,Bronze
2552,Vivaan,Sharma,vivaan.sharma2552@gmail.com,9991846619,Female,1970-05-16,Mumbai,Maharashtra,2022-02-04,Bronze
2553,Neha,Joshi,neha.joshi2553@gmail.com,9646966861,Female,1971-03-07,Pune,Maharashtra,2025-04-26,Bronze
2554,Priya,Chopra,priya.chopra2554@gmail.com,9887150790,Female,1994-09-30,Kochi,Kerala,2022-01-03,Gold
2555,Naveen,Joshi,naveen.joshi2555@example.com,9197826802,Female,1970-02-17,Chennai,Tamil Nadu,2024-08-14,Silver
2556,Divya,Das,divya.das2556@example.com,9252320668,Male,1983-10-03,Delhi,Delhi,2023-04-19,Silver
2557,Swathi,Gupta,swathi.gupta2557@outlook.com,9563349483,Female,1982-02-27,Bengaluru,Karnataka,2024-09-11,Bronze
2558,Vikram,Chopra,vikram.chopra2558@outlook.com,9623864471,Female,1966-11-08,Chennai,Tamil Nadu,2023-05-11,Gold
2559,Riya,Kapoor,riya.kapoor2559@gmail.com,9863693393,Male,1998-03-26,Hyderabad,Telangana,2022-02-05,Bronze
2560,Manoj,Verma,manoj.verma2560@gmail.com,9885002076,Female,2004-04-30,Bengaluru,Karnataka,2025-07-22,Bronze
2561,Kiran,Gupta,kiran.gupta2561@yahoo.com,9481530410,Male,1990-07-09,Pune,Maharashtra,2024-11-14,Bronze
2562,Aarav,Shetty,aarav.shetty2562@example.com,9216746175,Male,1991-11-02,Pune,Maharashtra,2022-03-03,Gold
2563,Kiran,Kapoor,kiran.kapoor2563@yahoo.com,9483491557,Female,1974-04-21,Delhi,Delhi,2022-02-15,Platinum
2564,Ananya,Shetty,ananya.shetty2564@example.com,,Male,1998-09-30,Mumbai,Maharashtra,2023-12-27,Silver
2565,Arjun,Nair,arjun.nair2565@yahoo.com,9989711988,Male,1996-05-08,Pune,Maharashtra,2025-08-02,Silver
2566,Sneha,Kumar,sneha.kumar2566@yahoo.com,9684128698,Male,1982-07-08,Hyderabad,Telangana,2024-03-02,Bronze
2567,Ramesh,Iyer,ramesh.iyer2567@example.com,9701309236,Female,1993-03-19,Bengaluru,Karnataka,2022-01-15,Silver
2568,Arjun,Kapoor,arjun.kapoor2568@yahoo.com,9061963731,Male,2003-03-12,Bengaluru,Karnataka,2024-08-15,Bronze
2569,Vivaan,Das,vivaan.das2569@outlook.com,9027526316,Female,1989-02-05,Pune,Maharashtra,2023-08-09,Bronze
2570,Swathi,Reddy,swathi.reddy2570@outlook.com,9465101229,Female,1972-12-23,Lucknow,Uttar Pradesh,2024-05-24,Platinum
2571,Naveen,Verma,naveen.verma2571@outlook.com,,Female,1978-03-18,Bengaluru,Karnataka,2023-04-25,Platinum
2572,Ishaan,Chopra,ishaan.chopra2572@outlook.com,9969262431,Female,1972-05-26,Mumbai,Maharashtra,2022-01-12,Bronze
2573,Harini,Bose,harini.bose2573@example.com,9451306305,Female,1978-04-03,Delhi,Delhi,2022-01-26,Bronze
2574,Harini,Kapoor,harini.kapoor2574@yahoo.com,9899128658,Male,2000-08-03,Kolkata,West Bengal,2024-05-15,Bronze
2575,Kiran,Shetty,kiran.shetty2575@yahoo.com,9055945820,Female,1972-08-02,Mumbai,Maharashtra,2024-05-19,Bronze
2576,Karan,Bose,karan.bose2576@outlook.com,9464720786,Female,2000-08-24,Pune,Maharashtra,2023-03-18,Bronze
2577,Riya,Pillai,riya.pillai2577@yahoo.com,9334423243,Male,1976-05-25,Delhi,Delhi,2022-04-23,Silver
2578,Kiran,Bose,kiran.bose2578@gmail.com,9583081955,Male,1984-12-12,Kolkata,West Bengal,2024-11-24,Bronze
2579,Harini,Shetty,harini.shetty2579@yahoo.com,9476901219,Female,1986-02-14,Bengaluru,Karnataka,2022-07-27,Bronze
2580,Sneha,Kumar,sneha.kumar2580@outlook.com,9014236584,Male,1970-01-11,Jaipur,Rajasthan,2022-09-15,Bronze
2581,Rohan,Pillai,rohan.pillai2581@outlook.com,9911310352,Female,1972-05-10,Bengaluru,Karnataka,2023-09-12,Silver
2582,Aditya,Bose,aditya.bose2582@yahoo.com,9201807722,Male,1977-03-15,Kolkata,West Bengal,2024-09-07,Bronze
2583,Rahul,Iyer,rahul.iyer2583@outlook.com,9360834919,Female,1967-05-26,Bengaluru,Karnataka,2025-09-24,Bronze
2584,Vivaan,Joshi,vivaan.joshi2584@yahoo.com,9640084784,Male,1995-02-23,Chennai,Tamil Nadu,2024-05-06,Silver
2585,Rohan,Singh,rohan.singh2585@outlook.com,,Female,1986-11-02,Bengaluru,Karnataka,2025-08-07,Silver
2586,Aditya,Iyer,aditya.iyer2586@yahoo.com,9793289832,Male,1998-10-26,Hyderabad,Telangana,2024-06-11,Bronze
2587,Deepak,Nair,,9627338317,Male,1999-07-03,Madurai,Tamil Nadu,2025-03-06,Silver
2588,Riya,Iyer,riya.iyer2588@outlook.com,9366008037,Male,1978-11-24,Mysuru,Karnataka,2022-08-29,Bronze
2589,Neha,Kapoor,neha.kapoor2589@outlook.com,9151572257,Female,1997-08-30,Hyderabad,Telangana,2022-03-19,Silver
2590,Lakshmi,Pillai,lakshmi.pillai2590@yahoo.com,9574197024,Female,1967-06-14,Hyderabad,Telangana,2024-07-05,Bronze
2591,Priya,Iyer,priya.iyer2591@example.com,9081239246,Female,1982-03-06,Delhi,Delhi,2025-08-27,Gold
2592,Priya,Rao,priya.rao2592@yahoo.com,9100139959,Male,1991-08-12,Ahmedabad,Gujarat,2024-10-05,Platinum
2593,Karan,Joshi,karan.joshi2593@example.com,9054154744,Female,1983-08-21,Pune,Maharashtra,2023-04-15,Silver
2594,Kavya,Das,kavya.das2594@gmail.com,9240532387,Male,1994-07-24,Bengaluru,Karnataka,2023-11-02,Gold
2595,Rohan,Rao,rohan.rao2595@example.com,9833060964,Male,1999-04-28,Coimbatore,Tamil Nadu,2022-06-03,Bronze
2596,Riya,Naidu,riya.naidu2596@example.com,9691785651,Female,1981-12-13,Ahmedabad,Gujarat,2023-04-11,Silver
2597,Kiran,Das,kiran.das2597@gmail.com,9923904526,Female,1975-12-22,Bengaluru,Karnataka,2024-07-23,Bronze
2598,Neha,Joshi,neha.joshi2598@gmail.com,9522275778,Female,1988-04-23,Hyderabad,Telangana,2022-08-17,Bronze
2599,Vikram,Menon,vikram.menon2599@example.com,9863693485,Male,1999-09-19,Jaipur,Rajasthan,2023-10-22,Bronze
2600,Santosh,Gupta,santosh.gupta2600@yahoo.com,9132498975,Male,2004-06-20,Kochi,Kerala,2023-02-01,Silver
2601,Lakshmi,Kapoor,lakshmi.kapoor2601@outlook.com,9640156200,Female,1997-08-07,Hyderabad,Telangana,2023-11-03,Silver
2602,Meera,Mehta,meera.mehta2602@gmail.com,9384988929,Male,1974-10-17,Pune,Maharashtra,2024-11-11,Gold
2603,Rahul,Pillai,rahul.pillai2603@yahoo.com,9971260840,Male,1973-03-17,Hyderabad,Telangana,2025-04-26,Silver
2604,Manoj,Rao,,9236636833,Other,1987-11-27,Delhi,Delhi,2023-07-15,Gold
2605,Rohan,Joshi,rohan.joshi2605@example.com,9132715720,Female,1981-01-28,Bengaluru,Karnataka,2025-02-06,Gold
2606,Kiran,Pillai,kiran.pillai2606@yahoo.com,9655811459,Male,1989-06-04,Mysuru,Karnataka,2024-08-20,Gold
2607,Siddharth,Chopra,siddharth.chopra2607@gmail.com,9628482755,Male,2001-11-28,Pune,Maharashtra,2025-06-15,Bronze
2608,Ananya,Menon,ananya.menon2608@yahoo.com,9913188822,Female,1986-12-13,Chennai,Tamil Nadu,2024-10-10,Bronze
2609,Manoj,Rao,manoj.rao2609@outlook.com,9477979265,Male,1979-03-19,Pune,Maharashtra,2024-01-25,Silver
2610,Aarav,Das,aarav.das2610@example.com,9191822643,Male,1999-09-29,Hyderabad,Telangana,2024-07-11,Platinum
2611,Karan,Singh,karan.singh2611@example.com,9966781498,Male,1982-07-22,Ahmedabad,Gujarat,2023-03-11,Bronze
2612,Arjun,Chopra,arjun.chopra2612@example.com,9022584152,Female,1989-03-09,Gurugram,Haryana,2024-07-11,Bronze
2613,Diya,Kapoor,diya.kapoor2613@gmail.com,9696958916,Female,1970-05-30,Mumbai,Maharashtra,2024-08-28,Bronze
2614,Pooja,Chopra,pooja.chopra2614@outlook.com,9202110941,Male,1985-04-21,Delhi,Delhi,2024-04-16,Bronze
2615,Rohan,Pillai,rohan.pillai2615@outlook.com,9376015908,Male,1982-01-16,Chennai,Tamil Nadu,2022-05-22,Gold
2616,Ananya,Bose,ananya.bose2616@yahoo.com,9042492636,Female,1969-12-02,Mumbai,Maharashtra,2023-12-11,Bronze
2617,Ramesh,Gupta,ramesh.gupta2617@example.com,9029796148,Female,1973-06-17,Chennai,Tamil Nadu,2024-08-31,Bronze
2618,Naveen,Verma,naveen.verma2618@example.com,9658191984,Female,1993-02-09,Kolkata,West Bengal,2022-09-28,Silver
2619,Aarav,Singh,aarav.singh2619@gmail.com,9403271838,Male,1972-03-21,Kolkata,West Bengal,2024-12-13,Bronze
2620,Sneha,Pillai,sneha.pillai2620@example.com,9376953609,Female,1970-04-13,Ahmedabad,Gujarat,2025-02-27,Bronze
2621,Aarav,Bose,aarav.bose2621@example.com,9601066154,Female,1967-04-21,Kolkata,West Bengal,2024-01-08,Silver
2622,Neha,Das,neha.das2622@outlook.com,9468919519,Female,1966-01-23,Kochi,Kerala,2025-08-13,Bronze
2623,Swathi,Pillai,swathi.pillai2623@yahoo.com,9349510830,Male,1982-05-14,Chennai,Tamil Nadu,2025-03-20,Platinum
2624,Ramesh,Verma,ramesh.verma2624@example.com,9095554966,Female,1984-07-12,Jaipur,Rajasthan,2023-10-01,Silver
2625,Karan,Rao,karan.rao2625@outlook.com,,Male,1989-12-16,Mumbai,Maharashtra,2025-04-25,Platinum
2626,Rahul,Joshi,rahul.joshi2626@example.com,9267994075,Male,1987-11-19,Hyderabad,Telangana,2025-07-01,Bronze
2627,Ramesh,Das,ramesh.das2627@outlook.com,9456233460,Male,1986-06-17,Mumbai,Maharashtra,2022-05-29,Silver
2628,Lakshmi,Chopra,lakshmi.chopra2628@example.com,9270773642,Female,2004-12-08,Madurai,Tamil Nadu,2025-09-28,Silver
2629,Vikram,Kumar,vikram.kumar2629@yahoo.com,9198819653,Male,1974-12-29,Chennai,Tamil Nadu,2022-01-07,Silver
2630,Aarav,Das,aarav.das2630@gmail.com,9231799817,Female,1993-06-22,Chennai,Tamil Nadu,2023-10-28,Bronze
2631,Kavya,Rao,kavya.rao2631@yahoo.com,9855387609,Female,1968-03-08,Bengaluru,Karnataka,2025-07-08,Bronze
2632,Sneha,Pillai,sneha.pillai2632@example.com,9596572407,Female,1998-12-03,Mumbai,Maharashtra,2024-09-18,Bronze
2633,Kavya,Reddy,kavya.reddy2633@outlook.com,9307221635,Male,1979-07-01,Ahmedabad,Gujarat,2023-01-01,Gold
2634,Naveen,Singh,naveen.singh2634@outlook.com,9373740424,Female,1978-11-06,Pune,Maharashtra,2024-05-31,Gold
2635,Lakshmi,Mehta,lakshmi.mehta2635@outlook.com,9176193202,Male,1970-05-28,Mumbai,Maharashtra,2022-10-21,Bronze
2636,Ramesh,Reddy,ramesh.reddy2636@outlook.com,9046389364,Male,1985-05-06,Hyderabad,Telangana,2022-11-21,Silver
2637,Aarav,Singh,aarav.singh2637@gmail.com,9225168359,Male,1980-12-22,Hyderabad,Telangana,2025-06-02,Silver
2638,Divya,Gupta,divya.gupta2638@yahoo.com,9748052157,Male,2003-12-12,Chennai,Tamil Nadu,2022-03-06,Silver
2639,Deepak,Singh,deepak.singh2639@gmail.com,9772416843,Female,1972-02-13,Kolkata,West Bengal,2025-08-10,Bronze
2640,Diya,Mehta,diya.mehta2640@yahoo.com,9366424304,Male,1981-09-07,Chennai,Tamil Nadu,2023-09-13,Gold
2641,Riya,Das,riya.das2641@outlook.com,9861826577,Male,2000-12-25,Delhi,Delhi,2022-03-30,Silver
2642,Lakshmi,Joshi,lakshmi.joshi2642@example.com,9275315446,Other,1997-04-09,Delhi,Delhi,2024-12-13,Silver
2643,Harini,Singh,harini.singh2643@gmail.com,9712954968,Male,1995-07-24,Mumbai,Maharashtra,2022-03-08,Silver
2644,Pooja,Bose,pooja.bose2644@outlook.com,9417854129,Male,1986-01-10,Kolkata,West Bengal,2023-03-22,Silver
2645,Vivaan,Kumar,vivaan.kumar2645@gmail.com,9166496927,Male,1999-11-28,Coimbatore,Tamil Nadu,2022-11-26,Bronze
2646,Sneha,Chopra,sneha.chopra2646@gmail.com,9794387237,Male,1973-12-14,Ahmedabad,Gujarat,2024-12-09,Gold
2647,Santosh,Iyer,santosh.iyer2647@example.com,9596937174,Female,1997-05-13,Delhi,Delhi,2023-06-28,Bronze
2648,Vivaan,Nair,vivaan.nair2648@outlook.com,9581254540,Male,1988-03-15,Gurugram,Haryana,2024-06-15,Gold
2649,Lakshmi,Kumar,lakshmi.kumar2649@gmail.com,,Male,1978-12-28,Pune,Maharashtra,2022-04-09,Gold
2650,Karan,Gupta,karan.gupta2650@gmail.com,9852012574,Female,1973-09-19,Kolkata,West Bengal,2024-08-10,Silver
2651,Swathi,Kumar,swathi.kumar2651@gmail.com,9814609977,Male,1985-11-07,Lucknow,Uttar Pradesh,2024-08-31,Silver
2652,Pooja,Nair,pooja.nair2652@yahoo.com,9212159689,Female,1965-02-14,Hyderabad,Telangana,2023-01-27,Bronze
2653,Siddharth,Kumar,siddharth.kumar2653@gmail.com,9619559617,Other,1993-07-27,Gurugram,Haryana,2025-04-21,Bronze
2654,Vivaan,Joshi,vivaan.joshi2654@outlook.com,9924171468,Male,1974-06-07,Delhi,Delhi,2023-10-06,Silver
2655,Aarav,Chopra,aarav.chopra2655@yahoo.com,9390117307,Male,1980-07-23,Hyderabad,Telangana,2024-07-02,Bronze
2656,Deepak,Reddy,deepak.reddy2656@outlook.com,9265168382,Male,1972-09-20,Jaipur,Rajasthan,2022-09-06,Bronze
2657,Diya,Singh,diya.singh2657@gmail.com,9212261521,Male,1983-08-09,Hyderabad,Telangana,2025-07-01,Platinum
2658,Divya,Das,divya.das2658@gmail.com,9852692264,Female,1979-10-30,Mumbai,Maharashtra,2022-12-04,Bronze
2659,Karan,Das,karan.das2659@gmail.com,9619026539,Female,1972-07-04,Bengaluru,Karnataka,2024-05-07,Bronze
2660,Harini,Pillai,harini.pillai2660@gmail.com,9364473370,Male,2000-07-09,Chennai,Tamil Nadu,2022-05-04,Bronze
2661,Naveen,Gupta,naveen.gupta2661@gmail.com,9424549916,Male,1995-05-11,Kolkata,West Bengal,2022-03-03,Silver
2662,Arjun,Joshi,arjun.joshi2662@yahoo.com,9374990107,Male,1980-07-03,Hyderabad,Telangana,2022-06-23,Bronze
2663,Tanvi,Kapoor,tanvi.kapoor2663@example.com,9273367557,Other,1967-04-22,Hyderabad,Telangana,2025-07-14,Silver
2664,Naveen,Patel,naveen.patel2664@outlook.com,9152131307,Female,1998-10-14,Chennai,Tamil Nadu,2022-10-16,Bronze
2665,Siddharth,Bose,siddharth.bose2665@yahoo.com,9367805438,Male,1992-11-10,Mumbai,Maharashtra,2025-04-19,Bronze
2666,Aditya,Singh,aditya.singh2666@example.com,9037301326,Female,1987-03-18,Gurugram,Haryana,2024-03-05,Bronze
2667,Swathi,Singh,swathi.singh2667@example.com,9173006713,Male,1989-03-03,Ahmedabad,Gujarat,2022-05-02,Bronze
2668,Meera,Joshi,meera.joshi2668@example.com,9787672055,Female,1965-04-22,Bengaluru,Karnataka,2023-08-28,Gold
2669,Aarav,Rao,aarav.rao2669@example.com,9828449502,Female,1983-12-11,Mumbai,Maharashtra,2023-10-19,Bronze
2670,Divya,Das,divya.das2670@outlook.com,9521250574,Female,1972-07-18,Hyderabad,Telangana,2023-01-01,Bronze
2671,Santosh,Reddy,santosh.reddy2671@example.com,,Male,1991-01-14,Pune,Maharashtra,2024-04-07,Bronze
2672,Aditya,Verma,aditya.verma2672@yahoo.com,9119734094,Male,2002-03-24,Hyderabad,Telangana,2025-03-24,Bronze
2673,Rahul,Naidu,rahul.naidu2673@example.com,9320720950,Other,1986-03-21,Hyderabad,Telangana,2025-04-24,Bronze
2674,Aarav,Kapoor,aarav.kapoor2674@gmail.com,9252988593,Male,1989-02-24,Mumbai,Maharashtra,2023-12-20,Bronze
2675,Naveen,Kapoor,naveen.kapoor2675@yahoo.com,9575814813,Male,1991-09-06,Mumbai,Maharashtra,2025-05-08,Platinum
2676,Aarav,Das,aarav.das2676@example.com,9963327121,Female,2002-02-27,Mumbai,Maharashtra,2025-06-17,Bronze
2677,Ramesh,Kapoor,ramesh.kapoor2677@gmail.com,9790995065,Female,1966-07-12,Mumbai,Maharashtra,2022-05-01,Silver
2678,Neha,Kumar,neha.kumar2678@outlook.com,9825866941,Female,1977-05-25,Gurugram,Haryana,2024-05-19,Silver
2679,Riya,Verma,riya.verma2679@yahoo.com,9915777410,Female,1975-09-24,Delhi,Delhi,2024-11-24,Bronze
2680,Lakshmi,Nair,lakshmi.nair2680@gmail.com,9396443848,Female,1993-08-23,Madurai,Tamil Nadu,2022-01-22,Silver
2681,Swathi,Patel,swathi.patel2681@gmail.com,9046606803,Male,1982-11-27,Gurugram,Haryana,2024-04-06,Gold
2682,Arjun,Gupta,arjun.gupta2682@outlook.com,9424886880,Female,1995-11-11,Kolkata,West Bengal,2025-06-04,Silver
2683,Aarav,Naidu,aarav.naidu2683@outlook.com,9384640537,Female,1983-11-20,Mysuru,Karnataka,2023-01-03,Gold
2684,Arjun,Singh,arjun.singh2684@outlook.com,9813363595,Female,2004-01-02,Mumbai,Maharashtra,2025-03-19,Silver
2685,Santosh,Rao,santosh.rao2685@gmail.com,9048499241,Male,1995-08-29,Chennai,Tamil Nadu,2025-07-02,Bronze
2686,Riya,Patel,riya.patel2686@yahoo.com,9134371487,Male,1965-09-23,Delhi,Delhi,2024-05-19,Gold
2687,Aditya,Rao,aditya.rao2687@gmail.com,9229588453,Female,2004-07-06,Chennai,Tamil Nadu,2024-05-11,Bronze
2688,Rahul,Menon,rahul.menon2688@gmail.com,9666871356,Male,2003-01-24,Pune,Maharashtra,2024-01-03,Silver
2689,Pooja,Nair,pooja.nair2689@yahoo.com,9848314142,Male,1966-09-26,Chennai,Tamil Nadu,2023-07-14,Silver
2690,Manoj,Kumar,manoj.kumar2690@outlook.com,9067155162,Female,1980-08-27,Mumbai,Maharashtra,2023-09-13,Gold
2691,Ananya,Iyer,ananya.iyer2691@yahoo.com,9861517246,Female,2003-10-19,Jaipur,Rajasthan,2023-12-17,Gold
2692,Naveen,Kapoor,naveen.kapoor2692@gmail.com,9850260333,Male,1998-07-01,Hyderabad,Telangana,2023-10-23,Bronze
2693,Kiran,Chopra,kiran.chopra2693@gmail.com,9998881307,Male,1983-09-20,Kolkata,West Bengal,2025-02-04,Silver
2694,Deepak,Naidu,deepak.naidu2694@yahoo.com,9801197204,Male,1986-10-10,Lucknow,Uttar Pradesh,2024-11-19,Bronze
2695,Kavya,Kapoor,kavya.kapoor2695@yahoo.com,9504591143,Female,1966-03-09,Kolkata,West Bengal,2023-04-21,Silver
2696,Swathi,Reddy,swathi.reddy2696@example.com,9972368226,Female,1987-07-28,Mysuru,Karnataka,2023-12-04,Silver
2697,Manoj,Chopra,manoj.chopra2697@outlook.com,9824647586,Male,1991-08-21,Gurugram,Haryana,2022-10-22,Bronze
2698,Neha,Iyer,neha.iyer2698@example.com,9982812017,Male,1979-05-14,Bengaluru,Karnataka,2022-08-29,Gold
2699,Kavya,Shetty,kavya.shetty2699@gmail.com,9114889013,Male,1977-04-06,Hyderabad,Telangana,2023-05-20,Bronze
2700,Lakshmi,Pillai,lakshmi.pillai2700@yahoo.com,9205440442,Male,1998-02-12,Kolkata,West Bengal,2022-03-21,Bronze
2701,Pooja,Joshi,pooja.joshi2701@gmail.com,9789661305,Male,1982-12-08,Delhi,Delhi,2025-03-15,Platinum
2702,Rohan,Shetty,rohan.shetty2702@gmail.com,9760581529,Female,1975-07-22,Mumbai,Maharashtra,2022-06-22,Silver
2703,Kiran,Bose,kiran.bose2703@example.com,9575827456,Male,1979-12-26,Hyderabad,Telangana,2023-03-24,Silver
2704,Aditya,Kapoor,aditya.kapoor2704@yahoo.com,9187456465,Male,1984-09-04,Gurugram,Haryana,2022-12-11,Bronze
2705,Santosh,Iyer,santosh.iyer2705@outlook.com,9720481842,Male,1975-05-17,Delhi,Delhi,2022-10-11,Bronze
2706,Tanvi,Sharma,tanvi.sharma2706@yahoo.com,9488658979,Male,1987-05-24,Hyderabad,Telangana,2023-05-19,Bronze
2707,Riya,Shetty,riya.shetty2707@gmail.com,9800592981,Male,1999-06-05,Ahmedabad,Gujarat,2024-09-11,Bronze
2708,Vivaan,Patel,vivaan.patel2708@example.com,9420625640,Male,1994-09-06,Chennai,Tamil Nadu,2025-05-06,Bronze
2709,Meera,Mehta,meera.mehta2709@outlook.com,9030810165,Male,1974-04-01,Chennai,Tamil Nadu,2022-09-16,Bronze
2710,Swathi,Sharma,swathi.sharma2710@outlook.com,9633613149,Male,1983-11-08,Pune,Maharashtra,2022-11-24,Silver
2711,Rahul,Rao,rahul.rao2711@outlook.com,9866378516,Female,1986-09-26,Kochi,Kerala,2023-10-05,Bronze
2712,Santosh,Bose,santosh.bose2712@yahoo.com,9131076436,Male,1992-03-12,Chennai,Tamil Nadu,2023-03-14,Silver
2713,Divya,Bose,divya.bose2713@yahoo.com,9524758547,Female,1995-03-28,Chennai,Tamil Nadu,2024-12-31,Gold
2714,Naveen,Menon,naveen.menon2714@example.com,9266220106,Female,1984-05-26,Bengaluru,Karnataka,2022-11-02,Bronze
2715,Neha,Joshi,neha.joshi2715@gmail.com,9151762726,Male,1977-08-05,Kolkata,West Bengal,2023-07-05,Silver
2716,Siddharth,Das,siddharth.das2716@yahoo.com,9647942451,Male,1991-05-11,Chennai,Tamil Nadu,2024-01-18,Bronze
2717,Santosh,Mehta,santosh.mehta2717@yahoo.com,9949901153,Male,1970-01-10,Mumbai,Maharashtra,2023-06-07,Bronze
2718,Meera,Menon,meera.menon2718@outlook.com,9053878560,Male,1991-12-13,Lucknow,Uttar Pradesh,2024-04-24,Silver
2719,Sneha,Naidu,sneha.naidu2719@example.com,9740033274,Female,2000-10-30,Bengaluru,Karnataka,2024-12-30,Bronze
2720,Deepak,Patel,deepak.patel2720@example.com,9264757801,Male,1993-05-11,Mumbai,Maharashtra,2023-12-30,Bronze
2721,Manoj,Kumar,manoj.kumar2721@outlook.com,9752090423,Female,1982-05-03,Mumbai,Maharashtra,2023-09-18,Gold
2722,Rahul,Rao,rahul.rao2722@gmail.com,9750092478,Female,1997-11-29,Gurugram,Haryana,2025-07-27,Bronze
2723,Deepak,Menon,deepak.menon2723@example.com,9224377237,Female,1986-04-11,Hyderabad,Telangana,2025-09-06,Silver
2724,Pooja,Sharma,pooja.sharma2724@yahoo.com,9558664800,Female,1986-08-13,Hyderabad,Telangana,2025-09-24,Silver
2725,Harini,Patel,harini.patel2725@yahoo.com,9662616353,Female,1999-01-23,Mysuru,Karnataka,2022-01-23,Bronze
2726,Tanvi,Rao,tanvi.rao2726@example.com,9718429150,Female,1972-09-22,Delhi,Delhi,2025-02-20,Silver
2727,Swathi,Joshi,swathi.joshi2727@yahoo.com,9812684239,Other,1996-03-03,Gurugram,Haryana,2025-05-15,Bronze
2728,Kiran,Chopra,,9919852472,Male,1992-03-02,Bengaluru,Karnataka,2025-01-07,Bronze
2729,Kiran,Shetty,kiran.shetty2729@example.com,9340410379,Male,1986-02-23,Hyderabad,Telangana,2024-10-23,Gold
2730,Deepak,Joshi,deepak.joshi2730@yahoo.com,9472663463,Male,1968-01-31,Ahmedabad,Gujarat,2023-05-17,Bronze
2731,Riya,Menon,riya.menon2731@outlook.com,9625045830,Male,1995-08-11,Bengaluru,Karnataka,2024-09-20,Silver
2732,Arjun,Singh,arjun.singh2732@gmail.com,9058883488,Female,1973-10-02,Coimbatore,Tamil Nadu,2024-03-04,Bronze
2733,Diya,Gupta,diya.gupta2733@example.com,9440155532,Male,2000-10-18,Mumbai,Maharashtra,2025-02-12,Bronze
2734,Meera,Bose,meera.bose2734@yahoo.com,9489035231,Female,1996-08-31,Madurai,Tamil Nadu,2023-04-27,Silver
2735,Ramesh,Kumar,ramesh.kumar2735@outlook.com,9489069703,Female,1979-07-16,Chennai,Tamil Nadu,2024-10-13,Silver
2736,Riya,Chopra,,9792228131,Male,1982-05-24,Hyderabad,Telangana,2024-12-09,Bronze
2737,Kavya,Iyer,kavya.iyer2737@yahoo.com,9905145654,Female,1966-01-08,Chennai,Tamil Nadu,2025-02-15,Silver
2738,Ishaan,Iyer,ishaan.iyer2738@yahoo.com,9286672994,Male,1984-11-28,Mumbai,Maharashtra,2022-08-24,Bronze
2739,Manoj,Reddy,manoj.reddy2739@gmail.com,9233929299,Female,1967-04-26,Delhi,Delhi,2025-03-28,Bronze
2740,Priya,Nair,priya.nair2740@yahoo.com,9616994432,Female,2004-06-20,Mumbai,Maharashtra,2022-10-24,Silver
2741,Vivaan,Rao,vivaan.rao2741@yahoo.com,9692800914,Male,1990-08-03,Bengaluru,Karnataka,2025-07-06,Silver
2742,Vikram,Rao,vikram.rao2742@yahoo.com,9833063141,Female,1974-05-27,Kolkata,West Bengal,2022-02-22,Bronze
2743,Swathi,Menon,swathi.menon2743@yahoo.com,9879985100,Male,1997-02-16,Chennai,Tamil Nadu,2022-11-03,Silver
2744,Arjun,Patel,arjun.patel2744@outlook.com,9282094439,Female,1965-10-13,Delhi,Delhi,2024-04-13,Bronze
2745,Priya,Menon,priya.menon2745@example.com,9389470791,Female,1986-12-17,Hyderabad,Telangana,2024-01-14,Gold
2746,Neha,Iyer,neha.iyer2746@example.com,9008243314,Male,1969-06-15,Gurugram,Haryana,2024-07-31,Gold
2747,Aditya,Kumar,aditya.kumar2747@example.com,9938675322,Female,1967-03-06,Chennai,Tamil Nadu,2023-07-07,Bronze
2748,Ishaan,Nair,ishaan.nair2748@outlook.com,9544396896,Female,1974-10-10,Chennai,Tamil Nadu,2022-01-05,Bronze
2749,Naveen,Verma,naveen.verma2749@yahoo.com,9094340607,Female,1976-10-07,Mumbai,Maharashtra,2024-04-25,Platinum
2750,Riya,Nair,riya.nair2750@outlook.com,9843680430,Female,1994-01-07,Bengaluru,Karnataka,2023-12-01,Gold
2751,Karan,Iyer,karan.iyer2751@gmail.com,9057524981,Female,2000-08-10,Chennai,Tamil Nadu,2023-11-28,Bronze
2752,Rohan,Kumar,rohan.kumar2752@example.com,9663379398,Male,1996-01-06,Delhi,Delhi,2023-05-31,Bronze
2753,Priya,Das,priya.das2753@outlook.com,9024624014,Female,1994-07-30,Kolkata,West Bengal,2025-05-04,Bronze
2754,Manoj,Rao,manoj.rao2754@gmail.com,9643467500,Female,1987-08-10,Bengaluru,Karnataka,2024-12-20,Gold
2755,Manoj,Mehta,manoj.mehta2755@yahoo.com,9325724243,Male,1979-11-03,Ahmedabad,Gujarat,2022-09-06,Gold
2756,Rohan,Nair,rohan.nair2756@yahoo.com,9063761805,Male,1975-03-13,Gurugram,Haryana,2022-02-23,Gold
2757,Manoj,Sharma,manoj.sharma2757@yahoo.com,9855406970,Male,2002-10-22,Kolkata,West Bengal,2022-09-06,Bronze
2758,Swathi,Chopra,swathi.chopra2758@gmail.com,9287324000,Male,1985-11-09,Delhi,Delhi,2022-03-08,Gold
2759,Karan,Shetty,karan.shetty2759@gmail.com,9805271908,Male,1987-07-24,Pune,Maharashtra,2024-08-29,Bronze
2760,Aarav,Patel,aarav.patel2760@yahoo.com,9100734825,Male,1965-08-07,Mumbai,Maharashtra,2024-04-29,Bronze
2761,Naveen,Reddy,naveen.reddy2761@yahoo.com,9209384815,Female,1983-04-23,Pune,Maharashtra,2023-09-26,Bronze
2762,Neha,Singh,neha.singh2762@example.com,9393744664,Male,1992-04-03,Ahmedabad,Gujarat,2024-03-20,Bronze
2763,Ramesh,Reddy,ramesh.reddy2763@yahoo.com,9005068762,Male,1984-10-16,Bengaluru,Karnataka,2025-01-11,Silver
2764,Siddharth,Reddy,siddharth.reddy2764@yahoo.com,9619054017,Female,1989-07-22,Coimbatore,Tamil Nadu,2025-02-11,Bronze
2765,Vikram,Kumar,vikram.kumar2765@example.com,9511664001,Male,1997-05-14,Bengaluru,Karnataka,2023-08-18,Bronze
2766,Karan,Pillai,karan.pillai2766@example.com,9053257161,Male,1965-11-15,Jaipur,Rajasthan,2024-03-21,Gold
2767,Karan,Chopra,karan.chopra2767@gmail.com,9531817367,Female,2001-02-25,Hyderabad,Telangana,2024-02-29,Bronze
2768,Meera,Shetty,meera.shetty2768@gmail.com,9464624140,Other,1997-08-29,Pune,Maharashtra,2025-07-23,Bronze
2769,Arjun,Gupta,arjun.gupta2769@gmail.com,9483480653,Female,1981-10-14,Kolkata,West Bengal,2024-11-08,Bronze
2770,Divya,Kumar,divya.kumar2770@yahoo.com,9254363827,Male,1995-07-09,Lucknow,Uttar Pradesh,2023-03-07,Bronze
2771,Neha,Gupta,neha.gupta2771@outlook.com,9584236481,Male,1967-08-30,Mysuru,Karnataka,2025-04-29,Bronze
2772,Harini,Sharma,harini.sharma2772@yahoo.com,9397094601,Female,1977-04-28,Gurugram,Haryana,2023-06-29,Silver
2773,Neha,Gupta,neha.gupta2773@gmail.com,9621628103,Female,1969-04-23,Ahmedabad,Gujarat,2024-11-03,Bronze
2774,Siddharth,Patel,siddharth.patel2774@gmail.com,9362947785,Female,1990-05-26,Bengaluru,Karnataka,2025-08-31,Bronze
2775,Neha,Kumar,neha.kumar2775@outlook.com,9254625969,Female,1999-03-24,Delhi,Delhi,2025-01-12,Gold
2776,Ishaan,Nair,ishaan.nair2776@yahoo.com,9160281402,Male,1989-01-16,Hyderabad,Telangana,2022-05-28,Bronze
2777,Lakshmi,Chopra,lakshmi.chopra2777@gmail.com,9146691450,Male,1993-06-11,Pune,Maharashtra,2022-10-09,Silver
2778,Manoj,Bose,manoj.bose2778@outlook.com,9138555857,Female,1970-09-22,Mumbai,Maharashtra,2024-12-25,Bronze
2779,Ishaan,Shetty,ishaan.shetty2779@outlook.com,9380321581,Female,2002-05-03,Chennai,Tamil Nadu,2022-06-18,Gold
2780,Riya,Verma,riya.verma2780@yahoo.com,9888094535,Male,1972-09-22,Bengaluru,Karnataka,2022-01-16,Bronze
2781,Pooja,Iyer,pooja.iyer2781@example.com,9573157088,Female,1986-01-15,Bengaluru,Karnataka,2022-12-20,Silver
2782,Karan,Shetty,karan.shetty2782@example.com,9593166921,Male,1992-04-23,Bengaluru,Karnataka,2023-10-29,Silver
2783,Arjun,Bose,arjun.bose2783@gmail.com,9631618365,Female,1999-03-31,Pune,Maharashtra,2022-06-25,Silver
2784,Deepak,Menon,deepak.menon2784@example.com,9530649803,Male,2002-04-26,Hyderabad,Telangana,2022-07-30,Gold
2785,Rahul,Singh,rahul.singh2785@gmail.com,9437313742,Female,1988-12-07,Chennai,Tamil Nadu,2023-04-09,Bronze
2786,Neha,Das,neha.das2786@yahoo.com,9704168498,Male,1988-01-14,Delhi,Delhi,2024-03-30,Bronze
2787,Rahul,Das,rahul.das2787@example.com,9710134297,Female,1981-09-04,Delhi,Delhi,2024-01-16,Gold
2788,Tanvi,Bose,tanvi.bose2788@example.com,9666831229,Female,1987-09-13,Mumbai,Maharashtra,2024-12-28,Gold
2789,Vivaan,Das,vivaan.das2789@gmail.com,9540768163,Male,1991-12-23,Jaipur,Rajasthan,2025-09-04,Bronze
2790,Ananya,Sharma,ananya.sharma2790@gmail.com,9222709998,Female,1990-11-07,Hyderabad,Telangana,2022-02-15,Silver
2791,Pooja,Joshi,pooja.joshi2791@gmail.com,9341871907,Female,1988-09-05,Kolkata,West Bengal,2024-07-31,Silver
2792,Kavya,Pillai,kavya.pillai2792@yahoo.com,9178911081,Female,1982-08-12,Bengaluru,Karnataka,2022-08-13,Silver
2793,Sneha,Patel,sneha.patel2793@yahoo.com,9343432381,Male,1972-10-29,Delhi,Delhi,2023-05-09,Gold
2794,Rohan,Iyer,rohan.iyer2794@yahoo.com,,Female,1967-03-02,Lucknow,Uttar Pradesh,2023-04-15,Gold
2795,Kavya,Iyer,kavya.iyer2795@yahoo.com,9704855308,Female,1981-10-27,Kolkata,West Bengal,2024-08-17,Bronze
2796,Deepak,Bose,deepak.bose2796@outlook.com,9722570684,Female,1980-11-06,Mumbai,Maharashtra,2022-12-17,Silver
2797,Ananya,Mehta,ananya.mehta2797@example.com,9001841981,Male,1989-04-22,Pune,Maharashtra,2025-05-09,Bronze
2798,Ishaan,Das,ishaan.das2798@outlook.com,9630058979,Female,2000-12-26,Hyderabad,Telangana,2023-06-09,Bronze
2799,Divya,Shetty,divya.shetty2799@yahoo.com,9211171479,Male,1993-01-16,Pune,Maharashtra,2025-01-20,Gold
2800,Ramesh,Verma,ramesh.verma2800@outlook.com,9110133943,Male,1997-03-06,Delhi,Delhi,2025-07-27,Silver
2801,Santosh,Reddy,santosh.reddy2801@outlook.com,,Male,1988-02-10,Lucknow,Uttar Pradesh,2023-12-01,Bronze
2802,Ramesh,Bose,ramesh.bose2802@example.com,9987816470,Male,2002-01-27,Mumbai,Maharashtra,2022-05-19,Silver
2803,Ramesh,Das,ramesh.das2803@example.com,9125984085,Male,2002-07-23,Bengaluru,Karnataka,2024-08-18,Bronze
2804,Deepak,Sharma,deepak.sharma2804@yahoo.com,9068889661,Male,1971-02-10,Mumbai,Maharashtra,2023-08-03,Bronze
2805,Neha,Chopra,neha.chopra2805@example.com,9688812895,Female,1990-07-22,Bengaluru,Karnataka,2023-04-09,Silver
2806,Aarav,Iyer,aarav.iyer2806@example.com,,Female,1985-03-23,Chennai,Tamil Nadu,2023-09-18,Silver
2807,Riya,Pillai,riya.pillai2807@gmail.com,9480821459,Male,2003-11-09,Coimbatore,Tamil Nadu,2023-02-15,Bronze
2808,Vikram,Pillai,vikram.pillai2808@outlook.com,9514972672,Female,1988-05-17,Delhi,Delhi,2023-01-19,Bronze
2809,Ramesh,Bose,ramesh.bose2809@gmail.com,9531833146,Female,1965-08-21,Chennai,Tamil Nadu,2025-09-16,Silver
2810,Meera,Kumar,meera.kumar2810@yahoo.com,9978968376,Female,1973-05-23,Mysuru,Karnataka,2023-01-17,Bronze
2811,Harini,Patel,harini.patel2811@gmail.com,9467480338,Female,1970-03-07,Bengaluru,Karnataka,2023-09-20,Gold
2812,Riya,Kapoor,riya.kapoor2812@yahoo.com,9599472143,Other,1973-01-13,Kolkata,West Bengal,2024-09-05,Bronze
2813,Pooja,Menon,pooja.menon2813@outlook.com,9751440598,Female,1968-10-30,Delhi,Delhi,2022-10-30,Gold
2814,Harini,Rao,harini.rao2814@yahoo.com,9989045837,Female,1996-04-05,Bengaluru,Karnataka,2024-04-25,Bronze
2815,Meera,Iyer,meera.iyer2815@gmail.com,9752041628,Female,1984-10-02,Bengaluru,Karnataka,2025-05-10,Bronze
2816,Diya,Rao,diya.rao2816@yahoo.com,9886190580,Male,1991-11-10,Mumbai,Maharashtra,2025-01-17,Bronze
2817,Diya,Menon,diya.menon2817@outlook.com,9441199023,Female,2004-12-20,Chennai,Tamil Nadu,2022-02-09,Silver
2818,Swathi,Patel,swathi.patel2818@example.com,9105482530,Female,1990-11-14,Mumbai,Maharashtra,2023-07-09,Gold
2819,Deepak,Pillai,deepak.pillai2819@gmail.com,9776066461,Female,1984-02-27,Hyderabad,Telangana,2022-01-01,Bronze
2820,Ishaan,Iyer,ishaan.iyer2820@yahoo.com,9214804296,Female,1975-09-04,Jaipur,Rajasthan,2024-04-10,Bronze
2821,Meera,Chopra,meera.chopra2821@gmail.com,9225006871,Male,1995-02-28,Chennai,Tamil Nadu,2023-03-22,Bronze
2822,Diya,Shetty,diya.shetty2822@gmail.com,9828249465,Male,1985-04-04,Pune,Maharashtra,2025-05-08,Silver
2823,Tanvi,Menon,tanvi.menon2823@gmail.com,9073439565,Female,1995-04-04,Bengaluru,Karnataka,2022-08-29,Bronze
2824,Vivaan,Iyer,vivaan.iyer2824@example.com,9357011953,Female,1965-12-03,Kochi,Kerala,2025-03-11,Gold
2825,Manoj,Menon,manoj.menon2825@example.com,9165670672,Female,1971-07-10,Lucknow,Uttar Pradesh,2023-04-14,Bronze
2826,Deepak,Das,deepak.das2826@outlook.com,9353901868,Female,1970-03-13,Delhi,Delhi,2025-06-13,Silver
2827,Karan,Menon,karan.menon2827@yahoo.com,9018888202,Female,1992-03-28,Hyderabad,Telangana,2022-10-01,Gold
2828,Ishaan,Patel,ishaan.patel2828@example.com,9950781579,Female,1985-09-19,Chennai,Tamil Nadu,2023-01-04,Bronze
2829,Sneha,Rao,sneha.rao2829@yahoo.com,9639368578,Male,1977-09-02,Gurugram,Haryana,2023-04-26,Bronze
2830,Rahul,Patel,rahul.patel2830@outlook.com,9646460041,Female,1977-05-19,Delhi,Delhi,2025-09-11,Gold
2831,Naveen,Menon,naveen.menon2831@outlook.com,9714198039,Male,1989-04-04,Chennai,Tamil Nadu,2024-10-01,Bronze
2832,Ramesh,Menon,ramesh.menon2832@outlook.com,9480481070,Female,2003-08-08,Hyderabad,Telangana,2025-01-22,Silver
2833,Naveen,Rao,naveen.rao2833@yahoo.com,9388147335,Male,2004-10-16,Hyderabad,Telangana,2024-01-27,Gold
2834,Pooja,Pillai,pooja.pillai2834@yahoo.com,9700132436,Female,1983-11-06,Kolkata,West Bengal,2024-12-24,Bronze
2835,Naveen,Kapoor,naveen.kapoor2835@yahoo.com,9383286010,Male,1991-10-21,Delhi,Delhi,2024-05-08,Gold
2836,Aarav,Pillai,aarav.pillai2836@outlook.com,9769304017,Male,1968-05-05,Pune,Maharashtra,2024-07-02,Bronze
2837,Vikram,Pillai,vikram.pillai2837@outlook.com,9385684378,Female,2002-10-17,Pune,Maharashtra,2025-02-20,Silver
2838,Aarav,Kapoor,aarav.kapoor2838@yahoo.com,9289180888,Female,1965-09-18,Chennai,Tamil Nadu,2025-09-08,Bronze
2839,Santosh,Reddy,santosh.reddy2839@outlook.com,9395089325,Male,1978-09-06,Hyderabad,Telangana,2024-02-28,Bronze
2840,Neha,Patel,neha.patel2840@gmail.com,9363226405,Female,1993-12-28,Bengaluru,Karnataka,2023-08-28,Bronze
2841,Vikram,Das,vikram.das2841@yahoo.com,9712393869,Male,2003-10-07,Gurugram,Haryana,2024-06-13,Bronze
2842,Siddharth,Kumar,siddharth.kumar2842@example.com,9537072652,Male,1971-11-09,Hyderabad,Telangana,2024-10-12,Bronze
2843,Tanvi,Chopra,tanvi.chopra2843@outlook.com,9457400684,Male,1991-06-04,Hyderabad,Telangana,2025-09-12,Bronze
2844,Rohan,Sharma,rohan.sharma2844@outlook.com,9019702762,Female,1972-07-05,Chennai,Tamil Nadu,2024-08-14,Silver
2845,Neha,Iyer,neha.iyer2845@example.com,9699830305,Female,1967-01-04,Chennai,Tamil Nadu,2025-07-30,Bronze
2846,Sneha,Chopra,sneha.chopra2846@outlook.com,9631502996,Female,1981-12-10,Mumbai,Maharashtra,2024-09-29,Bronze
2847,Rahul,Bose,rahul.bose2847@outlook.com,9306471884,Female,1988-01-19,Chennai,Tamil Nadu,2025-07-26,Bronze
2848,Karan,Singh,karan.singh2848@yahoo.com,9043720920,Female,1975-07-23,Bengaluru,Karnataka,2024-10-25,Bronze
2849,Ananya,Singh,ananya.singh2849@example.com,9872468320,Female,2003-11-24,Delhi,Delhi,2025-04-26,Bronze
2850,Riya,Menon,riya.menon2850@outlook.com,9889722249,Other,1989-08-25,Hyderabad,Telangana,2022-09-19,Bronze
2851,Rahul,Kumar,rahul.kumar2851@outlook.com,9647848031,Male,1982-07-10,Hyderabad,Telangana,2025-09-20,Silver
2852,Diya,Nair,diya.nair2852@gmail.com,9123754417,Male,1984-06-01,Hyderabad,Telangana,2023-04-23,Silver
2853,Pooja,Das,pooja.das2853@example.com,9758881040,Male,1983-07-23,Gurugram,Haryana,2024-12-27,Silver
2854,Rohan,Bose,rohan.bose2854@yahoo.com,9011338913,Female,1969-06-16,Coimbatore,Tamil Nadu,2023-06-21,Bronze
2855,Riya,Chopra,riya.chopra2855@yahoo.com,9523647043,Female,1989-03-29,Delhi,Delhi,2023-09-20,Gold
2856,Ishaan,Bose,ishaan.bose2856@gmail.com,9243718351,Male,1996-05-15,Jaipur,Rajasthan,2024-10-21,Silver
2857,Ishaan,Rao,ishaan.rao2857@gmail.com,9967892325,Female,1981-11-02,Pune,Maharashtra,2024-01-11,Silver
2858,Rahul,Kapoor,rahul.kapoor2858@gmail.com,9875474856,Female,1982-01-09,Hyderabad,Telangana,2024-09-07,Bronze
2859,Vikram,Reddy,vikram.reddy2859@gmail.com,9674349179,Male,2001-05-24,Delhi,Delhi,2022-04-19,Bronze
2860,Aarav,Sharma,aarav.sharma2860@gmail.com,9065306570,Male,1989-06-02,Hyderabad,Telangana,2025-02-14,Bronze
2861,Naveen,Iyer,naveen.iyer2861@yahoo.com,9964495563,Male,1976-11-27,Hyderabad,Telangana,2023-07-14,Bronze
2862,Siddharth,Shetty,siddharth.shetty2862@example.com,9273040569,Male,1965-02-27,Mumbai,Maharashtra,2024-12-15,Silver
2863,Lakshmi,Rao,lakshmi.rao2863@example.com,9636579078,Female,1997-11-28,Coimbatore,Tamil Nadu,2023-01-26,Bronze
2864,Harini,Reddy,harini.reddy2864@gmail.com,9344383452,Female,1990-01-15,Bengaluru,Karnataka,2024-03-26,Bronze
2865,Lakshmi,Kapoor,lakshmi.kapoor2865@yahoo.com,9651105896,Male,1990-01-11,Hyderabad,Telangana,2024-03-16,Bronze
2866,Lakshmi,Singh,lakshmi.singh2866@example.com,9996386829,Male,1976-04-22,Bengaluru,Karnataka,2022-07-11,Bronze
2867,Arjun,Menon,arjun.menon2867@outlook.com,9483862113,Male,1972-06-10,Hyderabad,Telangana,2023-10-12,Bronze
2868,Diya,Reddy,diya.reddy2868@example.com,9056798968,Male,1984-10-05,Mumbai,Maharashtra,2024-05-19,Bronze
2869,Deepak,Verma,deepak.verma2869@yahoo.com,9784594661,Male,1995-04-18,Jaipur,Rajasthan,2025-02-18,Bronze
2870,Riya,Patel,riya.patel2870@gmail.com,9067560176,Female,1976-11-25,Bengaluru,Karnataka,2025-04-29,Bronze
2871,Aarav,Reddy,aarav.reddy2871@gmail.com,9150708229,Female,1986-01-25,Pune,Maharashtra,2023-06-11,Silver
2872,Riya,Menon,riya.menon2872@outlook.com,9831135488,Female,2004-10-28,Hyderabad,Telangana,2024-05-30,Gold
2873,Lakshmi,Sharma,lakshmi.sharma2873@gmail.com,9294087389,Male,1973-10-08,Bengaluru,Karnataka,2022-08-28,Gold
2874,Lakshmi,Reddy,lakshmi.reddy2874@yahoo.com,9992516489,Female,1974-03-25,Chennai,Tamil Nadu,2025-05-11,Silver
2875,Diya,Menon,diya.menon2875@yahoo.com,9330539845,Male,1974-06-07,Bengaluru,Karnataka,2025-04-03,Bronze
2876,Rahul,Gupta,rahul.gupta2876@example.com,9699437212,Male,2001-06-28,Chennai,Tamil Nadu,2025-09-29,Silver
2877,Siddharth,Rao,siddharth.rao2877@example.com,9367101925,Female,1986-02-19,Chennai,Tamil Nadu,2023-10-28,Gold
2878,Vikram,Joshi,vikram.joshi2878@yahoo.com,9528054719,Female,2001-09-11,Hyderabad,Telangana,2023-05-07,Bronze
2879,Ananya,Shetty,ananya.shetty2879@outlook.com,9774620743,Male,2002-11-20,Mumbai,Maharashtra,2024-11-03,Bronze
2880,Siddharth,Bose,siddharth.bose2880@yahoo.com,9265698321,Female,1981-10-30,Bengaluru,Karnataka,2024-09-17,Silver
2881,Kavya,Reddy,kavya.reddy2881@example.com,9582947215,Female,1967-03-13,Mysuru,Karnataka,2022-10-18,Bronze
2882,Vivaan,Joshi,vivaan.joshi2882@yahoo.com,9544661638,Female,1977-02-25,Bengaluru,Karnataka,2024-01-10,Silver
2883,Vikram,Rao,vikram.rao2883@outlook.com,9421972518,Female,1986-09-27,Mumbai,Maharashtra,2024-05-31,Bronze
2884,Siddharth,Menon,siddharth.menon2884@example.com,9884145330,Male,1980-03-26,Coimbatore,Tamil Nadu,2023-09-15,Bronze
2885,Ishaan,Pillai,ishaan.pillai2885@gmail.com,9518762696,Female,1965-02-02,Mumbai,Maharashtra,2023-05-24,Silver
2886,Swathi,Iyer,swathi.iyer2886@gmail.com,9798187724,Male,2004-07-19,Chennai,Tamil Nadu,2022-11-25,Silver
2887,Santosh,Gupta,santosh.gupta2887@yahoo.com,9991460256,Male,1977-02-13,Bengaluru,Karnataka,2023-07-18,Silver
2888,Harini,Bose,harini.bose2888@example.com,9146993652,Female,1989-09-26,Jaipur,Rajasthan,2022-12-03,Gold
2889,Pooja,Kapoor,pooja.kapoor2889@outlook.com,9511321050,Female,2002-11-05,Bengaluru,Karnataka,2023-02-16,Gold
2890,Arjun,Sharma,arjun.sharma2890@gmail.com,9706161461,Male,1986-10-11,Bengaluru,Karnataka,2022-09-11,Bronze
2891,Harini,Kumar,harini.kumar2891@yahoo.com,9166413263,Female,1992-10-04,Mysuru,Karnataka,2023-05-31,Platinum
2892,Kavya,Patel,kavya.patel2892@outlook.com,,Female,1966-06-09,Lucknow,Uttar Pradesh,2024-05-14,Bronze
2893,Santosh,Nair,santosh.nair2893@example.com,9708884605,Female,1992-11-07,Pune,Maharashtra,2023-06-02,Bronze
2894,Diya,Verma,diya.verma2894@yahoo.com,9199155748,Male,1998-11-22,Pune,Maharashtra,2022-07-14,Gold
2895,Meera,Das,meera.das2895@gmail.com,9337506288,Male,2001-09-16,Lucknow,Uttar Pradesh,2025-01-01,Bronze
2896,Meera,Joshi,meera.joshi2896@gmail.com,9489769840,Male,1968-05-08,Bengaluru,Karnataka,2023-08-14,Gold
2897,Vikram,Das,vikram.das2897@gmail.com,9643179520,Male,1974-02-17,Kochi,Kerala,2024-03-10,Bronze
2898,Pooja,Gupta,pooja.gupta2898@gmail.com,9710123317,Male,1966-11-17,Chennai,Tamil Nadu,2023-12-18,Bronze
2899,Deepak,Pillai,deepak.pillai2899@yahoo.com,9823897597,Male,2001-09-10,Pune,Maharashtra,2023-11-25,Bronze
2900,Aarav,Joshi,aarav.joshi2900@yahoo.com,9606265145,Male,1975-12-27,Hyderabad,Telangana,2023-08-23,Silver
2901,Arjun,Naidu,,9089011462,Male,1986-03-31,Hyderabad,Telangana,2024-10-31,Gold
2902,Divya,Singh,divya.singh2902@example.com,9833582334,Female,1984-01-08,Jaipur,Rajasthan,2025-03-16,Bronze
2903,Riya,Reddy,riya.reddy2903@yahoo.com,9491425794,Female,1992-07-13,Mysuru,Karnataka,2025-05-22,Bronze
2904,Kiran,Kumar,kiran.kumar2904@outlook.com,9290198539,Male,2000-10-15,Lucknow,Uttar Pradesh,2023-08-30,Bronze
2905,Sneha,Das,sneha.das2905@outlook.com,9987534548,Female,1977-12-10,Hyderabad,Telangana,2023-04-12,Bronze
2906,Tanvi,Kumar,tanvi.kumar2906@gmail.com,9104288939,Male,1996-08-01,Pune,Maharashtra,2022-04-24,Silver
2907,Swathi,Bose,swathi.bose2907@example.com,9192085424,Male,1976-08-18,Kochi,Kerala,2023-08-30,Silver
2908,Tanvi,Sharma,tanvi.sharma2908@yahoo.com,9619780883,Female,1972-11-25,Bengaluru,Karnataka,2025-09-20,Bronze
2909,Siddharth,Das,siddharth.das2909@example.com,9558295031,Male,1969-04-01,Jaipur,Rajasthan,2022-12-23,Bronze
2910,Neha,Mehta,neha.mehta2910@gmail.com,9844379892,Male,1979-11-16,Mumbai,Maharashtra,2025-03-02,Silver
2911,Rahul,Reddy,rahul.reddy2911@example.com,9663899911,Male,1987-05-29,Delhi,Delhi,2024-11-01,Bronze
2912,Ananya,Rao,ananya.rao2912@outlook.com,9674121115,Female,1996-03-10,Mysuru,Karnataka,2024-06-22,Bronze
2913,Santosh,Bose,santosh.bose2913@gmail.com,9535602201,Female,1998-11-30,Mumbai,Maharashtra,2024-02-13,Silver
2914,Ishaan,Das,ishaan.das2914@example.com,9781721293,Male,1986-01-26,Pune,Maharashtra,2024-11-01,Bronze
2915,Santosh,Verma,santosh.verma2915@outlook.com,9744896819,Male,1981-05-07,Hyderabad,Telangana,2022-05-15,Bronze
2916,Riya,Verma,riya.verma2916@example.com,9118420280,Male,1971-12-23,Mysuru,Karnataka,2022-06-25,Bronze
2917,Siddharth,Mehta,siddharth.mehta2917@gmail.com,9972753508,Female,2001-07-16,Chennai,Tamil Nadu,2022-09-25,Silver
2918,Vivaan,Joshi,vivaan.joshi2918@example.com,9710447802,Male,1980-10-31,Kolkata,West Bengal,2024-11-14,Bronze
2919,Manoj,Singh,manoj.singh2919@example.com,9539636447,Female,1995-07-26,Bengaluru,Karnataka,2023-08-15,Gold
2920,Lakshmi,Singh,lakshmi.singh2920@yahoo.com,9464545312,Female,1990-01-08,Delhi,Delhi,2022-10-12,Bronze
2921,Manoj,Kapoor,manoj.kapoor2921@yahoo.com,9334423254,Male,2002-03-27,Lucknow,Uttar Pradesh,2022-03-03,Bronze
2922,Priya,Sharma,priya.sharma2922@yahoo.com,9649464750,Female,2003-11-27,Bengaluru,Karnataka,2023-11-01,Silver
2923,Tanvi,Verma,,9774508795,Male,1993-04-03,Mysuru,Karnataka,2023-06-30,Bronze
2924,Priya,Nair,priya.nair2924@example.com,9229060754,Male,1991-06-16,Pune,Maharashtra,2022-09-01,Bronze
2925,Ananya,Shetty,ananya.shetty2925@example.com,9735840954,Male,1970-06-28,Bengaluru,Karnataka,2022-02-01,Bronze
2926,Siddharth,Kumar,siddharth.kumar2926@gmail.com,9002974738,Male,1965-08-25,Mumbai,Maharashtra,2024-10-28,Silver
2927,Karan,Nair,karan.nair2927@gmail.com,9374619256,Female,1986-10-30,Delhi,Delhi,2024-12-02,Bronze
2928,Kiran,Singh,kiran.singh2928@gmail.com,,Female,1993-03-08,Mumbai,Maharashtra,2022-12-03,Gold
2929,Tanvi,Shetty,tanvi.shetty2929@outlook.com,9958607453,Male,1994-10-29,Hyderabad,Telangana,2023-11-07,Bronze
2930,Rohan,Joshi,rohan.joshi2930@yahoo.com,9172047234,Male,1975-01-11,Delhi,Delhi,2022-12-13,Bronze
2931,Divya,Reddy,divya.reddy2931@example.com,9919158954,Female,1985-02-11,Mumbai,Maharashtra,2023-07-14,Bronze
2932,Ishaan,Reddy,ishaan.reddy2932@example.com,9790228010,Male,1999-06-19,Chennai,Tamil Nadu,2022-05-30,Bronze
2933,Riya,Verma,riya.verma2933@gmail.com,9902530472,Male,1968-10-29,Mumbai,Maharashtra,2025-07-19,Gold
2934,Ishaan,Pillai,ishaan.pillai2934@outlook.com,9542089583,Female,1980-05-06,Ahmedabad,Gujarat,2024-09-13,Bronze
2935,Ananya,Iyer,ananya.iyer2935@example.com,9958695897,Female,2002-10-04,Pune,Maharashtra,2025-05-18,Gold
2936,Tanvi,Patel,tanvi.patel2936@example.com,9304687659,Female,1972-12-24,Mumbai,Maharashtra,2023-02-10,Bronze
2937,Kiran,Singh,kiran.singh2937@outlook.com,9275536941,Male,1977-08-29,Coimbatore,Tamil Nadu,2025-04-09,Bronze
2938,Kiran,Rao,kiran.rao2938@yahoo.com,9114026666,Male,1983-09-16,Bengaluru,Karnataka,2023-12-11,Bronze
2939,Swathi,Rao,swathi.rao2939@example.com,9092084335,Male,1992-07-08,Chennai,Tamil Nadu,2022-09-29,Silver
2940,Rahul,Pillai,rahul.pillai2940@yahoo.com,9501949673,Female,1975-03-15,Bengaluru,Karnataka,2023-03-31,Bronze
2941,Aditya,Patel,aditya.patel2941@example.com,9867253993,Male,1996-09-02,Lucknow,Uttar Pradesh,2025-01-15,Silver
2942,Harini,Gupta,harini.gupta2942@yahoo.com,9022094163,Male,1974-06-05,Chennai,Tamil Nadu,2024-11-26,Gold
2943,Harini,Gupta,harini.gupta2943@example.com,9145626769,Male,1979-09-21,Gurugram,Haryana,2024-09-13,Silver
2944,Vikram,Sharma,vikram.sharma2944@example.com,9943441951,Female,1987-12-01,Mysuru,Karnataka,2022-11-07,Bronze
2945,Aarav,Chopra,aarav.chopra2945@outlook.com,9995999900,Female,1965-06-26,Chennai,Tamil Nadu,2024-06-05,Silver
2946,Tanvi,Das,tanvi.das2946@gmail.com,9578639562,Female,1995-09-04,Hyderabad,Telangana,2025-07-12,Bronze
2947,Aditya,Kumar,aditya.kumar2947@gmail.com,9718869902,Male,1991-09-26,Coimbatore,Tamil Nadu,2022-03-08,Bronze
2948,Vivaan,Shetty,vivaan.shetty2948@example.com,9135106637,Female,1998-05-18,Gurugram,Haryana,2023-03-16,Bronze
2949,Naveen,Nair,naveen.nair2949@example.com,9540761131,Male,1975-12-28,Kochi,Kerala,2022-04-21,Gold
2950,Meera,Shetty,meera.shetty2950@outlook.com,9890229692,Male,1980-11-23,Kolkata,West Bengal,2022-05-23,Bronze
2951,Arjun,Joshi,arjun.joshi2951@example.com,9048842045,Male,2000-12-02,Mysuru,Karnataka,2025-09-27,Silver
2952,Tanvi,Reddy,tanvi.reddy2952@example.com,9097333870,Female,1967-09-03,Delhi,Delhi,2022-11-25,Silver
2953,Diya,Joshi,diya.joshi2953@yahoo.com,9373857574,Male,1984-08-20,Mysuru,Karnataka,2022-09-03,Bronze
2954,Pooja,Pillai,pooja.pillai2954@example.com,9284034284,Female,1984-05-07,Ahmedabad,Gujarat,2022-04-12,Bronze
2955,Swathi,Gupta,swathi.gupta2955@example.com,9366499470,Male,1982-11-21,Mumbai,Maharashtra,2025-09-04,Silver
2956,Rahul,Singh,rahul.singh2956@yahoo.com,9444854462,Male,1982-05-05,Madurai,Tamil Nadu,2023-10-04,Bronze
2957,Tanvi,Bose,tanvi.bose2957@gmail.com,9253693527,Female,1994-11-15,Mysuru,Karnataka,2024-12-19,Bronze
2958,Lakshmi,Nair,lakshmi.nair2958@outlook.com,9253722756,Female,1972-11-15,Bengaluru,Karnataka,2022-12-09,Bronze
2959,Priya,Sharma,priya.sharma2959@yahoo.com,9722916319,Male,2000-08-15,Chennai,Tamil Nadu,2024-05-27,Gold
2960,Kiran,Joshi,kiran.joshi2960@yahoo.com,9827759208,Female,2000-10-27,Ahmedabad,Gujarat,2025-04-27,Bronze
2961,Kavya,Naidu,kavya.naidu2961@outlook.com,9319488384,Male,1972-03-04,Gurugram,Haryana,2024-07-07,Bronze
2962,Kavya,Das,kavya.das2962@example.com,9620135817,Male,2003-12-10,Kochi,Kerala,2023-12-09,Bronze
2963,Swathi,Iyer,swathi.iyer2963@gmail.com,9788029629,Female,1975-06-23,Bengaluru,Karnataka,2022-10-16,Bronze
2964,Tanvi,Das,tanvi.das2964@example.com,9328946625,Female,1967-01-26,Mumbai,Maharashtra,2022-11-16,Platinum
2965,Swathi,Patel,swathi.patel2965@yahoo.com,9088160067,Male,1980-11-29,Chennai,Tamil Nadu,2024-03-28,Bronze
2966,Ramesh,Bose,ramesh.bose2966@outlook.com,9839533733,Male,1996-10-22,Mumbai,Maharashtra,2023-09-10,Silver
2967,Manoj,Rao,manoj.rao2967@example.com,9333082415,Female,1998-10-06,Coimbatore,Tamil Nadu,2022-03-05,Silver
2968,Rahul,Singh,rahul.singh2968@gmail.com,9212987268,Male,1990-10-24,Chennai,Tamil Nadu,2022-09-26,Bronze
2969,Diya,Rao,diya.rao2969@gmail.com,9682437137,Female,1997-06-05,Mumbai,Maharashtra,2023-08-15,Silver
2970,Divya,Joshi,divya.joshi2970@example.com,9027264438,Female,1975-06-14,Chennai,Tamil Nadu,2022-09-02,Platinum
2971,Sneha,Joshi,sneha.joshi2971@yahoo.com,9777410484,Female,2000-02-20,Hyderabad,Telangana,2024-01-29,Silver
2972,Vikram,Gupta,vikram.gupta2972@example.com,9956078592,Male,1990-05-23,Pune,Maharashtra,2023-02-16,Silver
2973,Siddharth,Menon,siddharth.menon2973@yahoo.com,9496645360,Female,1970-05-05,Bengaluru,Karnataka,2023-02-04,Bronze
2974,Ramesh,Sharma,ramesh.sharma2974@outlook.com,9590460012,Male,1970-02-22,Jaipur,Rajasthan,2022-05-29,Gold
2975,Rohan,Mehta,rohan.mehta2975@outlook.com,9816359800,Male,1975-09-08,Mumbai,Maharashtra,2023-11-20,Bronze
2976,Arjun,Gupta,arjun.gupta2976@example.com,9387681799,Male,1967-10-11,Gurugram,Haryana,2022-09-16,Silver
2977,Deepak,Das,deepak.das2977@outlook.com,9762724130,Male,1976-04-21,Pune,Maharashtra,2024-05-13,Bronze
2978,Vikram,Shetty,vikram.shetty2978@outlook.com,9407667766,Female,2004-09-17,Delhi,Delhi,2025-07-08,Silver
2979,Deepak,Shetty,deepak.shetty2979@yahoo.com,9174143158,Female,1974-08-07,Delhi,Delhi,2025-06-02,Gold
2980,Pooja,Kumar,pooja.kumar2980@yahoo.com,9019623086,Female,1990-06-09,Kolkata,West Bengal,2024-07-01,Silver
2981,Kiran,Rao,kiran.rao2981@yahoo.com,9216572911,Female,2004-01-28,Pune,Maharashtra,2025-01-10,Bronze
2982,Neha,Iyer,neha.iyer2982@yahoo.com,9753754275,Female,1975-02-15,Chennai,Tamil Nadu,2025-06-14,Silver
2983,Swathi,Kumar,swathi.kumar2983@example.com,9842027252,Female,1992-10-30,Bengaluru,Karnataka,2024-07-22,Gold
2984,Divya,Joshi,divya.joshi2984@gmail.com,9998750047,Female,1982-12-28,Pune,Maharashtra,2022-12-18,Silver
2985,Karan,Joshi,karan.joshi2985@outlook.com,9159855003,Female,1976-05-28,Bengaluru,Karnataka,2023-11-17,Gold
2986,Kiran,Shetty,kiran.shetty2986@outlook.com,,Female,2002-12-24,Chennai,Tamil Nadu,2025-03-19,Gold
2987,Deepak,Kumar,deepak.kumar2987@example.com,9953802109,Male,1991-04-02,Bengaluru,Karnataka,2024-07-03,Gold
2988,Arjun,Naidu,arjun.naidu2988@outlook.com,9209924647,Other,1982-07-16,Mumbai,Maharashtra,2023-05-11,Bronze
2989,Aarav,Shetty,aarav.shetty2989@yahoo.com,9285060891,Male,1997-06-18,Mysuru,Karnataka,2022-08-19,Bronze
2990,Vikram,Menon,vikram.menon2990@gmail.com,9530600829,Male,2000-12-29,Pune,Maharashtra,2022-07-17,Gold
2991,Aarav,Verma,,9554327603,Female,1996-03-28,Gurugram,Haryana,2023-06-01,Gold
2992,Ananya,Gupta,ananya.gupta2992@yahoo.com,9842218320,Male,1999-09-24,Kolkata,West Bengal,2025-01-06,Bronze
2993,Kiran,Pillai,kiran.pillai2993@gmail.com,9837734166,Male,1977-11-15,Coimbatore,Tamil Nadu,2024-01-27,Bronze
2994,Meera,Menon,meera.menon2994@outlook.com,9213650571,Male,1978-10-04,Mumbai,Maharashtra,2022-03-23,Bronze
2995,Aarav,Naidu,aarav.naidu2995@yahoo.com,9483090027,Male,1974-04-21,Mumbai,Maharashtra,2025-06-11,Silver
2996,Meera,Bose,meera.bose2996@example.com,9620909413,Female,1992-10-27,Mumbai,Maharashtra,2023-07-09,Gold
2997,Karan,Verma,karan.verma2997@gmail.com,9314646917,Female,1997-02-08,Pune,Maharashtra,2023-06-19,Silver
2998,Divya,Kapoor,divya.kapoor2998@example.com,9203393793,Male,1991-05-28,Chennai,Tamil Nadu,2025-01-26,Bronze
2999,Aditya,Gupta,aditya.gupta2999@yahoo.com,9194473590,Other,1988-12-14,Kochi,Kerala,2023-06-01,Bronze
3000,Ramesh,Bose,ramesh.bose3000@yahoo.com,9735964961,Female,1995-10-30,Bengaluru,Karnataka,2024-04-24,Gold
