customer_id,first_name,last_name,email,phone,gender,date_of_birth,city,state,signup_date,loyalty_tier
311,Meera,Pillai,meera.pillai311@example.com,09499911171,male,12-19-1966,mumbai,Maharashtra,2025-03-30,Gold
749,Ananya,Chopra,ANANYA.CHOPRA749@EXAMPLE.COM,98832-19452,M,08-07-1986,gurugram,Haryana,2024-04-29,Bronze
225,diya,VERMA,diya.verma225@example.com,,Female,1994-06-30,Chennai,Tamil Nadu,2022-09-11,Bronze
2318,Kavya,Iyer,kavya.iyer2318@example.com,9580393924,F,16-Sep-1977,Delhi,Delhi,2022-07-19,Silver
2086,Ishaan,Menon,ishaan.menon2086@gmail.com,90982-80213,female,12-08-1989,chennai ,Tamil Nadu,2023-08-09,Bronze
934, SNEHA ,Gupta,sneha.gupta934@example.com,09966498985,Female,1973-01-18,delhi,Delhi,2023-12-04,Silver
112,Meera,Chopra,meera.chopra112@example.com,9505011109,M,08/02/2002,Chennai,Tamil Nadu,2025-06-13,Bronze
1585, AARAV ,DAS,AARAV.DAS1585@OUTLOOK.COM,09738114476,Female,01/08/1976,Pune,Maharashtra,2025-03-11,Bronze
2760,Aarav,Patel,AARAV.PATEL2760@YAHOO.COM,91007-34825,M,1965-08-07,mumbai,Maharashtra,2024-04-29,Bronze
1712,Karan,Naidu,karan.naidu1712@example.com,+91 91491 57400,F,19/10/1968,Hyderabad,Telangana,2022-08-04,Silver
2495,Siddharth,Naidu,siddharth.naidu2495@example.com,9319894393,Female,08-14-1998,ahmedabad,Gujarat,,Bronze
2894,Diya,Verma,diya.verma2894@yahoo.com,+91-9199155748,MALE,1998-11-22,pune,Maharashtra,2022-07-14,Gold
918,Aarav,Gupta,aarav.gupta918@yahoo.com,+91 90997 70953,f,06-16-1988,Bengaluru,Karnataka,2023-11-05,Gold
1342,Ananya,Chopra,ananya.chopra1342@example.com,9834060247,MALE,24-Feb-1976,gurugram,Haryana,2022-04-09,Bronze
647,Ishaan,Gupta,ishaan.gupta647@yahoo.com,+91-9810668683,Male,18-Mar-1978,bangalore,Karnataka,2024-03-12,Bronze
2852,Diya,Nair,diya.nair2852@gmail.com,9123754417,M,01-Jun-1984,hyderabad,Telangana,2023-04-23,Silver
2195,Ishaan,Sharma,ishaan.sharma2195@outlook.com,9491743240,female,07-28-1999,Bombay,Maharashtra,2023-04-13,Gold
1533,Divya,Chopra,divya.chopra1533@yahoo.com,09429564166,M,12-04-2003,mumbai,Maharashtra,2025-03-19,Bronze
2774,Siddharth,Patel,siddharth.patel2774@gmail.com,9362947785,F,26/05/1990,bangalore,Karnataka,2025-08-31,Bronze
2964,Tanvi,Das,tanvi.das2964@example.com,09328946625,f,01-26-1967,Bombay,Maharashtra,2022-11-16,Platinum
650,Sneha,MEHTA,SNEHA.MEHTA650@EXAMPLE.COM,9868895904,Male,13/10/1983,Bengaluru,Karnataka,2023-01-22,Bronze
1649,pooja,Singh,pooja.singh1649@outlook.com,+91 95264 92548,male,04-01-1972,Ahmedabad,Gujarat,2024-06-18,Bronze
1545,Priya,Menon,priya.menon1545@example.com,97696-96017,Female,25-Apr-1968,hyderabad,Telangana,2022-07-27,Bronze
792,Harini,Kumar,harini.kumar792@example.com,9958107080,male,07-Oct-1991,Hyderabad,Telangana,2025-08-10,Bronze
902, SANTOSH ,Reddy,santosh.reddy902@yahoo.com,,Female,30-Aug-2002,chennai ,Tamil Nadu,2023-06-09,Silver
1052, PRIYA ,Rao,priya.rao1052@outlook.com,09331828304,MALE,12-08-1987,BLR,Karnataka,2024-09-07,Gold
610,Manoj,Bose,manoj.bose610@gmail.com,+91-9768075725,M,1965-07-15,hyderabad,Telangana,2024-01-24,Gold
2414,Rohan,Naidu,rohan.naidu2414@example.com,9211879399,Male,1985-06-13,mumbai,Maharashtra,2023-12-14,Silver
1223, DIYA ,Mehta,diya.mehta1223@outlook.com,9442403033,f,05-Jul-1974,ahmedabad,Gujarat,2024-10-05,Silver
2959,Priya,Sharma,priya.sharma2959@yahoo.com,9722916319,male,08-15-2000,Madras,Tamil Nadu,2024-05-27,Gold
1987, DIVYA ,BOSE,divya.bose1987@yahoo.com,91340-66700,female,17-Aug-1984,Chennai,Tamil Nadu,2025-08-28,Bronze
1219,Rahul,Joshi,rahul.joshi1219@yahoo.com,09735947302,M,01-13-1973,Pune,Maharashtra,2022-03-26,Silver
84,Harini,Sharma,harini.sharma84@example.com,09946509620,male,07-27-1970,mysuru,Karnataka,2023-10-11,Silver
2884,Siddharth,Menon,siddharth.menon2884@example.com,09884145330,male,26-Mar-1980,Coimbatore,Tamil Nadu,2023-09-15,Bronze
1359,Swathi,Shetty,swathi.shetty1359@example.com,09107488173,Male,1969-09-10,New Delhi,Delhi,2025-03-04,Bronze
1539, VIKRAM ,Iyer,vikram.iyer1539@gmail.com,96096-75690,MALE,01-08-1981,Gurugram,Haryana,2023-06-29,Bronze
2166, MANOJ ,Singh,manoj.singh2166@outlook.com,9626242363,f,1970-04-16,Madras,Tamil Nadu,2023-04-02,Bronze
1645,Arjun,Kapoor,arjun.kapoor1645@yahoo.com,96241-60611,Female,01-03-1993,chennai ,Tamil Nadu,2025-05-05,Bronze
664,vikram,Patel,vikram.patel664@outlook.com,98537-81696,f,20-Nov-1966,Bengaluru,Karnataka,2022-02-27,Silver
1256, SANTOSH ,REDDY,santosh.reddy1256@outlook.com,9035277878,male,1979-06-05,kolkata,West Bengal,2022-11-02,Bronze
1577,Harini,KAPOOR,harini.kapoor1577outlook.com,9309538729,F,11/07/1980,gurugram,Haryana,2025-06-04,Bronze
1442,Tanvi,Iyer,tanvi.iyer1442@example.com,09908000173,female,10-Mar-1994,Bangalore ,Karnataka,2023-05-24,Bronze
2095,ananya,Chopra,ananya.chopra2095@gmail.com,9891400468,MALE,18-Feb-1978,Ahmedabad,Gujarat,2024-06-04,Bronze
286,Kiran,KUMAR,kiran.kumar286@gmail.com,09219646243,F,02-08-1974,Hyderabad,Telangana,2024-12-12,Bronze
2897,vikram,Das,vikram.das2897@gmail.com,+91 96431 79520,male,17-Feb-1974,Kochi,Kerala,2024-03-10,Bronze
428,Riya,Naidu,riya.naidu428@outlook.com,+91-9036330620,MALE,14/05/1969,kolkata,West Bengal,2022-08-29,Gold
2471, POOJA ,Kumar,pooja.kumar2471outlook.com,09409710606,male,13-Apr-1992,Hyderabad,Telangana,2025-05-14,Bronze
522,aditya,Das,aditya.das522@yahoo.com,93344-80829,MALE,2004-05-14,hyderabad,Telangana,2022-09-11,Silver
2349,Manoj,Reddy,manoj.reddy2349@gmail.com,09178824410,male,02-Sep-1974,Bangalore ,Karnataka,2023-10-15,Platinum
2154,Tanvi,Shetty,tanvi.shetty2154@gmail.com,9338446874,Female,08-Apr-1987,gurugram,Haryana,2023-04-03,Bronze
2177,ishaan,Menon,ISHAAN.MENON2177@GMAIL.COM,9713278770,f,1993-11-09,hyderabad,Telangana,2025-09-10,Bronze
486,Harini,Pillai,HARINI.PILLAI486@GMAIL.COM,09005696290,female,1966-02-27,hyderabad,Telangana,2022-02-07,Silver
757, NEHA ,Singh,neha.singh757@gmail.com,96932-75494,f,N/A,Madurai,Tamil Nadu,2022-09-30,Bronze
1548,Lakshmi,Kapoor,lakshmi.kapoor1548@gmail.com,+91 99928 74388,MALE,1986-10-09,Delhi,Delhi,2022-10-06,Bronze
839, VIVAAN ,Iyer,vivaan.iyer839@gmail.com,+91-9571022371,Other,1982-04-26,Hyderabad,Telangana,2022-05-21,Bronze
1607,neha,Das,neha.das1607@outlook.com,+91-9909290832,female,09/04/1967,kochi,Kerala,2025-01-11,Bronze
1959,Kiran,Joshi,kiran.joshi1959@example.com,+91-9461380168,Male,12/08/1996,kolkata,West Bengal,2024-11-26,Silver
1822,Neha,Patel,neha.patel1822@example.com,+91-9681890990,f,N/A,Bombay,Maharashtra,2022-08-01,Gold
1825, LAKSHMI ,Joshi,lakshmi.joshi1825example.com,99520-58790,Other,04-May-2002,Delhi,Delhi,2022-03-17,Bronze
1631,Siddharth,Iyer,siddharth.iyer1631@yahoo.com,09042427057,Female,31/08/1978,mumbai,Maharashtra,2025-07-02,Bronze
632, VIVAAN ,Sharma,vivaan.sharma632@outlook.com,09736252348,MALE,2002-08-16,kolkata,West Bengal,2022-04-09,Silver
1560,Naveen,Chopra,naveen.chopra1560@yahoo.com,+91 90734 02475,f,24/07/1997,Kolkata,West Bengal,2023-02-24,Silver
205,Vivaan,Rao,vivaan.rao205@yahoo.com,+91-9407515269,male,26/10/1971,Bengaluru,Karnataka,2023-03-29,Bronze
2534,Priya,Gupta,priya.gupta2534@outlook.com,09661875455,f,30/11/1983,Bengaluru,Karnataka,2024-03-18,Bronze
1866,neha,Joshi,neha.joshi1866@gmail.com,9608934650,male,1984-12-17,kolkata,West Bengal,2024-09-14,Bronze
765,Meera,PILLAI,meera.pillai765@gmail.com,09038339369,MALE,2003-10-20,ahmedabad,Gujarat,2025-04-17,Bronze
2823,Tanvi,Menon,tanvi.menon2823@gmail.com,09073439565,F,04/04/1995,Bangalore ,Karnataka,2022-08-29,Bronze
2083,Neha,Joshi,NEHA.JOSHI2083@OUTLOOK.COM,9558921223,M,14-Mar-1973,New Delhi,Delhi,2024-06-10,Bronze
2672, ADITYA ,Verma,aditya.verma2672@yahoo.com,+91-9119734094,M,24-Mar-2002,hyderabad,Telangana,2025-03-24,Bronze
1568,karan,Gupta,karan.gupta1568@gmail.com,+91 98617 40629,Female,12-11-1973,Bangalore ,Karnataka,,Bronze
2174,pooja,Menon,pooja.menon2174@yahoo.com,9781485018,Female,10-Nov-1992,Mysuru,Karnataka,2024-11-28,Silver
2544,meera,Kapoor,meera.kapoor2544@example.com,92002-91614,Other,01-18-1999,chennai ,Tamil Nadu,2023-11-25,Gold
1991, RAHUL ,Gupta,rahul.gupta1991@example.com,+91-9767881851,Female,02/06/2003,Bangalore ,Karnataka,2025-03-04,Silver
696, RIYA ,Joshi,riya.joshi696@yahoo.com,+91 99234 79759,M,04-27-1998,mumbai,Maharashtra,2022-03-16,Gold
2388, DIVYA ,Kapoor,divya.kapoor2388@example.com,+91-9114016246,F,11-06-1983,BLR,Karnataka,2022-12-27,Bronze
689,santosh,Patel,santosh.patel689@example.com,09345285248,Female,31/07/1993,New Delhi,Delhi,2022-01-15,Bronze
992, LAKSHMI ,Reddy,lakshmi.reddy992@outlook.com,09825122561,male,1971-06-06,delhi,Delhi,2025-02-07,Bronze
1047,Riya,Kumar,riya.kumar1047@gmail.com,+91 96647 60862,M,09-02-1997,chennai ,Tamil Nadu,2025-01-02,Silver
632, VIVAAN ,Sharma,vivaan.sharma632@outlook.com,09736252348,MALE,2002-08-16,kolkata,West Bengal,2022-04-09,Silver
939,Ramesh,Rao,RAMESH.RAO939@GMAIL.COM,98402-30358,male,09-21-1988,ahmedabad,Gujarat,2023-07-07,Silver
1911,vivaan,Rao,vivaan.rao1911@gmail.com,+91-9477624836,NA,1989-10-06,BLR,Karnataka,2023-04-30,Silver
394,Pooja,Mehta,pooja.mehta394example.com,9126202911,M,08-08-1987,Delhi,Delhi,2023-10-06,Bronze
273, RIYA ,Kapoor,riya.kapoor273@outlook.com,91256-32296,female,05-20-1969,bangalore,Karnataka,2024-07-08,Bronze
601,Ishaan,Menon,ishaan.menon601@yahoo.com,+91 96715 53267,Male,15-Sep-1976,Mumbai,Maharashtra,2022-03-18,Silver
248, KAVYA ,KAPOOR,kavya.kapoor248@example.com,95323-62326,f,1978-12-10,hyderabad,Telangana,2024-03-02,Silver
2252,Ishaan,Rao,ishaan.rao2252@example.com,9871226889,M,27/01/1977,New Delhi,Delhi,2023-02-17,Bronze
851, ANANYA ,Nair,ananya.nair851@example.com,09381156573,O,2003-01-12,Madras,Tamil Nadu,2024-04-26,Silver
2216,Manoj,Menon,MANOJ.MENON2216@OUTLOOK.COM,+91-9540966179,male,2002-11-13,bangalore,Karnataka,2023-06-23,Bronze
928,vikram,Reddy,vikram.reddy928@gmail.com,+91 90698 05546,f,15/04/1971,kolkata,West Bengal,2024-08-01,Bronze
2880,siddharth,BOSE,SIDDHARTH.BOSE2880@YAHOO.COM,92656-98321,F,1981-10-30,BLR,Karnataka,2024-09-17,Silver
534, ROHAN ,Joshi,,99353-77282,M,10-12-1983,pune,Maharashtra,2022-12-08,Bronze
2954,Pooja,Pillai,pooja.pillai2954@example.com,9284034284,f,07/05/1984,Ahmedabad,Gujarat,2022-04-12,Bronze
1350,Ramesh,Nair,ramesh.nair1350@gmail.com,9493615397,M,27-Jan-1981,bangalore,Karnataka,2024-03-05,Silver
1801, PRIYA ,Das,priya.das1801@gmail.com,09038085348,male,27-Sep-1968,Pune,Maharashtra,,Bronze
2480, TANVI ,Gupta,tanvi.gupta2480@example.com,9334215806,F,12-Jan-1981,Jaipur,Rajasthan,2024-09-03,Bronze
2735,Ramesh,Kumar,ramesh.kumar2735@outlook.com,+91-9489069703,F,16-Jul-1979,chennai ,Tamil Nadu,2024-10-13,Silver
875,kavya,Kapoor,kavya.kapoor875@gmail.com,+91-9086305980,male,12-Jun-1986,delhi,Delhi,2024-05-07,Bronze
2120,Lakshmi,IYER,lakshmi.iyer2120@yahoo.com,+91 90938 37369,female,05-Nov-2003,Madras,Tamil Nadu,2024-03-22,Bronze
505,priya,Sharma,priya.sharma505@example.com,+91 98608 44842,F,1988-04-17,Mumbai,Maharashtra,2025-09-28,Silver
2341,Swathi,Shetty,swathi.shetty2341@example.com,98704-15593,Male,02-03-1981,chennai ,Tamil Nadu,2023-10-15,Silver
12, RAMESH ,Gupta,ramesh.gupta12@gmail.com,9452362749,female,14-Mar-1993,jaipur,Rajasthan,2024-11-01,Bronze
2491,Priya,Das,PRIYA.DAS2491@EXAMPLE.COM,09752765621,MALE,1987-06-29,kochi,Kerala,2022-10-01,Silver
700, DIYA ,PILLAI,DIYA.PILLAI700@YAHOO.COM,+91-9628531490,f,1965-11-29,coimbatore,Tamil Nadu,2023-11-25,Bronze
1100,divya,Shetty,divya.shetty1100@outlook.com,9861167755,male,28-Nov-1970,mysuru,Karnataka,2022-12-13,Bronze
745,Swathi,Das,swathi.das745@example.com,+91-9275766081,Male,10/12/1968,mumbai,Maharashtra,2024-05-12,Gold
967,Harini,Pillai,harini.pillai967@example.com,09760192439,Female,11-16-1969,Kochi,Kerala,2024-09-11,Silver
2036, KAVYA ,Nair,kavya.nair2036@outlook.com,9473378167,F,1996-09-02,Gurugram,Haryana,2023-08-13,Silver
2336,Priya,KAPOOR,priya.kapoor2336@example.com,9476579511,female,13/01/1998,Delhi,Delhi,2025-05-02,Bronze
2517,neha,Mehta,neha.mehta2517@outlook.com,+91 90809 79009,female,02-02-1983,mysuru,Karnataka,2023-01-16,Silver
1070, MANOJ ,RAO,manoj.rao1070@example.com,+91-9908780038,Female,09-01-2001,Hyderabad,Telangana,2025-03-27,Silver
558,Siddharth,Patel,siddharth.patel558@example.com,+91-9985507680,Male,14/07/1977,Mumbai,Maharashtra,2024-10-15,Bronze
2282, DIYA ,Gupta,diya.gupta2282@outlook.com,9156467532,Female,1965-04-25,Madras,Tamil Nadu,2024-09-23,Bronze
809,Vivaan,Iyer,vivaan.iyer809@yahoo.com,+91 92060 85749,MALE,12-04-1995,Bombay,Maharashtra,2025-08-22,Gold
342,Kiran,NAIR,kiran.nair342@yahoo.com,94803-56638,female,1971-11-05,kochi,Kerala,2022-09-26,Gold
2680, LAKSHMI ,Nair,lakshmi.nair2680@gmail.com,+91-9396443848,f,N/A,madurai,Tamil Nadu,2022-01-22,Silver
900,lakshmi,Joshi,lakshmi.joshi900@yahoo.com,94461-46659,Female,11-28-1978,Mumbai,Maharashtra,2022-10-15,Bronze
2293,Vivaan,Pillai,vivaan.pillai2293@example.com,9182143918,MALE,08/08/1995,pune,Maharashtra,2023-05-18,Silver
2033,tanvi,Rao,tanvi.rao2033@outlook.com,91465-16931,female,2004-08-15,madurai,Tamil Nadu,2023-11-11,Bronze
2197,Ananya,Nair,ananya.nair2197@outlook.com,+91-9637986789,F,2003-04-28,Bangalore ,Karnataka,2024-10-21,Bronze
892,Ananya,Bose,ananya.bose892@yahoo.com,09351808682,M,19/04/1976,kochi,Kerala,2025-08-06,Gold
351,Ananya,Joshi,ananya.joshi351@example.com,+91-9184484828,F,2003-06-27,Pune,Maharashtra,2022-09-15,Gold
2091, NEHA ,Menon,neha.menon2091@example.com,+91 93581 82010,MALE,1992-09-11,Hyderabad,Telangana,2024-12-14,Bronze
1272,Vivaan,Das,vivaan.das1272@example.com,+91-9362561030,female,1965-12-22,Hyderabad,Telangana,2025-06-27,Silver
440,Siddharth,Iyer,siddharth.iyer440@outlook.com,+91 92790 57721,Female,1971-06-26,Pune,Maharashtra,2024-02-12,Bronze
1949,riya,Naidu,riya.naidu1949@yahoo.com,+91 94957 97566,M,27-Jun-1991,BLR,Karnataka,2022-12-17,Gold
2923,Tanvi,Verma,,09774508795,Male,1993-04-03,mysuru,Karnataka,2023-06-30,Bronze
2886,swathi,Iyer,swathi.iyer2886gmail.com,09798187724,male,19-Jul-2004,Madras,Tamil Nadu,2022-11-25,Silver
2396,swathi,Naidu,swathi.naidu2396@yahoo.com,+91 92924 60296,female,04-13-1992,lucknow,Uttar Pradesh,2023-12-28,Bronze
983,Kiran,Singh,kiran.singh983@outlook.com,96455-60955,male,15/02/1982,delhi,Delhi,2024-12-04,Silver
1183,Vivaan,Sharma,VIVAAN.SHARMA1183@OUTLOOK.COM,+91 90910 45210,f,1983-04-01,bangalore,Karnataka,2025-04-19,Bronze
782,Ishaan,Reddy,ishaan.reddy782yahoo.com,+91 90028 44327,male,01-Mar-1990,ahmedabad,Gujarat,2023-02-04,Silver
2165,Vikram,Menon,vikram.menon2165yahoo.com,+91 90325 44197,M,05/02/1991,kolkata,West Bengal,2025-09-10,Bronze
2977, DEEPAK ,Das,deepak.das2977@outlook.com,+91 97627 24130,Male,04-21-1976,pune,Maharashtra,2024-05-13,Bronze
181,Diya,Kapoor,DIYA.KAPOOR181@YAHOO.COM,+91-9078171990,Male,23-Dec-2001,ahmedabad,Gujarat,2024-04-10,Bronze
1599,Aarav,Bose,aarav.bose1599@gmail.com,09475581975,Male,02-20-1972,Gurugram,Haryana,2023-02-05,Bronze
1028, KIRAN ,Chopra,kiran.chopra1028@yahoo.com,92754-49908,male,1997-04-10,hyderabad,Telangana,2023-01-30,Bronze
2313, PRIYA ,Chopra,priya.chopra2313@outlook.com,+91-9102777119,MALE,N/A,hyderabad,Telangana,2025-04-25,Gold
475,Rahul,Nair,rahul.nair475@gmail.com,09101867674,MALE,10-15-1973,Chennai,Tamil Nadu,2025-04-03,Silver
891,ishaan,Menon,ISHAAN.MENON891@EXAMPLE.COM,,Female,1980-11-22,Madurai,Tamil Nadu,2023-01-29,Silver
896,Deepak,Pillai,deepak.pillai896@yahoo.com,90531-90522,male,19-Jan-1986,ahmedabad,Gujarat,2025-01-26,Silver
1076,Riya,Nair,riya.nair1076@gmail.com,,Male,06-06-1974,coimbatore,Tamil Nadu,2023-09-16,Gold
71,arjun,Iyer,arjun.iyer71@gmail.com,+91 97608 41894,female,1968-09-09,chennai ,Tamil Nadu,2025-08-12,Silver
2663,Tanvi,Kapoor,tanvi.kapoor2663@example.com,09273367557,NA,22/04/1967,Hyderabad,Telangana,2025-07-14,Silver
2851,rahul,Kumar,rahul.kumar2851@outlook.com,+91 96478 48031,Male,10-Jul-1982,hyderabad,Telangana,2025-09-20,Silver
459,ananya,Pillai,ANANYA.PILLAI459@YAHOO.COM,9779320168,F,06/08/1975,Gurugram,Haryana,2022-06-20,Silver
1687,Aditya,Chopra,ADITYA.CHOPRA1687@YAHOO.COM,90751-51722,female,10-23-2004,Bombay,Maharashtra,2022-12-14,Bronze
154,ananya,BOSE,ananya.bose154@outlook.com,+91 91213 62592,male,09-20-1997,Bombay,Maharashtra,2024-11-25,Bronze
1093, PRIYA ,Menon,priya.menon1093@yahoo.com,09188516470,female,1976-09-08,Madras,Tamil Nadu,2024-11-22,Bronze
1254,Swathi,Mehta,swathi.mehta1254@yahoo.com,09713858869,Female,26/12/1973,Pune,Maharashtra,2023-05-01,Bronze
860,Lakshmi,Patel,LAKSHMI.PATEL860@EXAMPLE.COM,+91 98310 03924,male,05-02-1998,mumbai,Maharashtra,2023-05-08,Silver
1701,Neha,Kumar,NEHA.KUMAR1701@OUTLOOK.COM,+91-9431069386,MALE,01-14-1995,Ahmedabad,Gujarat,2022-05-05,Gold
1491,Arjun,Kapoor,arjun.kapoor1491@outlook.com,+91 90544 08199,Female,07-12-1966,BLR,Karnataka,2022-07-29,Bronze
2405, DIVYA ,Bose,DIVYA.BOSE2405@OUTLOOK.COM,94662-98550,Female,14-Apr-1974,Gurugram,Haryana,2024-12-08,Gold
2110, LAKSHMI ,Joshi,lakshmi.joshi2110@yahoo.com,9746942885,Female,07-23-1998,mysuru,Karnataka,2024-08-21,Silver
2391,Kiran,Sharma,kiran.sharma2391@outlook.com,09475463678,f,14-Mar-1979,mumbai,Maharashtra,2023-12-17,Silver
2986,Kiran,Shetty,kiran.shetty2986@outlook.com,,f,24-Dec-2002,Madras,Tamil Nadu,2025-03-19,Gold
1573,Rohan,Nair,rohan.nair1573@yahoo.com,9707824401,male,08-01-1982,mumbai,Maharashtra,2023-04-26,Platinum
1778,Harini,KUMAR,harini.kumar1778@example.com,+91 92410 47226,f,27-Jul-1966,hyderabad,Telangana,2022-08-19,Gold
288, VIVAAN ,Sharma,VIVAAN.SHARMA288@YAHOO.COM,+91 90525 18665,F,07-Jan-1992,Hyderabad,Telangana,2025-08-30,Silver
1131,Siddharth,Patel,siddharth.patel1131@outlook.com,9434460389,male,2004-10-05,Lucknow,Uttar Pradesh,2022-03-12,Silver
1647,pooja,Gupta,pooja.gupta1647@gmail.com,09289358293,male,11-11-1992,chennai ,Tamil Nadu,2023-11-25,Silver
86,Deepak,Shetty,deepak.shetty86@gmail.com,+91-9632458256,Female,02-Aug-1979,BLR,Karnataka,2022-08-08,Silver
2260,Harini,Singh,HARINI.SINGH2260@YAHOO.COM,+91-9430071113,female,25/04/1980,hyderabad,Telangana,2024-07-07,Gold
169,Lakshmi,JOSHI,lakshmi.joshi169@outlook.com,90443-93266,M,2000-04-21,Coimbatore,Tamil Nadu,2022-08-26,Bronze
363, DEEPAK ,Naidu,deepak.naidu363@gmail.com,09054520210,F,1989-12-14,Bangalore ,Karnataka,2023-09-21,Bronze
229,Aarav,Bose,AARAV.BOSE229@OUTLOOK.COM,+91-9897824237,Male,30/07/1967,Pune,Maharashtra,2023-12-01,Gold
959, VIKRAM ,Singh,vikram.singh959@outlook.com,+91 99911 83056,male,06-02-2004,Bombay,Maharashtra,2025-05-27,Platinum
751,Manoj,Patel,MANOJ.PATEL751@YAHOO.COM,9278926215,MALE,1999-05-23,chennai ,Tamil Nadu,2022-11-20,Gold
1178,Ramesh,Naidu,ramesh.naidu1178@gmail.com,98671-14305,NA,1995-11-30,hyderabad,Telangana,2025-04-02,Bronze
1792,Sneha,Mehta,sneha.mehta1792@example.com,+91 92552 24688,female,1997-12-26,coimbatore,Tamil Nadu,2024-07-19,Gold
1120,Neha,Verma,neha.verma1120@example.com,+91-9323132030,female,12-19-1991,ahmedabad,Gujarat,2022-04-22,Silver
908,Vivaan,Shetty,vivaan.shetty908@gmail.com,94117-15691,f,05/09/1991,bangalore,Karnataka,2024-11-01,Silver
491,swathi,REDDY,swathi.reddy491@gmail.com,+91-9641572487,M,1972-07-16,New Delhi,Delhi,2025-09-12,Bronze
2076, DIVYA ,RAO,divya.rao2076@yahoo.com,95740-37667,Female,16/11/1989,Bombay,Maharashtra,2022-08-13,Bronze
1666,Priya,REDDY,priya.reddy1666@example.com,+91-9895693153,M,18-May-1993,kolkata,West Bengal,2023-07-20,Bronze
66,Rahul,JOSHI,rahul.joshi66@gmail.com,,female,02-Dec-1980,Mumbai,Maharashtra,2023-04-17,Bronze
968,Pooja,Nair,pooja.nair968@gmail.com,+91 98465 69615,male,07-09-1990,mysuru,Karnataka,,Bronze
184,harini,Kumar,harini.kumar184@outlook.com,+91-9172851895,female,08-25-1986,Coimbatore,Tamil Nadu,2025-01-11,Silver
735,Siddharth,Gupta,siddharth.gupta735outlook.com,09967097615,Male,04-19-1981,BLR,Karnataka,2022-05-09,Silver
732,Siddharth,Iyer,,+91 94013 60990,F,01/07/1975,Bangalore ,Karnataka,2023-01-02,Bronze
2942,Harini,Gupta,harini.gupta2942@yahoo.com,90220-94163,MALE,1974-06-05,Madras,Tamil Nadu,2024-11-26,Gold
380,Vikram,Chopra,vikram.chopra380@gmail.com,+91-9308994020,MALE,05-07-1991,Delhi,Delhi,2025-09-11,Bronze
382,Rohan,KUMAR,rohan.kumar382@gmail.com,+91-9818262143,F,07-21-1983,jaipur,Rajasthan,2025-04-12,Bronze
1318, SWATHI ,Kumar,swathi.kumar1318@outlook.com,+91 97982 63804,Other,2002-03-23,Bangalore ,Karnataka,2022-09-11,Bronze
998,Diya,Gupta,diya.gupta998@yahoo.com,+91 97822 58142,MALE,01-20-2004,BLR,Karnataka,2024-01-14,Bronze
1877,Priya,Sharma,priya.sharma1877@example.com,9722033906,Female,1993-12-06,Chennai,Tamil Nadu,2023-02-08,Bronze
2677,Ramesh,KAPOOR,ramesh.kapoor2677@gmail.com,+91 97909 95065,Female,12-Jul-1966,mumbai,Maharashtra,2022-05-01,Silver
541,Naveen,SHARMA,naveen.sharma541@example.com,+91 92805 15770,F,03/01/1975,lucknow,Uttar Pradesh,2022-11-01,Bronze
672,Ananya,Bose,ananya.bose672gmail.com,09481593044,M,1998-02-09,Bombay,Maharashtra,2022-04-18,Gold
1169,Diya,Kapoor,diya.kapoor1169@gmail.com,09288434681,f,27-Jul-2004,Gurugram,Haryana,2022-06-01,Bronze
1658, NAVEEN ,MEHTA,naveen.mehta1658@outlook.com,09435568271,Female,11-Mar-1983,kolkata,West Bengal,2025-02-10,Bronze
2576,karan,Bose,karan.bose2576@outlook.com,94647-20786,Female,2000-08-24,Pune,Maharashtra,2023-03-18,Bronze
2891,Harini,Kumar,harini.kumar2891@yahoo.com,9166413263,f,04/10/1992,mysuru,Karnataka,2023-05-31,Platinum
982, RIYA ,Sharma,riya.sharma982@outlook.com,09313686051,F,09-Nov-1980,gurugram,Haryana,2024-04-13,Bronze
1644,Sneha,Rao,sneha.rao1644@yahoo.com,+91-9486351939,female,N/A,Madras,Tamil Nadu,2023-04-04,Bronze
2553,neha,Joshi,neha.joshi2553@gmail.com,+91-9646966861,female,03-07-1971,pune,Maharashtra,2025-04-26,Bronze
2948, VIVAAN ,Shetty,vivaan.shetty2948@example.com,09135106637,F,18-May-1998,gurugram,Haryana,2023-03-16,Bronze
2931, DIVYA ,Reddy,divya.reddy2931@example.com,9919158954,female,02-11-1985,Bombay,Maharashtra,2023-07-14,Bronze
726,Riya,Patel,riya.patel726@outlook.com,95087-43843,Male,03-18-1990,Bengaluru,Karnataka,2023-02-15,Bronze
70,Kiran,DAS,kiran.das70@example.com,+91-9909880539,M,27/06/1983,hyderabad,Telangana,2022-08-04,Silver
1395, RIYA ,Patel,riya.patel1395@outlook.com,+91-9408593061,Female,30/10/1974,kolkata,West Bengal,2022-12-15,Bronze
313, VIVAAN ,Mehta,vivaan.mehta313@gmail.com,09678016763,female,05-Oct-1994,chennai ,Tamil Nadu,2025-03-29,Bronze
1785, MEERA ,Bose,meera.bose1785example.com,+91 90348 45032,Male,31-Mar-1965,chennai ,Tamil Nadu,2024-11-07,Gold
607,Swathi,Singh,swathi.singh607@outlook.com,+91 94357 61970,female,09-19-1998,kolkata,West Bengal,2022-07-21,Silver
1993,santosh,Naidu,santosh.naidu1993@outlook.com,91022-39962,Male,11-11-1965,Madurai,Tamil Nadu,2025-09-04,Silver
2863,Lakshmi,Rao,lakshmi.rao2863@example.com,+91 96365 79078,Female,11-28-1997,Coimbatore,Tamil Nadu,2023-01-26,Bronze
1578,ananya,Singh,ananya.singh1578@yahoo.com,09524182409,M,25/08/1973,Kolkata,West Bengal,2023-08-18,Platinum
2635,Lakshmi,MEHTA,lakshmi.mehta2635@outlook.com,+91 91761 93202,MALE,1970-05-28,Bombay,Maharashtra,2022-10-21,Bronze
333, KARAN ,Rao,karan.rao333@gmail.com,+91 99120 16852,F,15/06/2002,New Delhi,Delhi,2024-01-04,Silver
510,Vivaan,Naidu,vivaan.naidu510@gmail.com,+91 94597 62932,female,29-Dec-1997,Bangalore ,Karnataka,2024-06-01,Silver
2145, SNEHA ,Joshi,sneha.joshi2145@gmail.com,+91-9276901623,F,1982-04-25,Coimbatore,Tamil Nadu,2024-08-25,Silver
1775,Aditya,Nair,aditya.nair1775@yahoo.com,+91-9031303788,f,20-Aug-1987,Pune,Maharashtra,2024-08-13,Gold
750, NEHA ,Das,neha.das750@outlook.com,9345173201,Female,1987-12-07,Kolkata,West Bengal,2025-09-25,Bronze
834, SNEHA ,Chopra,sneha.chopra834@yahoo.com,09064846913,O,21/01/1981,Pune,Maharashtra,2023-08-08,Bronze
555, PRIYA ,Kumar,priya.kumar555@gmail.com,+91-9789478047,M,01/03/1972,Bangalore ,Karnataka,2022-05-20,Gold
204,Rohan,Naidu,rohan.naidu204@yahoo.com,09256040127,MALE,1985-10-17,Mysuru,Karnataka,2024-11-06,Gold
1492,Manoj,JOSHI,MANOJ.JOSHI1492@GMAIL.COM,+91 98140 68503,O,09-09-1996,kolkata,West Bengal,2023-09-26,Silver
2425,Vivaan,Singh,vivaan.singh2425@outlook.com,+91-9433993823,Male,1999-08-11,ahmedabad,Gujarat,2025-09-12,Bronze
1048, DIYA ,Rao,diya.rao1048@gmail.com,+91 92920 02647,Male,1985-06-05,delhi,Delhi,2024-11-16,Silver
977,Ramesh,REDDY,RAMESH.REDDY977@YAHOO.COM,9709814163,F,03/05/1970,hyderabad,Telangana,2023-02-21,Silver
7,Vikram,Pillai,vikram.pillai7@outlook.com,9807000856,F,10-02-1984,New Delhi,Delhi,2024-12-13,Bronze
2199,Neha,Das,neha.das2199@yahoo.com,09380925772,M,11/09/1980,chennai ,Tamil Nadu,2024-11-15,Gold
1932,Aditya,Bose,aditya.bose1932@example.com,09191403128,Female,28/05/1965,pune,Maharashtra,2024-10-02,Silver
1222,Tanvi,Nair,tanvi.nair1222@gmail.com,9953836475,male,2002-09-12,Chennai,Tamil Nadu,2023-06-12,Silver
1623,Divya,Shetty,divya.shetty1623@gmail.com,9522700358,MALE,01/05/1982,Gurugram,Haryana,2022-03-05,Silver
2940,Rahul,Pillai,rahul.pillai2940@yahoo.com,+91 95019 49673,f,15-Mar-1975,bangalore,Karnataka,2023-03-31,Bronze
585,Manoj,Pillai,manoj.pillai585@outlook.com,9625674688,Male,1997-01-22,ahmedabad,Gujarat,2025-08-07,Silver
1905,Sneha,Das,SNEHA.DAS1905@OUTLOOK.COM,9799142633,Female,05-13-1978,Pune,Maharashtra,2024-12-03,Bronze
388,santosh,Kapoor,SANTOSH.KAPOOR388@YAHOO.COM,+91 90248 46197,male,03/05/1975,Kochi,Kerala,2022-11-04,Silver
672,Ananya,Bose,ananya.bose672gmail.com,09481593044,M,1998-02-09,Bombay,Maharashtra,2022-04-18,Gold
22,vikram,Menon,vikram.menon22@gmail.com,9533539138,Female,12-09-1982,Hyderabad,Telangana,2024-01-23,Bronze
2255,lakshmi,Rao,lakshmi.rao2255@gmail.com,9948817112,F,10/09/1969,kochi,Kerala,2025-07-14,Gold
1928, VIKRAM ,Chopra,vikram.chopra1928@example.com,94649-92045,male,2004-01-13,delhi,Delhi,2023-02-01,Bronze
710,Meera,Verma,meera.verma710@gmail.com,+91 96790 73547,MALE,04-Jun-1992,Bombay,Maharashtra,2025-05-11,Bronze
375,Ishaan,Patel,ishaan.patel375@example.com,+91 90806 41530,MALE,1996-01-30,mysuru,Karnataka,2024-08-07,Bronze
2041,Swathi,Rao,swathi.rao2041@outlook.com,98230-35643,M,N/A,Madras,Tamil Nadu,2022-05-11,Silver
182,Swathi,Reddy,swathi.reddy182@yahoo.com,95383-71293,Female,06-21-1991,Ahmedabad,Gujarat,2022-03-28,Gold
2054,Tanvi,Singh,TANVI.SINGH2054@EXAMPLE.COM,97608-17001,F,02/01/2002,kolkata,West Bengal,2022-04-14,Gold
2142, DIYA ,Iyer,DIYA.IYER2142@GMAIL.COM,+91 94020 37245,M,23/12/1985,Hyderabad,Telangana,2025-02-13,Bronze
401, POOJA ,Kumar,pooja.kumar401@yahoo.com,99761-22653,M,03-Oct-1983,Coimbatore,Tamil Nadu,2022-01-09,Silver
671,Rohan,JOSHI,ROHAN.JOSHI671@EXAMPLE.COM,+91-9728061696,M,1971-06-29,Bengaluru,Karnataka,2022-04-26,Bronze
1809,Arjun,IYER,arjun.iyer1809@outlook.com,+91 91384 58437,Female,1989-11-02,Hyderabad,Telangana,2025-07-07,Silver
2426,Kavya,Shetty,kavya.shetty2426@gmail.com,9913899894,f,10-Feb-1965,Delhi,Delhi,2022-05-11,Bronze
1622,Riya,Mehta,RIYA.MEHTA1622@OUTLOOK.COM,,female,06/06/1977,mumbai,Maharashtra,2023-07-07,Silver
125,ishaan,Sharma,ISHAAN.SHARMA125@OUTLOOK.COM,+91-9647479710,M,01-Sep-1984,bangalore,Karnataka,2022-11-08,Platinum
392,Diya,Joshi,diya.joshi392@example.com,+91 97566 77644,Female,04/11/1970,Bengaluru,Karnataka,2022-06-02,Bronze
2355,Pooja,Shetty,POOJA.SHETTY2355@GMAIL.COM,09626409766,F,10-26-1985,Hyderabad,Telangana,2022-08-17,Gold
2074,Siddharth,PATEL,siddharth.patel2074@gmail.com,99360-96732,M,03/11/2000,Kolkata,West Bengal,2023-11-14,Silver
145,Aditya,Bose,aditya.bose145@example.com,09227188605,f,02-18-1992,Bombay,Maharashtra,2024-05-05,Bronze
899, NAVEEN ,Joshi,naveen.joshi899@yahoo.com,+91 90328 77518,Female,28/01/1980,Madras,Tamil Nadu,2022-12-19,Silver
2392,Neha,Patel,neha.patel2392@outlook.com,99777-39582,Male,24-Oct-2001,delhi,Delhi,2025-03-04,Bronze
597,Divya,Joshi,divya.joshi597@outlook.com,+91-9023438263,MALE,03-22-1970,Delhi,Delhi,2023-01-07,Platinum
1495,divya,Mehta,divya.mehta1495@gmail.com,,Female,04-30-2004,hyderabad,Telangana,2025-03-15,Silver
2641, RIYA ,Das,riya.das2641outlook.com,9861826577,MALE,12-25-2000,delhi,Delhi,2022-03-30,Silver
2742,Vikram,Rao,vikram.rao2742@yahoo.com,98330-63141,f,27-May-1974,Kolkata,West Bengal,2022-02-22,Bronze
182,Swathi,Reddy,swathi.reddy182@yahoo.com,95383-71293,Female,06-21-1991,Ahmedabad,Gujarat,2022-03-28,Gold
2030,Pooja,Iyer,pooja.iyer2030@outlook.com,91686-34817,female,2002-05-21,Mumbai,Maharashtra,2022-12-30,Silver
1123,Sneha,Chopra,sneha.chopra1123@yahoo.com,09555197293,female,09-Jul-1973,Kolkata,West Bengal,2022-12-29,Bronze
1562,aditya,Shetty,aditya.shetty1562@gmail.com,99444-83336,M,28/03/1972,pune,Maharashtra,2022-05-06,Bronze
2618,Naveen,Verma,naveen.verma2618@example.com,+91-9658191984,Female,09-Feb-1993,Kolkata,West Bengal,2022-09-28,Silver
1626,pooja,SINGH,pooja.singh1626@yahoo.com,09033352017,Male,1990-03-03,New Delhi,Delhi,2024-02-07,Silver
996,deepak,Kumar,deepak.kumar996yahoo.com,9634479907,F,26-Apr-1969,hyderabad,Telangana,2024-11-11,Bronze
1071,Vikram,Reddy,vikram.reddy1071@yahoo.com,+91 94723 84761,Female,05-02-1998,kolkata,West Bengal,2022-12-18,Silver
2404, LAKSHMI ,Verma,lakshmi.verma2404@outlook.com,+91-9979929428,F,1995-10-04,ahmedabad,Gujarat,2024-12-05,Silver
2617,Ramesh,Gupta,ramesh.gupta2617@example.com,90297-96148,Female,17/06/1973,chennai ,Tamil Nadu,2024-08-31,Bronze
2476,Swathi,Joshi,SWATHI.JOSHI2476@YAHOO.COM,09135898407,Male,31-Jan-1972,Bengaluru,Karnataka,2025-01-12,Silver
2406,Arjun,Verma,arjun.verma2406@yahoo.com,+91 97995 97581,F,03/11/1981,Chennai,Tamil Nadu,2022-10-10,Gold
2484,Lakshmi,Rao,lakshmi.rao2484@example.com,09771737879,f,19-Feb-1965,Madurai,Tamil Nadu,2023-08-05,Bronze
868,Rahul,Patel,rahul.patel868example.com,+91-9640025309,MALE,03/03/1983,gurugram,Haryana,2023-11-23,Silver
230,kavya,Singh,kavya.singh230@gmail.com,09607115291,Male,1982-05-03,Bengaluru,Karnataka,2024-03-10,Silver
606, RAHUL ,Sharma,rahul.sharma606@example.com,+91-9306234510,Male,16/10/1974,gurugram,Haryana,2024-03-24,Silver
6,Rahul,Rao,rahul.rao6@yahoo.com,+91-9890642591,female,18/07/1984,kochi,Kerala,2022-08-23,Bronze
2880,siddharth,BOSE,SIDDHARTH.BOSE2880@YAHOO.COM,92656-98321,F,1981-10-30,BLR,Karnataka,2024-09-17,Silver
483,Naveen,Sharma,naveen.sharma483@example.com,09058916028,female,28/11/2000,mumbai,Maharashtra,2025-06-19,Bronze
1831,Rohan,PATEL,rohan.patel1831@gmail.com,+91 93517 60257,female,04-29-1983,Hyderabad,Telangana,2022-11-24,Bronze
1590,pooja,Pillai,pooja.pillai1590@yahoo.com,+91-9075685646,male,29/08/1972,mysuru,Karnataka,2023-11-01,Bronze
2738, ISHAAN ,IYER,ishaan.iyer2738@yahoo.com,92866-72994,MALE,11-28-1984,Bombay,Maharashtra,2022-08-24,Bronze
687,Rohan,Joshi,rohan.joshi687@outlook.com,09128354304,Female,1979-01-29,hyderabad,Telangana,2024-11-24,Silver
282,siddharth,Reddy,siddharth.reddy282@outlook.com,9143136592,male,29-May-1982,Chennai,Tamil Nadu,2024-08-13,Platinum
51,Priya,SHARMA,priya.sharma51@yahoo.com,+91 95469 91486,M,01-10-1973,chennai ,Tamil Nadu,2023-03-23,Bronze
1819,Santosh,Das,santosh.das1819@yahoo.com,+91 92864 97148,Other,20-Jun-1998,Bombay,Maharashtra,2022-04-14,Bronze
2684, ARJUN ,Singh,arjun.singh2684@outlook.com,+91-9813363595,F,02-Jan-2004,Mumbai,Maharashtra,2025-03-19,Silver
2524,Swathi,Naidu,swathi.naidu2524@example.com,90565-45594,male,08-19-2003,Pune,Maharashtra,2023-10-11,Gold
81,Swathi,Naidu,swathi.naidu81@example.com,+91 92868 60612,MALE,04-18-2001,Pune,Maharashtra,2023-12-15,Gold
2183,deepak,Rao,deepak.rao2183@example.com,+91-9719953344,Female,12-Jun-1996,Kolkata,West Bengal,2022-11-20,Silver
2952,Tanvi,Reddy,tanvi.reddy2952@example.com,9097333870,Female,09-03-1967,delhi,Delhi,2022-11-25,Silver
2188,Rohan,SHARMA,rohan.sharma2188@gmail.com,+91 99038 63648,male,06-May-1990,Bombay,Maharashtra,2024-07-07,Bronze
2008,rahul,Rao,rahul.rao2008@gmail.com,+91 90202 71213,female,20/06/1966,mysuru,Karnataka,2024-04-19,Platinum
621,Arjun,Nair,arjun.nair621@yahoo.com,92088-45205,f,26-May-1995,New Delhi,Delhi,2024-06-23,Silver
923,Meera,Chopra,meera.chopra923@gmail.com,9007233697,M,1978-10-16,Pune,Maharashtra,2025-07-19,Bronze
1497,Deepak,Das,deepak.das1497@yahoo.com,09993377300,M,26-Jul-1981,Kolkata,West Bengal,2023-12-15,Bronze
702,Aarav,Reddy,aarav.reddy702@gmail.com,+91-9566876133,female,1996-01-18,coimbatore,Tamil Nadu,2023-09-12,Silver
408,Tanvi,Gupta,tanvi.gupta408@example.com,+91 97032 94264,M,01-31-1979,Kolkata,West Bengal,2024-07-05,Bronze
2280, RAMESH ,Menon,ramesh.menon2280@example.com,+91 98023 94760,male,1966-11-07,Pune,Maharashtra,2025-08-22,Bronze
489,Arjun,Menon,arjun.menon489@yahoo.com,+91 97226 63843,M,02/07/2003,mumbai,Maharashtra,2025-03-02,Gold
101,karan,Reddy,KARAN.REDDY101@YAHOO.COM,9383889584,Female,12-03-1983,ahmedabad,Gujarat,2024-07-16,Bronze
1440,meera,Iyer,MEERA.IYER1440@OUTLOOK.COM,96528-36090,F,04-27-1965,Kochi,Kerala,2024-11-18,Bronze
1746,Arjun,Sharma,arjun.sharma1746@gmail.com,+91 96753 90139,F,04-01-1991,Pune,Maharashtra,2022-06-26,Gold
1589,Arjun,Naidu,arjun.naidu1589@example.com,92269-81127,Female,02/11/1986,Coimbatore,Tamil Nadu,2025-09-09,Silver
2107,Meera,Rao,MEERA.RAO2107@OUTLOOK.COM,98509-69974,MALE,26/06/1997,Delhi,Delhi,2025-05-23,Silver
1164,Ramesh,Menon,ramesh.menon1164@gmail.com,+91-9158867061,f,07-17-1967,Mysuru,Karnataka,,Bronze
662,Naveen,Menon,naveen.menon662@example.com,9238662502,Female,1989-12-09,Ahmedabad,Gujarat,2024-11-06,Bronze
1889,Lakshmi,Patel,LAKSHMI.PATEL1889@OUTLOOK.COM,09832591360,f,12-31-1980,Kolkata,West Bengal,2023-07-18,Silver
1891, KARAN ,Kumar,karan.kumar1891gmail.com,9258178064,female,20-Dec-1972,Madras,Tamil Nadu,2023-11-08,Gold
1142,Deepak,Patel,deepak.patel1142@yahoo.com,92113-18728,F,10-25-1969,gurugram,Haryana,2025-08-12,Bronze
257,Sneha,Kumar,sneha.kumar257@example.com,09502812478,f,10-06-1980,gurugram,Haryana,2023-03-15,Silver
1972,Aditya,Naidu,aditya.naidu1972@gmail.com,99779-09112,MALE,05-02-2003,kochi,Kerala,2023-12-12,Bronze
2941, ADITYA ,Patel,aditya.patel2941@example.com,98672-53993,male,09-02-1996,Lucknow,Uttar Pradesh,2025-01-15,Silver
1970,Diya,Kapoor,diya.kapoor1970@yahoo.com,97643-19474,M,04-15-1989,mumbai,Maharashtra,2023-01-19,Gold
80,Tanvi,Gupta,tanvi.gupta80@example.com,09302775078,Female,10-11-1966,gurugram,Haryana,2025-08-02,Bronze
1261,Karan,NAIR,karan.nair1261@outlook.com,,f,04-02-2004,bangalore,Karnataka,2025-07-11,Bronze
2942,Harini,Gupta,harini.gupta2942@yahoo.com,90220-94163,MALE,1974-06-05,Madras,Tamil Nadu,2024-11-26,Gold
1781,Neha,Reddy,neha.reddy1781@example.com,9473758177,female,03-20-1971,Mysuru,Karnataka,2024-11-11,Bronze
1780,Rahul,Naidu,rahul.naidu1780@gmail.com,9997411814,f,31/07/2001,Hyderabad,Telangana,2023-02-04,Silver
2405, DIVYA ,Bose,DIVYA.BOSE2405@OUTLOOK.COM,94662-98550,Female,14-Apr-1974,Gurugram,Haryana,2024-12-08,Gold
1375, DIYA ,Chopra,DIYA.CHOPRA1375@EXAMPLE.COM,95185-58445,female,1994-01-02,kochi,Kerala,2023-05-09,Gold
1675,Kiran,Chopra,kiran.chopra1675@gmail.com,9255542100,M,1981-08-18,Gurugram,Haryana,2023-12-27,Silver
1880, ADITYA ,Nair,aditya.nair1880@gmail.com,+91 96212 39680,Female,1993-03-24,mumbai,Maharashtra,2025-03-08,Bronze
1280,Pooja,BOSE,POOJA.BOSE1280@YAHOO.COM,+91 98264 28011,Female,1976-10-22,Bombay,Maharashtra,2022-08-22,Silver
1328,Santosh,MEHTA,santosh.mehta1328@outlook.com,92642-19794,male,05-15-1998,Bombay,Maharashtra,2025-06-29,Bronze
2632,Sneha,Pillai,sneha.pillai2632@example.com,+91-9596572407,female,03/12/1998,Bombay,Maharashtra,2024-09-18,Bronze
1378, SNEHA ,Kapoor,sneha.kapoor1378@yahoo.com,95902-14943,f,23/10/1968,Kolkata,West Bengal,2022-10-30,Silver
2960, KIRAN ,JOSHI,kiran.joshi2960@yahoo.com,+91 98277 59208,f,27-Oct-2000,Ahmedabad,Gujarat,2025-04-27,Bronze
1714,Lakshmi,Menon,lakshmi.menon1714@example.com,9272552872,male,1991-05-08,Ahmedabad,Gujarat,2023-12-12,Bronze
1225,Neha,Pillai,neha.pillai1225@gmail.com,+91 91498 54045,Female,25/02/2000,Madras,Tamil Nadu,2024-07-12,Silver
2660, HARINI ,Pillai,harini.pillai2660@gmail.com,9364473370,Male,2000-07-09,chennai ,Tamil Nadu,2022-05-04,Bronze
2011,riya,Das,riya.das2011@example.com,9664427912,female,1980-04-30,Bangalore ,Karnataka,2022-11-07,Gold
2707,Riya,SHETTY,riya.shetty2707@gmail.com,98005-92981,Male,06-05-1999,ahmedabad,Gujarat,2024-09-11,Bronze
2961, KAVYA ,Naidu,kavya.naidu2961@outlook.com,+91 93194 88384,MALE,1972-03-04,Gurugram,Haryana,2024-07-07,Bronze
730,Siddharth,Joshi,siddharth.joshi730@outlook.com,+91-9847027240,f,03-Jul-1995,Mumbai,Maharashtra,2024-01-18,Silver
1236, ISHAAN ,Pillai,ishaan.pillai1236@gmail.com,+91 98876 76362,female,11-03-1967,Bengaluru,Karnataka,2023-05-13,Bronze
1835,Harini,Iyer,harini.iyer1835@yahoo.com,+91-9473051481,f,1976-09-09,Chennai,Tamil Nadu,2024-05-11,Silver
1054,arjun,Mehta,arjun.mehta1054@yahoo.com,09479002501,Male,1985-05-06,Bangalore ,Karnataka,2022-01-28,Bronze
2340,Kavya,Bose,kavya.bose2340@example.com,99475-22546,female,11-12-1970,BLR,Karnataka,2024-07-05,Bronze
2602,meera,MEHTA,meera.mehta2602@gmail.com,+91-9384988929,MALE,17-Oct-1974,Pune,Maharashtra,2024-11-11,Gold
2448,ishaan,Kapoor,ishaan.kapoor2448@example.com,96290-62401,F,04-11-1993,Hyderabad,Telangana,2023-02-26,Silver
2172,Harini,Shetty,HARINI.SHETTY2172@OUTLOOK.COM,9125749349,f,05-07-1997,Chennai,Tamil Nadu,2025-08-23,Bronze
2653,Siddharth,Kumar,siddharth.kumar2653gmail.com,+91 96195 59617,O,07-27-1993,Gurugram,Haryana,2025-04-21,Bronze
2609, MANOJ ,Rao,manoj.rao2609@outlook.com,+91 94779 79265,MALE,19-Mar-1979,pune,Maharashtra,2024-01-25,Silver
2424,Ananya,Menon,ananya.menon2424@outlook.com,9741151350,F,1981-09-07,bangalore,Karnataka,2022-03-16,Gold
1536,Ananya,Kapoor,ananya.kapoor1536@example.com,,female,23-Jan-1991,Mumbai,Maharashtra,2024-07-24,Bronze
2579,harini,Shetty,harini.shetty2579@yahoo.com,+91 94769 01219,f,N/A,Bangalore ,Karnataka,2022-07-27,Bronze
1636,Vikram,Naidu,vikram.naidu1636@yahoo.com,94476-94053,Male,1965-03-19,Hyderabad,Telangana,2022-01-20,Bronze
543, SIDDHARTH ,Patel,siddharth.patel543@yahoo.com,09592371334,F,29/12/1993,Kolkata,West Bengal,2023-09-04,Bronze
1332,Priya,Chopra,priya.chopra1332@example.com,09706706756,f,11/08/1994,Mumbai,Maharashtra,2024-03-16,Bronze
812,Lakshmi,MENON,LAKSHMI.MENON812@EXAMPLE.COM,9924232868,Male,28/05/1989,Bengaluru,Karnataka,2022-04-01,Silver
2694, DEEPAK ,NAIDU,deepak.naidu2694@yahoo.com,+91-9801197204,Male,10-10-1986,lucknow,Uttar Pradesh,2024-11-19,Bronze
41,diya,Chopra,diya.chopra41@example.com,09121653660,M,09-25-1985,Hyderabad,Telangana,2023-01-29,Bronze
374,Manoj,Patel,manoj.patel374gmail.com,,Female,1994-10-28,coimbatore,Tamil Nadu,2025-02-07,Bronze
2099,Aditya,Iyer,aditya.iyer2099@outlook.com,96643-61366,Male,04-Jun-1966,Bangalore ,Karnataka,2022-12-18,Gold
2768,Meera,Shetty,meera.shetty2768@gmail.com,9464624140,NA,29/08/1997,pune,Maharashtra,2025-07-23,Bronze
2320, KARAN ,CHOPRA,karan.chopra2320@example.com,9655060577,Male,1994-10-05,ahmedabad,Gujarat,2025-09-22,Bronze
176,Kavya,NAIDU,kavya.naidu176@example.com,+91 96231 59661,NA,11-Oct-1997,bangalore,Karnataka,2025-08-23,Bronze
417,Karan,Mehta,karan.mehta417@outlook.com,9396480354,MALE,27/02/1975,Mysuru,Karnataka,2024-03-21,Gold
1672,Kavya,Pillai,kavya.pillai1672@outlook.com,92796-26553,Male,07/05/1965,Pune,Maharashtra,2022-02-18,Gold
830,Vikram,Singh,vikram.singh830@gmail.com,+91-9178661622,Female,05-21-1999,chennai ,Tamil Nadu,2025-06-29,Bronze
1010,Manoj,Sharma,manoj.sharma1010@gmail.com,+91 95648 84127,F,02-28-1988,hyderabad,Telangana,2024-10-13,Bronze
1640,Divya,Singh,divya.singh1640@outlook.com,+91 98286 87619,male,07/05/2000,New Delhi,Delhi,2022-12-06,Bronze
1012,riya,Mehta,riya.mehta1012@example.com,+91-9145723836,NA,01-02-1990,Bombay,Maharashtra,2022-06-14,Silver
1112,Ramesh,Patel,ramesh.patel1112@outlook.com,9502541647,f,1965-10-27,hyderabad,Telangana,2024-10-08,Bronze
331,vivaan,Iyer,vivaan.iyer331@yahoo.com,97330-82667,Male,1973-07-11,Delhi,Delhi,2025-07-26,Bronze
240,Vikram,DAS,vikram.das240@yahoo.com,95888-04624,F,01-10-1999,bangalore,Karnataka,2024-11-30,Silver
63,diya,Rao,diya.rao63@example.com,97036-08600,male,10-Oct-1985,Bombay,Maharashtra,2025-07-14,Silver
1133,Ramesh,SHETTY,ramesh.shetty1133@outlook.com,94413-36545,M,11-02-1982,bangalore,Karnataka,2023-03-28,Bronze
766,Harini,Rao,harini.rao766@example.com,09153106656,f,21-Aug-1984,Bangalore ,Karnataka,2024-11-16,Bronze
589,Rahul,Das,rahul.das589gmail.com,92658-93017,f,10-01-1973,Chennai,Tamil Nadu,2022-07-17,Bronze
2910, NEHA ,Mehta,neha.mehta2910@gmail.com,98443-79892,M,1979-11-16,mumbai,Maharashtra,2025-03-02,Silver
1955,Tanvi,Verma,tanvi.verma1955@gmail.com,+91 97677 95811,female,1978-12-14,Ahmedabad,Gujarat,2025-08-23,Platinum
1421, MANOJ ,Kapoor,manoj.kapoor1421@outlook.com,+91-9455135666,MALE,02-11-1988,delhi,Delhi,2022-12-10,Bronze
2370,Harini,Mehta,harini.mehta2370@gmail.com,90115-00672,Male,10-14-1966,Mumbai,Maharashtra,2025-03-01,Gold
2032,Pooja,Shetty,POOJA.SHETTY2032@GMAIL.COM,+91-9565564105,male,15/02/1969,mumbai,Maharashtra,2023-04-29,Silver
399,Riya,Kapoor,riya.kapoor399@yahoo.com,9132913498,F,17-Jul-1994,hyderabad,Telangana,2022-06-08,Bronze
2531,Manoj,Joshi,manoj.joshi2531example.com,+91 96575 60015,Female,13-Aug-1996,Pune,Maharashtra,2023-12-13,Bronze
1029,kavya,Pillai,kavya.pillai1029@outlook.com,93795-64003,f,26-Aug-1983,New Delhi,Delhi,2024-09-01,Bronze
2660, HARINI ,Pillai,harini.pillai2660@gmail.com,9364473370,Male,2000-07-09,chennai ,Tamil Nadu,2022-05-04,Bronze
1923,neha,Rao,neha.rao1923@yahoo.com,+91-9829241642,F,01-Feb-1996,Bombay,Maharashtra,2024-07-20,Bronze
2367,ananya,Chopra,ananya.chopra2367@example.com,+91 93559 96136,male,04-04-1976,chennai ,Tamil Nadu,2025-03-28,Gold
1657,Lakshmi,Pillai,lakshmi.pillai1657@yahoo.com,09431975739,f,14/08/1998,Chennai,Tamil Nadu,2023-07-03,Platinum
915,Rohan,Das,rohan.das915@yahoo.com,91253-42342,F,06-19-1966,Lucknow,Uttar Pradesh,2024-04-19,Bronze
2315,Vivaan,Pillai,VIVAAN.PILLAI2315@GMAIL.COM,9226964012,Male,03-01-1968,hyderabad,Telangana,2023-11-25,Platinum
1941,Sneha,GUPTA,sneha.gupta1941@outlook.com,9392455850,MALE,23/09/1999,Chennai,Tamil Nadu,2023-03-08,Silver
1108,Neha,Iyer,neha.iyer1108@outlook.com,9762722506,female,14-Feb-1969,Hyderabad,Telangana,2023-07-28,Bronze
680,neha,Nair,NEHA.NAIR680@OUTLOOK.COM,+91 92409 83850,male,22/06/1977,hyderabad,Telangana,2024-09-19,Silver
2383,Priya,Verma,priya.verma2383@outlook.com,+91-9155056463,male,1992-02-24,mysuru,Karnataka,2022-03-02,Silver
2625,Karan,Rao,karan.rao2625@outlook.com,,MALE,12-16-1989,Mumbai,Maharashtra,2025-04-25,Platinum
2511,Santosh,Singh,santosh.singh2511@outlook.com,94848-61955,MALE,29/12/1971,Hyderabad,Telangana,2024-11-09,Platinum
2014,meera,Nair,MEERA.NAIR2014@EXAMPLE.COM,+91-9160736243,MALE,10-27-1980,Hyderabad,Telangana,2023-10-29,Platinum
2679,Riya,Verma,riya.verma2679@yahoo.com,+91-9915777410,Female,1975-09-24,Delhi,Delhi,2024-11-24,Bronze
2285,ramesh,Rao,ramesh.rao2285@example.com,98231-83748,male,09-May-1992,Chennai,Tamil Nadu,2022-05-15,Bronze
1496,Swathi,Reddy,swathi.reddy1496@outlook.com,+91-9289710166,female,29/09/2000,Pune,Maharashtra,2023-11-03,Bronze
2972, VIKRAM ,Gupta,vikram.gupta2972@example.com,09956078592,male,05-23-1990,Pune,Maharashtra,2023-02-16,Silver
2065,ramesh,Bose,ramesh.bose2065@example.com,97726-88871,f,20-Mar-2000,Hyderabad,Telangana,2022-10-14,Bronze
1345,deepak,Chopra,deepak.chopra1345@example.com,9886527560,Male,01-31-1985,Lucknow,Uttar Pradesh,2025-06-15,Bronze
904,Pooja,Chopra,pooja.chopra904@outlook.com,+91 99587 19515,M,1975-01-07,Mumbai,Maharashtra,2025-07-08,Platinum
2851,rahul,Kumar,rahul.kumar2851@outlook.com,+91 96478 48031,Male,10-Jul-1982,hyderabad,Telangana,2025-09-20,Silver
2515,Pooja,CHOPRA,POOJA.CHOPRA2515@YAHOO.COM,+91-9547390058,MALE,11-28-1974,chennai ,Tamil Nadu,2023-02-17,Silver
893,Aarav,Sharma,aarav.sharma893@yahoo.com,+91 99842 11595,male,04/10/1970,Chennai,Tamil Nadu,2024-06-09,Bronze
1844,Swathi,Kumar,swathi.kumar1844@outlook.com,98193-63236,Female,08-May-1986,jaipur,Rajasthan,2022-05-25,Silver
2710, SWATHI ,Sharma,swathi.sharma2710@outlook.com,09633613149,M,1983-11-08,Pune,Maharashtra,2022-11-24,Silver
2441,Meera,CHOPRA,meera.chopra2441@example.com,09791680310,f,1982-02-08,Lucknow,Uttar Pradesh,2022-03-10,Bronze
1968,Rahul,Gupta,rahul.gupta1968@gmail.com,09057534479,female,02/12/1988,Kolkata,West Bengal,2024-08-14,Silver
1348,ananya,Sharma,ananya.sharma1348@outlook.com,09414516680,M,12/05/1986,Hyderabad,Telangana,2025-08-02,Silver
809,Vivaan,Iyer,vivaan.iyer809@yahoo.com,+91 92060 85749,MALE,12-04-1995,Bombay,Maharashtra,2025-08-22,Gold
2115,Siddharth,Menon,SIDDHARTH.MENON2115@YAHOO.COM,09596466933,M,09-14-2000,Bengaluru,Karnataka,2023-02-18,Bronze
1327,Rahul,Kapoor,RAHUL.KAPOOR1327@GMAIL.COM,+91-9907125601,female,15-Apr-1981,hyderabad,Telangana,2025-01-10,Gold
1038,Pooja,RAO,pooja.rao1038@gmail.com,+91 92188 72564,Female,14-Mar-1977,hyderabad,Telangana,2022-07-06,Silver
1027,Rahul,Shetty,rahul.shetty1027@example.com,9439277202,f,1965-09-17,jaipur,Rajasthan,2024-12-06,Bronze
635,Swathi,Chopra,swathi.chopra635@yahoo.com,09512900326,F,1997-04-24,bangalore,Karnataka,2022-01-22,Bronze
2368,Meera,Menon,meera.menon2368@gmail.com,98746-36468,female,19-Dec-1966,hyderabad,Telangana,2025-08-10,Gold
1829,pooja,Chopra,pooja.chopra1829@yahoo.com,9816885234,F,08/11/2004,jaipur,Rajasthan,2022-05-15,Bronze
2436,Aditya,Shetty,aditya.shetty2436@yahoo.com,+91-9836054651,F,01-01-1965,kochi,Kerala,2024-09-11,Silver
1600,Vikram,Verma,vikram.verma1600@example.com,9555372653,female,19-Feb-1981,Chennai,Tamil Nadu,2024-05-29,Silver
1170, HARINI ,NAIDU,harini.naidu1170@example.com,09319422047,MALE,05-14-1997,BLR,Karnataka,2023-03-03,Bronze
1, SNEHA ,Mehta,sneha.mehta1@gmail.com,+91 93871 91275,MALE,23/01/1994,New Delhi,Delhi,2022-09-06,Bronze
2638,divya,Gupta,divya.gupta2638@yahoo.com,9748052157,M,12-Dec-2003,chennai ,Tamil Nadu,2022-03-06,Silver
158,sneha,Kumar,sneha.kumar158@outlook.com,98403-88737,Male,03-22-1966,Pune,Maharashtra,2022-12-24,Silver
514,arjun,Mehta,arjun.mehta514@outlook.com,+91-9895476729,female,1986-07-23,Madras,Tamil Nadu,2025-02-23,Silver
1258,Tanvi,NAIDU,tanvi.naidu1258@outlook.com,9092710601,f,12/12/2002,gurugram,Haryana,2022-04-26,Silver
2003, VIKRAM ,Rao,vikram.rao2003@example.com,94498-54769,Male,N/A,kochi,Kerala,2024-09-04,Silver
472,arjun,Chopra,arjun.chopra472@example.com,+91 98115 82075,F,1977-03-13,mumbai,Maharashtra,2023-09-27,Bronze
2730,Deepak,Joshi,deepak.joshi2730@yahoo.com,+91 94726 63463,Male,31-Jan-1968,Ahmedabad,Gujarat,2023-05-17,Bronze
1312,Aditya,Sharma,aditya.sharma1312@outlook.com,9214756696,M,08/10/1997,jaipur,Rajasthan,2022-02-18,Silver
703,Neha,Gupta,neha.gupta703@outlook.com,+91-9310478948,Other,13-Feb-1982,Mysuru,Karnataka,2022-11-28,Silver
29,Neha,MENON,neha.menon29@example.com,96275-21307,Female,01/09/1973,mysuru,Karnataka,2023-10-30,Bronze
2376,Ishaan,Nair,ishaan.nair2376example.com,09582842187,Female,1978-12-02,Mysuru,Karnataka,2023-01-03,Bronze
1523,meera,Singh,meera.singh1523@yahoo.com,+91 97206 31011,Male,09-06-1984,ahmedabad,Gujarat,2024-08-28,Bronze
1032,Deepak,PATEL,deepak.patel1032@yahoo.com,+91 99048 93974,MALE,2002-04-18,Delhi,Delhi,2024-02-21,Bronze
1602,Aarav,Menon,aarav.menon1602@outlook.com,9147728158,O,11-Dec-1966,mysuru,Karnataka,2023-11-16,Bronze
1086,Swathi,Singh,swathi.singh1086@gmail.com,92814-37228,female,05/09/1982,New Delhi,Delhi,2024-10-08,Silver
1465,Kavya,Reddy,kavya.reddy1465@gmail.com,+91 95712 57546,F,18/12/1996,pune,Maharashtra,2024-01-31,Silver
876,Siddharth,Chopra,siddharth.chopra876@outlook.com,09703401867,female,27/02/1995,Ahmedabad,Gujarat,2024-04-25,Bronze
981,Vikram,Kumar,vikram.kumar981@yahoo.com,91077-04978,female,N/A,Lucknow,Uttar Pradesh,2024-01-19,Bronze
1734, POOJA ,Mehta,pooja.mehta1734@yahoo.com,09117261073,M,01-09-1965,Chennai,Tamil Nadu,2022-08-24,Silver
1083, MANOJ ,REDDY,manoj.reddy1083@yahoo.com,9590515685,Female,1999-11-22,Jaipur,Rajasthan,2023-02-11,Bronze
1361,Vivaan,Mehta,vivaan.mehta1361@yahoo.com,+91 94530 71709,M,1986-09-04,pune,Maharashtra,2022-09-23,Bronze
1957, SANTOSH ,Das,santosh.das1957@yahoo.com,09078001678,M,04-Aug-1967,mumbai,Maharashtra,2024-08-08,Bronze
1074,Karan,Kapoor,karan.kapoor1074@outlook.com,95038-70069,F,11/04/1999,Jaipur,Rajasthan,2023-12-11,Bronze
290, LAKSHMI ,Patel,lakshmi.patel290@yahoo.com,+91-9558645731,female,1966-12-29,bangalore,Karnataka,2024-05-21,Bronze
284,Rohan,Sharma,rohan.sharma284@example.com,+91 92880 22523,Male,2002-09-26,Madras,Tamil Nadu,2025-02-14,Bronze
304,riya,Bose,riya.bose304@example.com,95799-56201,Male,12-30-1978,Bombay,Maharashtra,2023-09-01,Bronze
2606,Kiran,PILLAI,kiran.pillai2606@yahoo.com,96558-11459,Male,1989-06-04,mysuru,Karnataka,2024-08-20,Gold
964, MANOJ ,Reddy,manoj.reddy964@gmail.com,+91 94605 76715,male,21-Apr-1979,bangalore,Karnataka,2023-01-08,Silver
203,Karan,SINGH,karan.singh203@gmail.com,+91 99797 09506,f,2004-05-09,mumbai,Maharashtra,2023-08-07,Silver
441,Divya,Mehta,divya.mehta441@outlook.com,09562354469,Female,21-Jun-1970,Kolkata,West Bengal,2022-01-05,Gold
438,Vikram,Das,vikram.das438gmail.com,92305-84474,Male,05-07-1996,Mumbai,Maharashtra,2022-01-25,Bronze
2633,Kavya,Reddy,kavya.reddy2633@outlook.com,09307221635,MALE,01-Jul-1979,ahmedabad,Gujarat,2023-01-01,Gold
270,Manoj,Rao,manoj.rao270@outlook.com,+91 99842 98526,male,1966-01-13,bangalore,Karnataka,2024-05-20,Bronze
1770, KIRAN ,Reddy,kiran.reddy1770@outlook.com,09620149000,Female,04/01/1974,kolkata,West Bengal,2023-04-02,Bronze
2469,Manoj,Pillai,manoj.pillai2469@gmail.com,95272-91806,female,27-Apr-2000,Bombay,Maharashtra,2022-11-04,Bronze
2659,Karan,Das,karan.das2659@gmail.com,96190-26539,Female,04-Jul-1972,bangalore,Karnataka,2024-05-07,Bronze
1697, NEHA ,Iyer,neha.iyer1697@gmail.com,+91-9285028841,MALE,22-Jun-1980,chennai ,Tamil Nadu,2024-02-18,Bronze
2897,vikram,Das,vikram.das2897@gmail.com,+91 96431 79520,male,17-Feb-1974,Kochi,Kerala,2024-03-10,Bronze
100,Rahul,Patel,rahul.patel100@example.com,98693-30211,MALE,1980-09-16,Kochi,Kerala,2023-12-31,Silver
213,riya,Naidu,riya.naidu213@yahoo.com,95239-87559,Male,13/08/1978,Madras,Tamil Nadu,2023-11-11,Silver
106,Tanvi,SHARMA,tanvi.sharma106@outlook.com,98400-96190,f,10-05-2001,Delhi,Delhi,2025-06-24,Silver
611,Ananya,Shetty,ananya.shetty611@outlook.com,92150-05870,f,15/04/1996,Mumbai,Maharashtra,2023-12-23,Silver
614, VIVAAN ,MEHTA,vivaan.mehta614@yahoo.com,99525-58586,MALE,09-24-1998,Lucknow,Uttar Pradesh,2023-02-03,Silver
1421, MANOJ ,Kapoor,manoj.kapoor1421@outlook.com,+91-9455135666,MALE,02-11-1988,delhi,Delhi,2022-12-10,Bronze
113, KAVYA ,KAPOOR,kavya.kapoor113@gmail.com,9853197740,male,1985-11-15,Coimbatore,Tamil Nadu,2022-10-07,Silver
2532,neha,Mehta,neha.mehta2532@yahoo.com,09334934577,Male,1981-12-18,pune,Maharashtra,2022-04-04,Bronze
121, KARAN ,RAO,karan.rao121@yahoo.com,94497-61502,Male,10-28-2001,mumbai,Maharashtra,2023-09-07,Bronze
2941, ADITYA ,Patel,aditya.patel2941@example.com,98672-53993,male,09-02-1996,Lucknow,Uttar Pradesh,2025-01-15,Silver
1694,Manoj,Chopra,manoj.chopra1694@yahoo.com,9318011052,Male,N/A,Delhi,Delhi,2024-10-04,Bronze
1140,Siddharth,Das,siddharth.das1140@gmail.com,+91-9474988551,MALE,1990-04-11,Pune,Maharashtra,2023-06-14,Gold
88,Kavya,Kumar,kavya.kumar88@outlook.com,+91 93236 25017,Male,12/04/1989,Hyderabad,Telangana,2024-11-24,Bronze
2820,Ishaan,Iyer,ishaan.iyer2820@yahoo.com,9214804296,F,04/09/1975,jaipur,Rajasthan,2024-04-10,Bronze
47, ARJUN ,Naidu,arjun.naidu47@yahoo.com,09944655319,male,05-04-1982,hyderabad,Telangana,2024-09-27,Silver
2423,Rahul,Kapoor,rahul.kapoor2423@example.com,97954-60463,female,13-Sep-1984,New Delhi,Delhi,2025-05-20,Bronze
1704,Vikram,Pillai,VIKRAM.PILLAI1704@YAHOO.COM,93058-18987,female,28/11/1992,Pune,Maharashtra,2023-07-27,Bronze
2144,Tanvi,Sharma,tanvi.sharma2144@yahoo.com,9450542171,Male,07-Apr-2001,Gurugram,Haryana,2025-09-21,Silver
2709,Meera,Mehta,meera.mehta2709@outlook.com,+91-9030810165,Male,1974-04-01,chennai ,Tamil Nadu,2022-09-16,Bronze
2586,aditya,IYER,aditya.iyer2586@yahoo.com,+91 97932 89832,Male,1998-10-26,hyderabad,Telangana,2024-06-11,Bronze
2899,Deepak,Pillai,deepak.pillai2899@yahoo.com,09823897597,male,09-10-2001,Pune,Maharashtra,2023-11-25,Bronze
1234,Ananya,Rao,ananya.rao1234@example.com,+91 97192 80334,MALE,29-May-1965,pune,Maharashtra,2022-08-16,Silver
2104,Santosh,Verma,santosh.verma2104@yahoo.com,+91-9117981824,F,06/12/1965,jaipur,Rajasthan,2025-03-23,Platinum
2211, SANTOSH ,MEHTA,santosh.mehta2211@yahoo.com,9322986546,MALE,23/10/1968,Lucknow,Uttar Pradesh,2024-12-15,Silver
1727,Aarav,Pillai,aarav.pillai1727@example.com,+91 97554 35890,Male,06/12/1981,Madurai,Tamil Nadu,2022-06-30,Bronze
180,Harini,Kapoor,harini.kapoor180@outlook.com,+91-9993494869,Male,20-Dec-1981,Delhi,Delhi,2024-02-25,Bronze
2759,karan,Shetty,karan.shetty2759@gmail.com,+91 98052 71908,male,24-Jul-1987,Pune,Maharashtra,2024-08-29,Bronze
2639,Deepak,Singh,deepak.singh2639@gmail.com,09772416843,Female,1972-02-13,Kolkata,West Bengal,2025-08-10,Bronze
1820,Lakshmi,Bose,lakshmi.bose1820@yahoo.com,95074-28857,Male,04-May-1999,Pune,Maharashtra,2022-09-15,Gold
1274, LAKSHMI ,Verma,lakshmi.verma1274@outlook.com,90398-72408,Male,01-Nov-1987,mumbai,Maharashtra,2025-03-25,Bronze
709,karan,Kapoor,karan.kapoor709@gmail.com,+91 91474 81842,F,11-Aug-1974,Hyderabad,Telangana,2023-12-10,Bronze
2206,Pooja,Kapoor,pooja.kapoor2206@yahoo.com,+91-9582147546,MALE,06-10-2002,Mumbai,Maharashtra,2022-12-26,Bronze
1380,Diya,Menon,diya.menon1380@example.com,9955825042,MALE,01-Feb-1971,hyderabad,Telangana,2023-04-30,Gold
2331,Aarav,Shetty,aarav.shetty2331@yahoo.com,91130-67380,male,18/07/1996,Mumbai,Maharashtra,2024-11-05,Bronze
1061, MEERA ,Iyer,meera.iyer1061@gmail.com,+91 93379 88338,MALE,08-23-1980,kochi,Kerala,2022-11-12,Bronze
2681,Swathi,Patel,swathi.patel2681@gmail.com,+91-9046606803,MALE,1982-11-27,Gurugram,Haryana,2024-04-06,Gold
312, SIDDHARTH ,KAPOOR,siddharth.kapoor312@example.com,9484943951,female,2001-07-21,hyderabad,Telangana,2023-01-03,Bronze
371,Kiran,SINGH,kiran.singh371@outlook.com,+91-9705997480,F,08/02/1970,New Delhi,Delhi,2024-02-09,Gold
1494,Rahul,Das,rahul.das1494@outlook.com,09963519921,male,07-30-1991,gurugram,Haryana,2022-11-21,Bronze
2163,ananya,Das,ananya.das2163@gmail.com,+91 90892 40852,male,29/03/2004,hyderabad,Telangana,2025-08-13,Gold
1103,Tanvi,Kapoor,tanvi.kapoor1103@outlook.com,09607058135,Female,06-Aug-1974,gurugram,Haryana,2022-03-24,Bronze
886,Vivaan,Menon,vivaan.menon886outlook.com,+91 90835 80969,f,03-15-1993,Hyderabad,Telangana,2023-10-12,Gold
1735,Aarav,Gupta,aarav.gupta1735@outlook.com,95010-22324,f,N/A,Kolkata,West Bengal,2022-09-17,Gold
294,Deepak,Naidu,deepak.naidu294@example.com,9473668154,NA,1974-07-14,Bengaluru,Karnataka,2023-11-13,Silver
2901,Arjun,Naidu,,90890-11462,M,03-31-1986,Hyderabad,Telangana,2024-10-31,Gold
1121, NEHA ,Menon,neha.menon1121@outlook.com,9170360700,M,12-10-1989,Pune,Maharashtra,2022-03-06,Bronze
844,Ananya,NAIR,ananya.nair844@gmail.com,90700-25289,MALE,05-16-1966,hyderabad,Telangana,2024-06-12,Bronze
825, POOJA ,SHARMA,pooja.sharma825@gmail.com,09626699368,Female,1967-01-31,Kolkata,West Bengal,2023-04-01,Silver
1368,meera,Joshi,meera.joshi1368@example.com,+91 93266 55877,female,08-03-1976,Bengaluru,Karnataka,2025-03-29,Bronze
2846,Sneha,CHOPRA,sneha.chopra2846@outlook.com,+91 96315 02996,F,N/A,Bombay,Maharashtra,2024-09-29,Bronze
195,Siddharth,Reddy,SIDDHARTH.REDDY195@EXAMPLE.COM,98474-67891,male,04-Sep-1969,Mysuru,Karnataka,,Bronze
760, NAVEEN ,Gupta,naveen.gupta760@example.com,+91-9800396099,M,18/11/1971,hyderabad,Telangana,2024-12-03,Bronze
1574,naveen,PILLAI,naveen.pillai1574@example.com,+91-9315006233,Male,1973-07-28,Kolkata,West Bengal,2025-08-09,Silver
415,Rahul,Das,rahul.das415@yahoo.com,9455123693,f,22/02/2002,Bangalore ,Karnataka,2024-11-08,Silver
2932, ISHAAN ,Reddy,ishaan.reddy2932@example.com,+91-9790228010,male,06-19-1999,Chennai,Tamil Nadu,2022-05-30,Bronze
167, SIDDHARTH ,Chopra,siddharth.chopra167@yahoo.com,+91-9111308761,female,10-27-2000,Kolkata,West Bengal,2024-11-20,Bronze
212,Santosh,Singh,SANTOSH.SINGH212@OUTLOOK.COM,9373107960,F,22/02/1994,mumbai,Maharashtra,2022-06-12,Bronze
829, MEERA ,Kapoor,meera.kapoor829@yahoo.com,94747-12248,Female,N/A,Kolkata,West Bengal,2025-06-14,Silver
2286,Vivaan,Pillai,vivaan.pillai2286@gmail.com,+91-9487446670,M,08-Nov-1977,Bengaluru,Karnataka,2023-07-09,Bronze
941,Lakshmi,MENON,lakshmi.menon941@outlook.com,9678248886,f,25/12/1987,Madras,Tamil Nadu,2022-01-28,Silver
2483,kiran,SHARMA,kiran.sharma2483@outlook.com,09626338740,Female,27/05/1979,Bangalore ,Karnataka,2023-03-30,Gold
407, DEEPAK ,Kapoor,deepak.kapoor407@outlook.com,+91-9255203009,female,09-Apr-1977,Chennai,Tamil Nadu,2023-04-11,Bronze
305, SIDDHARTH ,KUMAR,siddharth.kumar305@gmail.com,9065719796,Female,31-Jul-1992,Kolkata,West Bengal,2022-10-31,Silver
2442,Rohan,PILLAI,rohan.pillai2442@gmail.com,+91 92182 70661,Male,02-04-1997,Mysuru,Karnataka,2022-05-10,Silver
2679,Riya,Verma,riya.verma2679@yahoo.com,+91-9915777410,Female,1975-09-24,Delhi,Delhi,2024-11-24,Bronze
2181, MEERA ,Mehta,meera.mehta2181@outlook.com,9933053003,M,04/05/1991,Gurugram,Haryana,2024-12-11,Bronze
228, TANVI ,Kumar,tanvi.kumar228@example.com,94766-46864,M,21-Dec-1983,Mumbai,Maharashtra,2022-07-14,Bronze
871,Ishaan,Rao,ishaan.rao871@gmail.com,09961809320,F,05-Sep-1972,New Delhi,Delhi,2025-05-15,Gold
442,Vikram,Mehta,vikram.mehta442@gmail.com,97030-86285,female,31-Jan-2004,mysuru,Karnataka,2022-08-26,Silver
2043,Kiran,Patel,kiran.patel2043@example.com,+91-9797453430,Female,02-Jul-2002,pune,Maharashtra,2024-06-01,Silver
681,Rohan,Sharma,ROHAN.SHARMA681@GMAIL.COM,+91-9207760241,female,1972-03-24,BLR,Karnataka,2022-12-12,Platinum
853,santosh,Bose,santosh.bose853@gmail.com,9311695919,F,19/11/1986,kolkata,West Bengal,2023-06-07,Bronze
2527,neha,Singh,neha.singh2527@gmail.com,9881903105,female,1965-11-21,Ahmedabad,Gujarat,2025-05-21,Gold
2002,Manoj,Nair,manoj.nair2002outlook.com,09481350937,Female,10-23-1993,hyderabad,Telangana,2023-12-12,Silver
1095,Kiran,Bose,kiran.bose1095@example.com,+91-9077375801,Female,01/11/2000,Bombay,Maharashtra,2024-06-29,Bronze
1587, LAKSHMI ,Gupta,lakshmi.gupta1587@gmail.com,9479508903,MALE,30-Nov-1998,madurai,Tamil Nadu,2024-06-27,Bronze
2804,Deepak,Sharma,deepak.sharma2804@yahoo.com,+91 90688 89661,MALE,10/02/1971,mumbai,Maharashtra,2023-08-03,Bronze
2410,Deepak,Das,deepak.das2410@outlook.com,97375-45969,F,01-18-1993,Jaipur,Rajasthan,2022-06-11,Silver
1369,aditya,Singh,,+91 92043 35986,Female,01-Feb-1989,chennai ,Tamil Nadu,2023-12-17,Silver
2501,Vikram,Reddy,vikram.reddy2501@example.com,9474461311,MALE,26-Jul-1966,Bengaluru,Karnataka,2022-01-08,Bronze
605,Kavya,Mehta,kavya.mehta605@outlook.com,09793362808,Female,04-05-1969,Kochi,Kerala,2022-04-24,Bronze
2570, SWATHI ,Reddy,swathi.reddy2570@outlook.com,9465101229,female,23-Dec-1972,lucknow,Uttar Pradesh,2024-05-24,Platinum
1039,Lakshmi,Shetty,lakshmi.shetty1039@outlook.com,+91-9189178506,F,2001-10-06,Hyderabad,Telangana,2025-03-08,Bronze
1509, SNEHA ,MEHTA,sneha.mehta1509@outlook.com,9000162508,F,11-16-2000,Chennai,Tamil Nadu,2024-07-23,Bronze
1349,harini,Chopra,harini.chopra1349@gmail.com,09248299032,MALE,1967-12-06,Hyderabad,Telangana,2025-05-09,Silver
604,Siddharth,Reddy,siddharth.reddy604@gmail.com,94550-93976,male,23-Sep-1979,delhi,Delhi,2022-12-08,Bronze
2089,Deepak,Sharma,deepak.sharma2089@gmail.com,9037950647,Male,04-02-1969,New Delhi,Delhi,2024-05-26,Bronze
1916,Naveen,Rao,naveen.rao1916@outlook.com,+91-9502922168,NA,05-16-1970,Chennai,Tamil Nadu,2022-03-14,Silver
2106,Pooja,Gupta,pooja.gupta2106@example.com,9225713599,Male,05/08/1992,Delhi,Delhi,2024-02-29,Bronze
1696,Manoj,Chopra,manoj.chopra1696@gmail.com,+91-9162228880,f,08-01-1980,Mumbai,Maharashtra,2022-03-20,Bronze
2673,rahul,Naidu,rahul.naidu2673@example.com,9320720950,O,03-21-1986,hyderabad,Telangana,2025-04-24,Bronze
2411, HARINI ,Verma,harini.verma2411@yahoo.com,90889-54598,female,26-Feb-1969,delhi,Delhi,2024-09-23,Bronze
2598,Neha,Joshi,neha.joshi2598@gmail.com,+91-9522275778,female,23-Apr-1988,hyderabad,Telangana,2022-08-17,Bronze
1917, SANTOSH ,Mehta,santosh.mehta1917@gmail.com,+91 99889 58610,female,09/09/1967,pune,Maharashtra,2022-03-27,Bronze
2540,Deepak,Chopra,deepak.chopra2540@example.com,+91-9061222335,Male,1973-12-04,mumbai,Maharashtra,2022-11-01,Silver
414,Aarav,Verma,AARAV.VERMA414@OUTLOOK.COM,+91-9121364680,F,1990-01-07,ahmedabad,Gujarat,2025-09-04,Gold
1512,Ananya,Kapoor,ananya.kapoor1512@yahoo.com,+91 99535 91251,f,11/07/1982,chennai ,Tamil Nadu,2022-03-11,Bronze
173,Harini,Verma,HARINI.VERMA173@EXAMPLE.COM,09714659439,Male,11-25-1986,Chennai,Tamil Nadu,2022-07-15,Bronze
383, SNEHA ,Chopra,sneha.chopra383@yahoo.com,9529687715,f,09-06-1969,gurugram,Haryana,2024-03-11,Silver
58,Sneha,Reddy,sneha.reddy58@outlook.com,+91-9215949878,female,1965-12-06,Bombay,Maharashtra,2022-05-30,Gold
1840,Priya,Gupta,priya.gupta1840@example.com,9131193612,male,08-17-2000,delhi,Delhi,2025-07-13,Bronze
1009,Kiran,Naidu,kiran.naidu1009@example.com,95617-31645,M,N/A,delhi,Delhi,2024-12-28,Silver
2507,Kavya,Singh,,9717298014,Female,2000-11-19,Jaipur,Rajasthan,2025-09-01,Silver
941,Lakshmi,MENON,lakshmi.menon941@outlook.com,9678248886,f,25/12/1987,Madras,Tamil Nadu,2022-01-28,Silver
1883, HARINI ,Gupta,harini.gupta1883@example.com,95234-13699,Male,03-01-1997,Hyderabad,Telangana,2022-03-21,Bronze
2909,Siddharth,Das,siddharth.das2909@example.com,95582-95031,Male,04-01-1969,jaipur,Rajasthan,2022-12-23,Bronze
1407, KIRAN ,Patel,kiran.patel1407@gmail.com,09006480179,female,1965-03-28,Kochi,Kerala,2025-04-27,Bronze
2720, DEEPAK ,Patel,deepak.patel2720@example.com,09264757801,male,11/05/1993,mumbai,Maharashtra,2023-12-30,Bronze
2668, MEERA ,Joshi,meera.joshi2668@example.com,+91 97876 72055,Female,04-22-1965,Bangalore ,Karnataka,2023-08-28,Gold
746,Divya,JOSHI,divya.joshi746@example.com,+91-9358612157,MALE,13-Nov-1992,Bombay,Maharashtra,2025-01-24,Bronze
701,Swathi,Sharma,swathi.sharma701@gmail.com,09049275191,Male,24/07/1967,Madras,Tamil Nadu,2022-11-18,Bronze
2045,Priya,Reddy,priya.reddy2045@yahoo.com,97767-76505,f,11-Oct-1997,lucknow,Uttar Pradesh,2025-08-29,Gold
1709,Kavya,Pillai,kavya.pillai1709@outlook.com,09095689913,Male,1983-11-23,kolkata,West Bengal,2022-02-26,Gold
129, SIDDHARTH ,Verma,siddharth.verma129@outlook.com,+91-9909778020,F,20-Aug-1977,BLR,Karnataka,2024-07-16,Bronze
1501,Divya,Verma,divya.verma1501@yahoo.com,9439950965,female,08-04-1974,Pune,Maharashtra,2024-02-27,Gold
1546, SANTOSH ,Bose,santosh.bose1546@outlook.com,+91 90173 21384,MALE,05/11/1993,hyderabad,Telangana,2025-08-05,Gold
2589,Neha,Kapoor,neha.kapoor2589@outlook.com,+91 91515 72257,Female,30/08/1997,hyderabad,Telangana,2022-03-19,Silver
2592,Priya,Rao,priya.rao2592@yahoo.com,09100139959,Male,12/08/1991,ahmedabad,Gujarat,2024-10-05,Platinum
2467, DIYA ,Pillai,diya.pillai2467@outlook.com,+91-9983469623,MALE,26/06/1993,kolkata,West Bengal,2024-02-14,Bronze
1088, KARAN ,GUPTA,karan.gupta1088@outlook.com,9741413351,Male,1985-12-11,delhi,Delhi,2023-01-26,Bronze
1228,Swathi,Naidu,swathi.naidu1228@gmail.com,+91-9019197671,Male,05-16-1974,Mumbai,Maharashtra,2023-08-05,Bronze
537, ANANYA ,Chopra,,09690717312,male,28/07/1984,mumbai,Maharashtra,2024-03-07,Bronze
2651, SWATHI ,Kumar,swathi.kumar2651@gmail.com,+91 98146 09977,MALE,07/11/1985,Lucknow,Uttar Pradesh,2024-08-31,Silver
912,Ramesh,Reddy,ramesh.reddy912@example.com,09516499099,Female,1970-07-01,kolkata,West Bengal,2025-08-21,Bronze
2845,neha,Iyer,neha.iyer2845@example.com,09699830305,F,1967-01-04,chennai ,Tamil Nadu,2025-07-30,Bronze
1213,neha,Kapoor,neha.kapoor1213@example.com,+91-9118515556,f,1982-08-26,Bombay,Maharashtra,2022-08-08,Bronze
1399,vivaan,Reddy,vivaan.reddy1399@gmail.com,09989114621,Other,29/07/1977,Mumbai,Maharashtra,2022-12-01,Silver
1154, LAKSHMI ,KUMAR,lakshmi.kumar1154@example.com,9944617418,Female,17/10/1970,mysuru,Karnataka,2022-04-24,Silver
1058,divya,Menon,divya.menon1058@outlook.com,+91-9049919315,Male,12-Aug-1997,Madras,Tamil Nadu,2023-11-07,Silver
1753,Karan,Patel,karan.patel1753@yahoo.com,09262253863,female,1971-01-03,Ahmedabad,Gujarat,2022-06-14,Gold
412,priya,Patel,priya.patel412@outlook.com,+91 93044 71564,f,16-Sep-1998,pune,Maharashtra,2024-02-08,Silver
786,kiran,Mehta,kiran.mehta786@example.com,97426-76434,Female,06/02/1987,hyderabad,Telangana,2025-04-06,Bronze
2212,aditya,Menon,aditya.menon2212@yahoo.com,98459-92220,Other,1976-05-17,hyderabad,Telangana,2022-05-19,Bronze
2031,Rahul,Reddy,rahul.reddy2031@outlook.com,09281544308,F,2001-03-23,Bangalore ,Karnataka,2024-07-21,Bronze
1733,Vikram,Reddy,vikram.reddy1733@yahoo.com,+91 99595 16483,male,07-Jan-1988,Delhi,Delhi,2023-11-01,Bronze
2537,pooja,Rao,pooja.rao2537@example.com,+91-9186795577,male,04-Sep-1985,Gurugram,Haryana,2024-07-04,Bronze
2299,Aditya,Patel,aditya.patel2299@outlook.com,91407-88846,Male,10/12/1993,bangalore,Karnataka,2023-07-07,Bronze
2035,Lakshmi,KUMAR,lakshmi.kumar2035@example.com,+91-9529647905,MALE,02-18-1987,BLR,Karnataka,2024-03-22,Silver
738,Ishaan,Mehta,ishaan.mehta738@yahoo.com,9213478919,Female,01/08/1995,Coimbatore,Tamil Nadu,2024-08-09,Gold
17, SIDDHARTH ,Gupta,siddharth.gupta17@outlook.com,+91 95741 09432,male,07-06-1999,Mumbai,Maharashtra,2023-05-03,Platinum
2551,Swathi,Gupta,swathi.gupta2551@yahoo.com,97665-66051,Female,1977-03-25,Bombay,Maharashtra,2024-02-18,Bronze
669,Kavya,Nair,kavya.nair669@gmail.com,09862692960,MALE,02/01/1980,Coimbatore,Tamil Nadu,2024-04-16,Bronze
1885,Lakshmi,Nair,lakshmi.nair1885@gmail.com,9261723857,MALE,1988-07-12,madurai,Tamil Nadu,2024-03-12,Bronze
2010,Pooja,Kapoor,pooja.kapoor2010@gmail.com,09277827140,female,22-Feb-1977,Delhi,Delhi,,Silver
2848,Karan,Singh,KARAN.SINGH2848@YAHOO.COM,+91-9043720920,f,23-Jul-1975,Bengaluru,Karnataka,2024-10-25,Bronze
641,Siddharth,Gupta,siddharth.gupta641@example.com,9509804771,male,23/01/1970,delhi,Delhi,2025-08-30,Silver
1723,Lakshmi,Sharma,lakshmi.sharma1723@yahoo.com,09025557951,MALE,06-May-1988,New Delhi,Delhi,2025-08-30,Silver
23,siddharth,Pillai,siddharth.pillai23@gmail.com,9476372716,M,12-Dec-1998,Kochi,Kerala,2023-07-23,Bronze
1039,Lakshmi,Shetty,lakshmi.shetty1039@outlook.com,+91-9189178506,F,2001-10-06,Hyderabad,Telangana,2025-03-08,Bronze
1476, MANOJ ,Iyer,manoj.iyer1476@example.com,09121714755,F,19/03/1972,mumbai,Maharashtra,2024-11-02,Silver
2429,Pooja,Rao,pooja.rao2429@outlook.com,+91 90132 17470,f,03-03-1972,Pune,Maharashtra,2024-09-27,Bronze
2361,Rohan,Bose,rohan.bose2361@outlook.com,+91-9331787434,Male,20-Aug-1988,kolkata,West Bengal,2025-07-07,Bronze
578,Aditya,Iyer,ADITYA.IYER578@EXAMPLE.COM,9404807200,female,03-Mar-1981,mumbai,Maharashtra,2022-02-11,Platinum
2160,Kavya,Pillai,kavya.pillai2160@gmail.com,09244284909,M,13/07/1993,Bangalore ,Karnataka,2024-01-31,Gold
1036, ROHAN ,Kumar,rohan.kumar1036@outlook.com,,Female,01-Jun-1979,Pune,Maharashtra,2023-07-07,Silver
2130, ARJUN ,Naidu,arjun.naidu2130@yahoo.com,92062-49219,Male,11-17-1987,Bangalore ,Karnataka,2022-07-29,Bronze
1042, NEHA ,Naidu,NEHA.NAIDU1042@GMAIL.COM,09533475814,MALE,2001-08-18,Pune,Maharashtra,2023-08-13,Bronze
1637,Ishaan,Sharma,ishaan.sharma1637@outlook.com,09086669677,f,1988-10-30,Hyderabad,Telangana,2022-09-13,Bronze
38,Siddharth,Pillai,siddharth.pillai38@gmail.com,97562-47529,M,06-05-1993,mumbai,Maharashtra,2024-03-24,Bronze
1182, LAKSHMI ,Mehta,lakshmi.mehta1182@outlook.com,+91 95580 23851,MALE,16-Dec-1993,Bangalore ,Karnataka,2024-01-27,Gold
2503,Vikram,Pillai,vikram.pillai2503@example.com,95891-03385,MALE,1969-07-28,Kochi,Kerala,2022-02-09,Bronze
2150,Aarav,Singh,aarav.singh2150@outlook.com,09376792707,M,10-07-1971,BLR,Karnataka,2025-01-08,Gold
1653, VIKRAM ,Naidu,vikram.naidu1653@outlook.com,+91 90304 16538,female,1998-11-17,Madras,Tamil Nadu,2022-05-15,Bronze
2028, VIVAAN ,Singh,vivaan.singh2028@gmail.com,09632324520,female,06-19-1971,hyderabad,Telangana,,Silver
2136,Santosh,NAIR,santosh.nair2136@example.com,+91-9136028236,MALE,05-19-2003,Bombay,Maharashtra,,Bronze
298,Divya,Singh,divya.singh298@yahoo.com,90544-45710,female,14/09/1979,gurugram,Haryana,2022-12-30,Bronze
405,lakshmi,Pillai,lakshmi.pillai405@example.com,09738008653,Male,20/10/1994,lucknow,Uttar Pradesh,2023-01-20,Gold
712,Ananya,NAIDU,ANANYA.NAIDU712@YAHOO.COM,09681766650,female,06-01-1977,pune,Maharashtra,2023-01-09,Bronze
1050,Neha,Rao,neha.rao1050@outlook.com,+91-9032412918,male,06-06-1968,chennai ,Tamil Nadu,2022-11-28,Bronze
1374,Ananya,Sharma,ananya.sharma1374@example.com,95667-68454,f,03-Apr-1999,Gurugram,Haryana,2025-07-10,Silver
2382,aditya,Das,aditya.das2382@yahoo.com,09883270747,Female,2002-12-02,Chennai,Tamil Nadu,2022-10-05,Bronze
21,rahul,Pillai,rahul.pillai21@example.com,98877-32824,O,08-30-1992,Delhi,Delhi,2022-02-22,Bronze
83,Rahul,Nair,rahul.nair83@yahoo.com,+91 96669 76244,F,1973-08-12,Gurugram,Haryana,2022-12-07,Bronze
1411,Aditya,Rao,ADITYA.RAO1411@EXAMPLE.COM,+91-9768796486,F,10-24-1977,Kolkata,West Bengal,2023-08-03,Gold
823,kiran,Reddy,kiran.reddy823@outlook.com,+91 99742 11090,F,1993-01-07,Coimbatore,Tamil Nadu,2023-07-06,Bronze
1886,Rohan,Bose,,9655890576,M,06-07-1996,Madurai,Tamil Nadu,2023-01-02,Silver
598,Meera,BOSE,meera.bose598@gmail.com,9997765509,male,01-28-1991,pune,Maharashtra,2025-07-11,Bronze
714,pooja,KUMAR,pooja.kumar714@gmail.com,93581-34016,Female,2004-04-18,ahmedabad,Gujarat,2024-05-13,Bronze
2993, KIRAN ,Pillai,kiran.pillai2993@gmail.com,9837734166,M,15/11/1977,Coimbatore,Tamil Nadu,2024-01-27,Bronze
1157,Manoj,Iyer,manoj.iyer1157@gmail.com,9654581421,f,06-Mar-1983,Bangalore ,Karnataka,2022-01-28,Bronze
2230, RAMESH ,Rao,ramesh.rao2230@gmail.com,9773636367,F,06-03-1965,Pune,Maharashtra,2025-03-19,Bronze
2434,Santosh,Bose,santosh.bose2434@outlook.com,+91-9156976664,F,21-Sep-1992,coimbatore,Tamil Nadu,2023-02-28,Gold
2839,Santosh,Reddy,santosh.reddy2839@outlook.com,93950-89325,MALE,06-Sep-1978,hyderabad,Telangana,2024-02-28,Bronze
1575,neha,Rao,neha.rao1575@yahoo.com,+91-9441045710,Male,12-05-1988,bangalore,Karnataka,2024-12-17,Bronze
1080,siddharth,Pillai,siddharth.pillai1080example.com,90482-63110,F,1968-07-17,Madurai,Tamil Nadu,2025-03-06,Platinum
2967,Manoj,Rao,manoj.rao2967@example.com,+91 93330 82415,f,10-06-1998,Coimbatore,Tamil Nadu,2022-03-05,Silver
2186, DIVYA ,Menon,divya.menon2186@gmail.com,09579186347,f,30/12/1970,Mysuru,Karnataka,2025-05-18,Bronze
1461,Pooja,SHETTY,pooja.shetty1461@yahoo.com,+91 99739 43837,female,02-05-1993,delhi,Delhi,2022-12-05,Bronze
1244,Vikram,SINGH,vikram.singh1244@yahoo.com,09497055249,Female,1994-04-13,Bengaluru,Karnataka,2024-01-24,Bronze
2666,aditya,Singh,aditya.singh2666@example.com,09037301326,F,18/03/1987,Gurugram,Haryana,2024-03-05,Bronze
2100,Manoj,Kumar,manoj.kumar2100@example.com,92338-51102,f,1993-03-14,chennai ,Tamil Nadu,2024-06-12,Bronze
783, DIYA ,Shetty,diya.shetty783@yahoo.com,9069838223,F,13/07/1981,hyderabad,Telangana,2022-01-31,Silver
2715,neha,Joshi,neha.joshi2715@gmail.com,09151762726,MALE,1977-08-05,kolkata,West Bengal,2023-07-05,Silver
2117,Arjun,Singh,arjun.singh2117@outlook.com,9601490552,F,20-May-1995,Chennai,Tamil Nadu,2023-01-13,Gold
518,pooja,Verma,pooja.verma518@gmail.com,9584169488,Female,09-01-1980,New Delhi,Delhi,2025-06-26,Bronze
1918, ARJUN ,NAIR,arjun.nair1918@yahoo.com,9034653782,Male,1982-11-04,New Delhi,Delhi,2025-05-14,Silver
2271, ANANYA ,Mehta,ananya.mehta2271@example.com,09321800387,Female,19-Jul-1975,pune,Maharashtra,2024-10-04,Gold
628, SNEHA ,Naidu,sneha.naidu628@outlook.com,9445032940,female,03-Nov-1987,Bangalore ,Karnataka,2024-08-19,Bronze
2257,Pooja,Verma,pooja.verma2257@outlook.com,95941-68556,female,14/09/1991,Ahmedabad,Gujarat,2022-08-02,Bronze
1773,Riya,JOSHI,riya.joshi1773@yahoo.com,9462565977,male,N/A,Pune,Maharashtra,2023-03-27,Silver
2430,Riya,Iyer,riya.iyer2430@outlook.com,+91 94459 44833,Female,21/02/1993,delhi,Delhi,2025-02-27,Silver
2365,swathi,KAPOOR,swathi.kapoor2365@yahoo.com,9401588207,f,07/03/1999,pune,Maharashtra,2022-01-20,Bronze
1999, ARJUN ,Menon,arjun.menon1999@outlook.com,+91 92619 92209,male,06-Apr-1979,kolkata,West Bengal,2023-09-01,Bronze
1111, VIVAAN ,Das,vivaan.das1111@yahoo.com,09925693777,Female,02/10/1967,mysuru,Karnataka,2025-06-10,Bronze
1391,kiran,Iyer,kiran.iyer1391@outlook.com,+91-9252378656,M,12/12/1978,Jaipur,Rajasthan,2022-07-30,Silver
2714,Naveen,Menon,naveen.menon2714@example.com,+91 92662 20106,female,1984-05-26,Bangalore ,Karnataka,2022-11-02,Bronze
963,Ananya,Pillai,ananya.pillai963@yahoo.com,97923-41317,f,16-Dec-1986,Bengaluru,Karnataka,2025-04-28,Silver
962,Kavya,Naidu,kavya.naidu962@gmail.com,94827-79853,male,16-Aug-2003,Hyderabad,Telangana,2023-04-08,Silver
2194, RIYA ,NAIDU,riya.naidu2194@yahoo.com,9041753057,f,06-13-1966,bangalore,Karnataka,2023-06-06,Gold
1505,Deepak,Gupta,deepak.gupta1505@gmail.com,99459-90789,Female,11-May-1980,Gurugram,Haryana,2023-03-26,Bronze
1516,Vikram,Mehta,vikram.mehta1516@gmail.com,95211-30592,female,21-Dec-1985,Chennai,Tamil Nadu,2023-04-30,Gold
826,Neha,Gupta,neha.gupta826@example.com,90691-70489,F,12/11/1974,bangalore,Karnataka,2024-06-18,Gold
1014,Meera,Pillai,meera.pillai1014@example.com,9700599474,F,10-20-1987,kochi,Kerala,2025-01-10,Bronze
2806,Aarav,Iyer,aarav.iyer2806@example.com,,F,03-23-1985,Madras,Tamil Nadu,2023-09-18,Silver
1598,Priya,Patel,priya.patel1598@gmail.com,+91 99035 99554,f,04-30-1967,Madras,Tamil Nadu,2024-10-02,Gold
1134,Divya,Rao,divya.rao1134@outlook.com,+91 95088 37308,male,29/10/1974,Delhi,Delhi,2025-05-15,Bronze
1021,Neha,Reddy,neha.reddy1021@example.com,+91 96889 05771,O,1971-05-27,Ahmedabad,Gujarat,2024-04-19,Gold
1577,Harini,KAPOOR,harini.kapoor1577outlook.com,9309538729,F,11/07/1980,gurugram,Haryana,2025-06-04,Bronze
2577,Riya,PILLAI,riya.pillai2577yahoo.com,9334423243,male,25-May-1976,New Delhi,Delhi,2022-04-23,Silver
2153, KAVYA ,IYER,kavya.iyer2153@gmail.com,+91 99231 06415,F,28-Dec-1974,delhi,Delhi,2024-07-25,Gold
1118,sneha,Rao,sneha.rao1118@gmail.com,9458271509,F,06/11/1985,gurugram,Haryana,2025-07-05,Gold
974,santosh,Rao,santosh.rao974@gmail.com,97927-48397,Female,1990-09-16,Ahmedabad,Gujarat,2022-06-11,Gold
1457,Pooja,GUPTA,pooja.gupta1457@gmail.com,+91 94778 44256,f,14-Feb-1979,Madras,Tamil Nadu,2022-10-14,Bronze
1488, NEHA ,Patel,NEHA.PATEL1488@OUTLOOK.COM,09312848340,Male,1990-09-20,hyderabad,Telangana,2024-06-02,Bronze
1741,Ishaan,Menon,ishaan.menon1741@yahoo.com,9602919415,f,06-29-1997,Chennai,Tamil Nadu,2022-10-27,Bronze
1832, SIDDHARTH ,Kumar,SIDDHARTH.KUMAR1832@GMAIL.COM,+91 92855 16825,Female,1977-03-18,kochi,Kerala,2024-10-23,Bronze
132,Kavya,Joshi,kavya.joshi132@outlook.com,96104-91790,Female,09/02/1989,Jaipur,Rajasthan,2023-08-13,Bronze
1371,deepak,Iyer,deepak.iyer1371@outlook.com,9486528938,MALE,03-14-2001,BLR,Karnataka,2023-03-15,Bronze
1784,Tanvi,Gupta,tanvi.gupta1784outlook.com,99475-44275,Male,20-Feb-1985,mysuru,Karnataka,2023-09-15,Bronze
889, ARJUN ,NAIDU,arjun.naidu889@yahoo.com,+91 98857 72527,female,12-Jun-1984,Mysuru,Karnataka,2023-08-06,Gold
2245,Riya,Das,riya.das2245@yahoo.com,+91 90947 56461,f,27/01/1978,hyderabad,Telangana,2024-06-15,Bronze
562,Tanvi,Singh,TANVI.SINGH562@EXAMPLE.COM,09855808130,MALE,19-Dec-2002,chennai ,Tamil Nadu,2023-09-29,Bronze
1603, VIKRAM ,Verma,vikram.verma1603@outlook.com,09873733562,f,05-Aug-1986,pune,Maharashtra,2023-09-01,Bronze
1143,Kiran,Mehta,kiran.mehta1143example.com,93567-02358,Female,11-27-1965,kolkata,West Bengal,2023-07-07,Bronze
329,Aditya,Mehta,aditya.mehta329@yahoo.com,9366938516,male,1980-08-08,Pune,Maharashtra,2023-08-06,Bronze
1624, ISHAAN ,Patel,ishaan.patel1624@outlook.com,9523336773,Male,1980-04-02,BLR,Karnataka,2024-03-13,Platinum
2498,Rohan,Shetty,rohan.shetty2498@yahoo.com,+91 95049 92734,Female,02-Jul-1966,chennai ,Tamil Nadu,2023-03-01,Bronze
1033,Harini,Kapoor,harini.kapoor1033@yahoo.com,9782070737,male,1997-12-21,Mumbai,Maharashtra,2024-07-21,Bronze
1722,meera,Rao,meera.rao1722@yahoo.com,9426156865,female,1971-02-14,chennai ,Tamil Nadu,2025-02-03,Bronze
372,Aditya,Singh,aditya.singh372@yahoo.com,09717376979,Male,17-May-2004,Madras,Tamil Nadu,2023-12-28,Bronze
2603, RAHUL ,Pillai,rahul.pillai2603@yahoo.com,09971260840,M,1973-03-17,hyderabad,Telangana,2025-04-26,Silver
884, ROHAN ,Verma,rohan.verma884@example.com,09988979906,F,2002-11-28,Hyderabad,Telangana,2025-06-26,Gold
2039,Siddharth,RAO,siddharth.rao2039@yahoo.com,+91 90910 59025,Male,05/03/1986,pune,Maharashtra,2024-02-01,Gold
2460,rahul,Patel,rahul.patel2460@example.com,+91-9696408392,f,09-Jun-1979,Mumbai,Maharashtra,2022-09-05,Bronze
1507,Ishaan,Sharma,ishaan.sharma1507@gmail.com,91718-02157,female,1997-03-21,New Delhi,Delhi,2024-12-06,Bronze
1798,ishaan,Joshi,ishaan.joshi1798@gmail.com,92605-05314,F,1992-09-12,chennai ,Tamil Nadu,2022-07-23,Bronze
2237,Naveen,Shetty,naveen.shetty2237@example.com,9926226729,female,20-Jul-1976,Bengaluru,Karnataka,2025-04-28,Gold
2386,pooja,Das,pooja.das2386example.com,+91 99458 31764,M,03-09-1977,delhi,Delhi,2022-10-01,Silver
1146, SIDDHARTH ,Kumar,siddharth.kumar1146@yahoo.com,09188010291,F,09-12-1981,coimbatore,Tamil Nadu,2025-04-08,Bronze
1264, NAVEEN ,NAIR,naveen.nair1264@outlook.com,09119203214,MALE,2003-09-21,Jaipur,Rajasthan,2023-01-22,Bronze
2319,karan,PILLAI,karan.pillai2319@example.com,+91-9072811403,male,2001-03-28,Mumbai,Maharashtra,2023-06-26,Silver
2796, DEEPAK ,Bose,deepak.bose2796@outlook.com,09722570684,F,06/11/1980,Bombay,Maharashtra,2022-12-17,Silver
2975,Rohan,Mehta,rohan.mehta2975@outlook.com,+91 98163 59800,male,08-Sep-1975,mumbai,Maharashtra,2023-11-20,Bronze
2508,Neha,Pillai,neha.pillai2508@gmail.com,9750669207,Male,1977-08-16,jaipur,Rajasthan,2024-02-16,Bronze
1353,diya,Reddy,diya.reddy1353@outlook.com,+91-9704548950,Female,1971-06-24,chennai ,Tamil Nadu,2024-12-25,Silver
2630, AARAV ,Das,aarav.das2630@gmail.com,+91-9231799817,F,22-Jun-1993,Chennai,Tamil Nadu,2023-10-28,Bronze
165,Rahul,Naidu,RAHUL.NAIDU165@EXAMPLE.COM,+91 95300 22264,Female,02-09-1999,Mumbai,Maharashtra,2023-07-12,Bronze
102, SWATHI ,VERMA,swathi.verma102@example.com,+91 96810 17427,male,07-26-1968,delhi,Delhi,2025-06-19,Bronze
2643, HARINI ,Singh,harini.singh2643@gmail.com,97129-54968,MALE,24-Jul-1995,Mumbai,Maharashtra,2022-03-08,Silver
1461,Pooja,SHETTY,pooja.shetty1461@yahoo.com,+91 99739 43837,female,02-05-1993,delhi,Delhi,2022-12-05,Bronze
1406, RIYA ,Nair,riya.nair1406@yahoo.com,94397-32765,MALE,2004-02-03,Madras,Tamil Nadu,2024-07-03,Bronze
2740, PRIYA ,Nair,priya.nair2740@yahoo.com,+91-9616994432,f,06-20-2004,Mumbai,Maharashtra,2022-10-24,Silver
780,Vikram,Shetty,vikram.shetty780@gmail.com,09446052710,female,07-08-1965,Kolkata,West Bengal,2022-03-24,Silver
1162,Deepak,Nair,deepak.nair1162@gmail.com,+91-9210282996,Male,04/07/1993,Pune,Maharashtra,2024-06-18,Bronze
2549,Aditya,Singh,aditya.singh2549@gmail.com,+91-9427153511,F,26/07/1982,coimbatore,Tamil Nadu,2023-10-30,Bronze
2825,manoj,Menon,MANOJ.MENON2825@EXAMPLE.COM,9165670672,Female,10/07/1971,Lucknow,Uttar Pradesh,2023-04-14,Bronze
1383,Rahul,REDDY,RAHUL.REDDY1383@EXAMPLE.COM,+91 98433 67210,F,01-09-1967,Bombay,Maharashtra,2024-03-10,Bronze
2458,Pooja,Naidu,pooja.naidu2458@gmail.com,,F,07-13-1967,Bangalore ,Karnataka,2024-08-16,Bronze
2446, ANANYA ,Verma,ananya.verma2446@outlook.com,+91-9408158967,MALE,03/07/1991,Bombay,Maharashtra,2024-03-22,Bronze
87,kavya,JOSHI,kavya.joshi87@gmail.com,9089027819,F,03-07-1993,delhi,Delhi,2025-06-24,Silver
1356,Riya,Sharma,riya.sharma1356@gmail.com,+91 99453 67726,MALE,01-Jan-1993,bangalore,Karnataka,2024-08-18,Silver
2946, TANVI ,Das,tanvi.das2946@gmail.com,9578639562,Female,04-Sep-1995,hyderabad,Telangana,2025-07-12,Bronze
1851,siddharth,Iyer,siddharth.iyer1851@yahoo.com,9444112310,Female,08/03/1971,Madras,Tamil Nadu,2023-05-06,Bronze
2764,Siddharth,Reddy,siddharth.reddy2764@yahoo.com,+91-9619054017,female,22/07/1989,Coimbatore,Tamil Nadu,2025-02-11,Bronze
28,Santosh,Iyer,SANTOSH.IYER28@EXAMPLE.COM,94064-63056,Male,17-Dec-1976,Bangalore ,Karnataka,2023-07-12,Bronze
274,Divya,SINGH,divya.singh274@gmail.com,9904443007,male,1984-10-29,mumbai,Maharashtra,2025-08-19,Bronze
2487,Kavya,Singh,kavya.singh2487@gmail.com,09438924727,F,29/06/1995,New Delhi,Delhi,2023-07-05,Bronze
2723,Deepak,Menon,deepak.menon2723@example.com,09224377237,female,11-Apr-1986,Hyderabad,Telangana,2025-09-06,Silver
2636,Ramesh,Reddy,ramesh.reddy2636@outlook.com,90463-89364,M,06/05/1985,hyderabad,Telangana,2022-11-21,Silver
116,Ishaan,Chopra,ishaan.chopra116@example.com,+91 94965 32670,Female,2004-10-08,Kolkata,West Bengal,2022-04-11,Bronze
2382,aditya,Das,aditya.das2382@yahoo.com,09883270747,Female,2002-12-02,Chennai,Tamil Nadu,2022-10-05,Bronze
244,siddharth,Naidu,siddharth.naidu244@outlook.com,9579138089,F,18/05/2003,mumbai,Maharashtra,2023-08-27,Gold
2992,Ananya,Gupta,ANANYA.GUPTA2992@YAHOO.COM,09842218320,MALE,09-24-1999,Kolkata,West Bengal,2025-01-06,Bronze
1692, NEHA ,Verma,neha.verma1692@yahoo.com,90038-07821,M,10/02/1987,ahmedabad,Gujarat,2023-12-09,Silver
2837,Vikram,Pillai,vikram.pillai2837@outlook.com,+91 93856 84378,f,17/10/2002,Pune,Maharashtra,2025-02-20,Silver
2422,santosh,Pillai,santosh.pillai2422@outlook.com,93802-87495,f,1965-05-16,Madras,Tamil Nadu,2024-04-20,Silver
2333,Manoj,Naidu,manoj.naidu2333@yahoo.com,+91 90179 36679,male,19-Jun-1998,Kolkata,West Bengal,2025-01-12,Bronze
1378, SNEHA ,Kapoor,sneha.kapoor1378@yahoo.com,95902-14943,f,23/10/1968,Kolkata,West Bengal,2022-10-30,Silver
1128, ROHAN ,Iyer,rohan.iyer1128@example.com,9417628792,Male,31-Dec-1989,delhi,Delhi,2023-01-20,Silver
378,Ishaan,Kapoor,ISHAAN.KAPOOR378@GMAIL.COM,90409-89148,female,1995-02-24,Hyderabad,Telangana,2023-10-20,Gold
530,Ananya,MEHTA,ananya.mehta530@gmail.com,9306239573,MALE,11-Jan-1971,coimbatore,Tamil Nadu,2024-05-20,Bronze
973,Karan,Rao,karan.rao973@yahoo.com,,M,02-Jan-2004,BLR,Karnataka,2023-03-31,Gold
907,Aarav,Kapoor,,09467073417,f,30/07/1983,mumbai,Maharashtra,2023-12-14,Silver
2626,Rahul,Joshi,rahul.joshi2626@example.com,09267994075,Male,19-Nov-1987,Hyderabad,Telangana,2025-07-01,Bronze
2696,swathi,Reddy,swathi.reddy2696@example.com,09972368226,female,28/07/1987,mysuru,Karnataka,2023-12-04,Silver
1870,Meera,Chopra,meera.chopra1870@yahoo.com,95333-41613,F,01/02/2000,Kolkata,West Bengal,2023-12-06,Gold
2714,Naveen,Menon,naveen.menon2714@example.com,+91 92662 20106,female,1984-05-26,Bangalore ,Karnataka,2022-11-02,Bronze
2203,riya,Mehta,riya.mehta2203@outlook.com,92693-32983,male,04-Jul-1995,ahmedabad,Gujarat,2025-09-04,Gold
147,Pooja,Chopra,pooja.chopra147@example.com,+91-9094915670,f,03-10-1970,Madurai,Tamil Nadu,2023-06-21,Bronze
1477, NAVEEN ,Chopra,naveen.chopra1477@outlook.com,09347468214,f,06-15-1978,hyderabad,Telangana,2024-09-26,Bronze
1282,Vikram,Rao,vikram.rao1282@gmail.com,96099-71274,M,12-11-1993,Hyderabad,Telangana,2023-03-24,Bronze
653,harini,Bose,harini.bose653@example.com,+91-9883756161,f,23-Aug-1983,Pune,Maharashtra,2024-04-25,Bronze
319,kavya,Kumar,kavya.kumar319@gmail.com,+91 93400 09427,F,15-May-1973,Coimbatore,Tamil Nadu,2022-08-09,Bronze
2197,Ananya,Nair,ananya.nair2197@outlook.com,+91-9637986789,F,2003-04-28,Bangalore ,Karnataka,2024-10-21,Bronze
638,aditya,Das,aditya.das638@yahoo.com,09248888626,F,01-18-1996,New Delhi,Delhi,2022-12-29,Silver
629,Kavya,Joshi,kavya.joshi629@yahoo.com,9091022090,MALE,1995-12-14,Mumbai,Maharashtra,2024-06-24,Bronze
469, NEHA ,KAPOOR,neha.kapoor469@example.com,9975719698,Female,08-13-1995,mysuru,Karnataka,2024-01-04,Bronze
1833,priya,Singh,priya.singh1833@yahoo.com,+91 90207 90757,MALE,1980-09-21,Hyderabad,Telangana,2024-05-27,Bronze
1740,Meera,Singh,meera.singh1740@example.com,9771085445,MALE,21/12/2001,delhi,Delhi,2025-01-17,Silver
815,Diya,Das,diya.das815outlook.com,09074537404,F,08-01-1993,Bengaluru,Karnataka,2024-04-13,Bronze
31,swathi,Reddy,swathi.reddy31@example.com,09041958312,M,15-Feb-1971,Delhi,Delhi,2023-09-30,Bronze
2686,Riya,Patel,riya.patel2686@yahoo.com,91343-71487,MALE,09-23-1965,New Delhi,Delhi,2024-05-19,Gold
1238,Siddharth,Verma,SIDDHARTH.VERMA1238@GMAIL.COM,98784-17264,F,10-18-1988,Hyderabad,Telangana,2023-08-30,Silver
1564,Divya,Singh,divya.singh1564@outlook.com,9768770060,Male,28/08/1985,Ahmedabad,Gujarat,2024-04-07,Bronze
1460, DEEPAK ,Reddy,deepak.reddy1460@example.com,96040-23026,F,07-28-2002,hyderabad,Telangana,2024-10-19,Bronze
1283,Manoj,Sharma,manoj.sharma1283@yahoo.com,95481-42622,Male,1972-04-12,hyderabad,Telangana,2022-05-20,Platinum
665,Santosh,Sharma,santosh.sharma665@yahoo.com,95149-74389,Male,08/02/2004,Madurai,Tamil Nadu,2022-07-09,Bronze
1436,Lakshmi,Sharma,lakshmi.sharma1436@example.com,91633-90530,male,1968-06-13,kochi,Kerala,2023-05-31,Bronze
1466,riya,Mehta,riya.mehta1466@gmail.com,9053419898,MALE,09-15-2004,pune,Maharashtra,2022-03-16,Bronze
1707,Divya,Rao,divya.rao1707@outlook.com,+91 91639 46898,MALE,01-29-1995,Bangalore ,Karnataka,2023-07-29,Bronze
1493,Karan,Sharma,karan.sharma1493@yahoo.com,+91 91438 23282,female,1974-09-11,Pune,Maharashtra,2025-07-05,Gold
1338, DIYA ,IYER,diya.iyer1338@gmail.com,96344-29361,F,05-Dec-2001,Bombay,Maharashtra,2024-09-23,Gold
1208,Karan,Rao,karan.rao1208@gmail.com,+91-9597421118,MALE,02/09/1980,mumbai,Maharashtra,2024-04-18,Gold
2094,rahul,Shetty,rahul.shetty2094@yahoo.com,9892159497,Other,1990-06-09,Madras,Tamil Nadu,2024-03-17,Silver
2828,Ishaan,PATEL,ishaan.patel2828@example.com,09950781579,female,1985-09-19,chennai ,Tamil Nadu,2023-01-04,Bronze
2607, SIDDHARTH ,Chopra,siddharth.chopra2607@gmail.com,09628482755,MALE,11-28-2001,Pune,Maharashtra,2025-06-15,Bronze
2830,Rahul,PATEL,rahul.patel2830@outlook.com,09646460041,F,N/A,Delhi,Delhi,2025-09-11,Gold
1948,rohan,REDDY,ROHAN.REDDY1948@YAHOO.COM,9106194487,MALE,1978-06-17,jaipur,Rajasthan,2022-04-22,Bronze
1418,Kavya,Verma,kavya.verma1418@yahoo.com,09161494404,Female,07-27-1996,Mumbai,Maharashtra,2025-01-16,Bronze
917,Aarav,Verma,aarav.verma917@outlook.com,90646-65509,M,23/11/1995,BLR,Karnataka,2022-09-03,Bronze
1736,Rahul,Pillai,rahul.pillai1736@gmail.com,9908456799,male,06-04-1996,Delhi,Delhi,2025-01-01,Gold
98,Harini,CHOPRA,harini.chopra98@outlook.com,09725886048,Female,08-31-2004,Bengaluru,Karnataka,2024-02-01,Bronze
2287,Vivaan,Verma,VIVAAN.VERMA2287@EXAMPLE.COM,+91 92450 14460,male,26-May-2000,Ahmedabad,Gujarat,2022-09-22,Silver
1260,Rohan,Shetty,rohan.shetty1260@yahoo.com,,male,1991-06-07,lucknow,Uttar Pradesh,2024-12-17,Gold
2506,Rohan,Pillai,rohan.pillai2506@yahoo.com,9201137859,MALE,N/A,Bangalore ,Karnataka,2024-05-01,Silver
2514,Aarav,Iyer,aarav.iyer2514@outlook.com,+91 97346 64295,female,03-Jul-2000,bangalore,Karnataka,2025-08-06,Silver
2818,Swathi,Patel,swathi.patel2818@example.com,+91-9105482530,f,14/11/1990,mumbai,Maharashtra,2023-07-09,Gold
1396, VIVAAN ,Singh,,+91 96016 61180,female,12-24-1981,mysuru,Karnataka,2022-08-27,Gold
2892,Kavya,Patel,kavya.patel2892@outlook.com,,Female,1966-06-09,lucknow,Uttar Pradesh,2024-05-14,Bronze
124,Kavya,Reddy,kavya.reddy124@example.com,92642-25849,Male,2001-08-23,Hyderabad,Telangana,2023-12-11,Gold
2363,Ramesh,Das,ramesh.das2363@gmail.com,+91-9228851774,F,N/A,Bombay,Maharashtra,2025-07-20,Platinum
1544, NAVEEN ,Kapoor,naveen.kapoor1544@gmail.com,92317-34384,Other,N/A,Chennai,Tamil Nadu,2023-03-14,Bronze
2945, AARAV ,Chopra,aarav.chopra2945@outlook.com,9995999900,Female,06-26-1965,Chennai,Tamil Nadu,,Silver
1056, ISHAAN ,Singh,ishaan.singh1056@example.com,+91 94822 77275,Male,1968-04-24,Pune,Maharashtra,2025-02-05,Bronze
1808, NEHA ,Iyer,neha.iyer1808@example.com,98558-89340,Male,01-16-1985,Hyderabad,Telangana,2022-08-25,Bronze
2017,Priya,Kapoor,priya.kapoor2017@example.com,+91 91128 43115,female,09/03/1976,Madras,Tamil Nadu,2025-05-10,Bronze
2372, LAKSHMI ,Sharma,lakshmi.sharma2372@gmail.com,09427003801,f,20-Jul-1968,coimbatore,Tamil Nadu,2025-02-26,Bronze
1910,Aditya,Naidu,aditya.naidu1910@yahoo.com,9540640177,male,03-12-1992,Ahmedabad,Gujarat,2024-10-23,Bronze
2431,Aditya,Mehta,aditya.mehta2431@example.com,91702-44059,Male,13-Feb-1976,kolkata,West Bengal,2025-03-12,Bronze
1960,tanvi,Shetty,tanvi.shetty1960@example.com,09401825930,female,01-12-1970,pune,Maharashtra,2025-03-03,Bronze
1524,Siddharth,Menon,siddharth.menon1524@example.com,09038308695,Male,05-Jul-1966,New Delhi,Delhi,2025-04-17,Bronze
2784,deepak,Menon,deepak.menon2784@example.com,95306-49803,M,04-26-2002,hyderabad,Telangana,2022-07-30,Gold
2687,aditya,Rao,aditya.rao2687@gmail.com,09229588453,Female,06-Jul-2004,chennai ,Tamil Nadu,2024-05-11,Bronze
206,Naveen,Shetty,naveen.shetty206@outlook.com,09370480904,Female,N/A,chennai ,Tamil Nadu,2025-04-12,Silver
1413,Tanvi,SHETTY,tanvi.shetty1413@yahoo.com,+91 96423 91681,M,1981-12-04,Kolkata,West Bengal,2022-01-06,Silver
350, SANTOSH ,Joshi,santosh.joshi350@gmail.com,97692-30344,Female,30/01/2001,Bengaluru,Karnataka,2025-07-22,Bronze
421,Sneha,Kumar,sneha.kumar421@yahoo.com,+91 90042 02297,M,05-26-1965,pune,Maharashtra,2022-09-25,Bronze
1315,Swathi,DAS,swathi.das1315@gmail.com,+91-9086277789,male,04-28-1983,bangalore,Karnataka,2022-10-17,Bronze
2336,Priya,KAPOOR,priya.kapoor2336@example.com,9476579511,female,13/01/1998,Delhi,Delhi,2025-05-02,Bronze
2300,priya,Nair,priya.nair2300@gmail.com,09381193363,male,1992-01-09,delhi,Delhi,2025-02-15,Silver
1500,karan,Bose,karan.bose1500@yahoo.com,09907082378,MALE,1970-04-30,Pune,Maharashtra,2023-12-25,Silver
1405, PRIYA ,Bose,priya.bose1405example.com,+91 97704 13161,f,03-Sep-1973,Madras,Tamil Nadu,2025-03-09,Bronze
340,sneha,Patel,,09955017516,Female,12/02/1977,jaipur,Rajasthan,2022-05-21,Silver
1127,Swathi,Mehta,swathi.mehta1127@yahoo.com,9962628851,MALE,28/02/1983,mumbai,Maharashtra,2024-01-31,Silver
1202,Vikram,Menon,vikram.menon1202@yahoo.com,+91 92344 11426,male,1986-02-27,Mumbai,Maharashtra,2025-03-22,Bronze
1669,Vikram,Mehta,VIKRAM.MEHTA1669@GMAIL.COM,09614862984,F,12-27-1965,BLR,Karnataka,2022-08-16,Silver
2247,priya,Nair,priya.nair2247@example.com,09265553928,male,26-Dec-1966,Chennai,Tamil Nadu,2025-07-12,Silver
1137,Pooja,GUPTA,POOJA.GUPTA1137@OUTLOOK.COM,09355144027,M,31-Oct-1977,hyderabad,Telangana,2023-01-30,Bronze
2398,Rohan,Kapoor,rohan.kapoor2398@gmail.com,93357-87043,female,20/02/1990,Madras,Tamil Nadu,2025-01-27,Bronze
1329,Diya,Rao,diya.rao1329gmail.com,9865454649,male,1986-02-19,Madras,Tamil Nadu,2024-01-31,Bronze
2401,santosh,Singh,santosh.singh2401@yahoo.com,09246655145,f,1996-03-08,Bombay,Maharashtra,2025-09-28,Bronze
2097,Ananya,Pillai,ananya.pillai2097@gmail.com,9045489125,Male,2003-07-25,Bengaluru,Karnataka,2023-07-02,Silver
2634,Naveen,Singh,naveen.singh2634@outlook.com,09373740424,Female,11-06-1978,pune,Maharashtra,2024-05-31,Gold
122,Riya,Shetty,riya.shetty122@yahoo.com,9649908813,male,05/04/1999,pune,Maharashtra,2023-04-06,Silver
1438,naveen,Patel,naveen.patel1438@yahoo.com,+91-9534507420,Male,29/10/1998,Mumbai,Maharashtra,2023-12-18,Bronze
2038,Aditya,Iyer,aditya.iyer2038@outlook.com,96170-83521,f,08-12-1975,BLR,Karnataka,2022-11-12,Bronze
982, RIYA ,Sharma,riya.sharma982@outlook.com,09313686051,F,09-Nov-1980,gurugram,Haryana,2024-04-13,Bronze
1569, ANANYA ,Naidu,ananya.naidu1569@gmail.com,9966300439,Female,N/A,mumbai,Maharashtra,2024-08-10,Bronze
2113,Rohan,Kapoor,rohan.kapoor2113@yahoo.com,+91 90641 79524,female,N/A,Madras,Tamil Nadu,2024-08-24,Bronze
1323,Harini,KUMAR,harini.kumar1323@gmail.com,+91-9768223301,Male,1979-05-20,BLR,Karnataka,,Silver
2778,manoj,Bose,manoj.bose2778@outlook.com,+91 91385 55857,f,1970-09-22,Mumbai,Maharashtra,2024-12-25,Bronze
2265, VIVAAN ,Shetty,vivaan.shetty2265@example.com,95377-43920,Female,10/08/1984,mumbai,Maharashtra,2022-10-16,Silver
362,naveen,Naidu,naveen.naidu362@yahoo.com,09565532279,Female,1982-01-26,Bengaluru,Karnataka,2023-11-14,Bronze
479,Manoj,PATEL,manoj.patel479@gmail.com,96738-12985,MALE,05-01-1991,Pune,Maharashtra,2024-06-29,Platinum
1478,Ramesh,Mehta,ramesh.mehta1478@gmail.com,9317667452,Male,1989-11-15,lucknow,Uttar Pradesh,2024-10-09,Silver
265,pooja,Rao,pooja.rao265@yahoo.com,+91-9487220301,Male,03-05-1966,Jaipur,Rajasthan,2024-12-12,Silver
2807,riya,PILLAI,riya.pillai2807@gmail.com,94808-21459,male,2003-11-09,coimbatore,Tamil Nadu,2023-02-15,Bronze
878,Aarav,Rao,aarav.rao878@example.com,9112182328,Male,09-12-1985,coimbatore,Tamil Nadu,2023-05-31,Bronze
2088,Harini,Menon,harini.menon2088@yahoo.com,93191-81749,MALE,1991-05-02,madurai,Tamil Nadu,2025-03-05,Bronze
1412,Ishaan,Sharma,ishaan.sharma1412@gmail.com,09553641493,female,30/01/1970,kochi,Kerala,2022-08-11,Bronze
1016,Lakshmi,Joshi,lakshmi.joshi1016@outlook.com,09191863830,female,1972-06-10,Chennai,Tamil Nadu,2024-06-05,Bronze
1110,vikram,Bose,vikram.bose1110@outlook.com,9185095901,MALE,04-Nov-1970,Madras,Tamil Nadu,2023-03-11,Bronze
1688,Sneha,Menon,sneha.menon1688@gmail.com,+91-9876651399,Female,1990-07-24,Mumbai,Maharashtra,2022-09-25,Bronze
2867,arjun,Menon,arjun.menon2867@outlook.com,+91 94838 62113,MALE,1972-06-10,Hyderabad,Telangana,2023-10-12,Bronze
356,Ananya,IYER,ananya.iyer356@gmail.com,,f,N/A,mumbai,Maharashtra,2024-10-23,Bronze
1433,Diya,Reddy,diya.reddy1433@gmail.com,+91 93654 34357,f,1974-08-02,Bengaluru,Karnataka,2023-05-13,Bronze
2957,Tanvi,Bose,tanvi.bose2957@gmail.com,09253693527,Female,1994-11-15,mysuru,Karnataka,2024-12-19,Bronze
698,Ramesh,Iyer,ramesh.iyer698@yahoo.com,+91-9728237622,male,01-Dec-1992,Bombay,Maharashtra,2024-12-30,Silver
1204,Arjun,Patel,arjun.patel1204@gmail.com,+91 98116 04435,O,1972-10-21,delhi,Delhi,2022-05-10,Bronze
42,Diya,Verma,diya.verma42@example.com,+91-9487890245,male,15-Feb-1977,kolkata,West Bengal,2025-05-25,Gold
842, DIVYA ,Gupta,divya.gupta842@outlook.com,09663887797,O,16/03/1967,Gurugram,Haryana,2023-12-23,Bronze
869, DEEPAK ,Kumar,deepak.kumar869@outlook.com,09652796239,Female,2002-05-19,Bangalore ,Karnataka,2025-04-11,Bronze
423,Rohan,KUMAR,rohan.kumar423@gmail.com,9648734019,female,22-Dec-1995,bangalore,Karnataka,2025-03-25,Bronze
1708,Diya,Joshi,diya.joshi1708@yahoo.com,+91 95828 83061,MALE,01/05/1971,hyderabad,Telangana,2022-07-20,Bronze
1876, TANVI ,Reddy,tanvi.reddy1876@outlook.com,+91 97077 45815,male,27/11/1975,gurugram,Haryana,2022-11-23,Bronze
1517,Aarav,Bose,aarav.bose1517@yahoo.com,+91 90015 44736,F,1999-05-13,bangalore,Karnataka,2022-01-10,Bronze
1337,kiran,Reddy,KIRAN.REDDY1337@YAHOO.COM,+91 90477 64921,F,07/02/1980,Chennai,Tamil Nadu,2022-07-12,Bronze
1921, ANANYA ,Rao,ananya.rao1921@gmail.com,+91 96333 68354,female,1974-09-01,Mumbai,Maharashtra,2022-05-18,Silver
264,Harini,Mehta,HARINI.MEHTA264@GMAIL.COM,+91-9866044252,female,05-08-1994,Mysuru,Karnataka,2023-02-13,Bronze
1891, KARAN ,Kumar,karan.kumar1891gmail.com,9258178064,female,20-Dec-1972,Madras,Tamil Nadu,2023-11-08,Gold
1445, SANTOSH ,Kapoor,santosh.kapoor1445@gmail.com,09540798502,MALE,02-25-1966,chennai ,Tamil Nadu,2025-02-17,Bronze
921,Rahul,Reddy,rahul.reddy921@yahoo.com,9181906358,F,1980-06-02,bangalore,Karnataka,2023-04-11,Silver
867,kavya,PATEL,kavya.patel867@outlook.com,09295105521,Female,11-21-1990,Kolkata,West Bengal,2022-05-20,Bronze
2832,ramesh,Menon,ramesh.menon2832@outlook.com,09480481070,f,08-08-2003,Hyderabad,Telangana,2025-01-22,Silver
2366, SANTOSH ,Nair,santosh.nair2366@yahoo.com,+91 97940 92349,O,07-03-1973,New Delhi,Delhi,2025-04-03,Silver
2645,Vivaan,Kumar,vivaan.kumar2645@gmail.com,9166496927,male,11-28-1999,coimbatore,Tamil Nadu,2022-11-26,Bronze
2246,Swathi,Rao,swathi.rao2246@gmail.com,+91-9940904732,male,13/08/1968,Madras,Tamil Nadu,2023-11-10,Silver
1313,neha,Mehta,neha.mehta1313@outlook.com,09141797260,M,02-13-1968,mumbai,Maharashtra,2025-02-28,Bronze
32,Manoj,Singh,manoj.singh32@example.com,9474932416,MALE,1998-10-05,kochi,Kerala,2022-08-23,Silver
2346, KIRAN ,Gupta,kiran.gupta2346@yahoo.com,+91-9248930150,female,21-Jun-2000,Bengaluru,Karnataka,2023-10-13,Bronze
2763,Ramesh,Reddy,ramesh.reddy2763@yahoo.com,+91-9005068762,MALE,16/10/1984,bangalore,Karnataka,2025-01-11,Silver
476,Vikram,Sharma,vikram.sharma476@outlook.com,+91 98057 93170,male,04-24-1992,coimbatore,Tamil Nadu,2023-06-19,Silver
871,Ishaan,Rao,ishaan.rao871@gmail.com,09961809320,F,05-Sep-1972,New Delhi,Delhi,2025-05-15,Gold
877,Kavya,SHETTY,kavya.shetty877@yahoo.com,09540572448,MALE,05/12/1975,hyderabad,Telangana,2025-07-05,Silver
1782,Ishaan,Menon,ishaan.menon1782@yahoo.com,09843591627,male,1987-12-23,gurugram,Haryana,2023-04-07,Platinum
661,Aditya,Nair,aditya.nair661@yahoo.com,9431764406,Male,21/11/1966,Chennai,Tamil Nadu,2022-03-03,Platinum
161,rahul,Joshi,rahul.joshi161@example.com,,female,18/09/1996,Bengaluru,Karnataka,2022-11-03,Bronze
2005,Naveen,Rao,naveen.rao2005@example.com,+91 96221 40174,f,07-27-1987,Bengaluru,Karnataka,2025-09-27,Bronze
1045,Divya,Das,divya.das1045@outlook.com,+91-9369691103,female,16-Mar-1999,Bangalore ,Karnataka,2024-07-20,Platinum
1293,vikram,Verma,vikram.verma1293@example.com,+91-9044288068,female,30-Apr-1985,Mumbai,Maharashtra,2023-12-05,Silver
841,vikram,Shetty,VIKRAM.SHETTY841@EXAMPLE.COM,09000566603,f,18/08/1967,Bangalore ,Karnataka,2022-12-04,Silver
860,Lakshmi,Patel,LAKSHMI.PATEL860@EXAMPLE.COM,+91 98310 03924,male,05-02-1998,mumbai,Maharashtra,2023-05-08,Silver
1224,Siddharth,Rao,siddharth.rao1224@yahoo.com,9026967699,male,N/A,Pune,Maharashtra,2023-12-13,Bronze
1612,ishaan,Rao,ishaan.rao1612@example.com,96991-14954,f,1999-09-20,delhi,Delhi,2024-03-01,Bronze
1424,Deepak,Reddy,deepak.reddy1424@yahoo.com,09814458533,F,02-27-1981,hyderabad,Telangana,2024-11-25,Bronze
2394,Arjun,IYER,arjun.iyer2394@outlook.com,9990135194,f,12-17-1968,BLR,Karnataka,2024-09-29,Gold
550,Manoj,Sharma,manoj.sharma550@outlook.com,+91 94714 02126,M,01-07-1989,Hyderabad,Telangana,2022-07-24,Bronze
2918, VIVAAN ,Joshi,vivaan.joshi2918@example.com,+91-9710447802,Male,31-Oct-1980,Kolkata,West Bengal,2024-11-14,Bronze
2604,Manoj,Rao,,09236636833,Other,1987-11-27,delhi,Delhi,2023-07-15,Gold
2960, KIRAN ,JOSHI,kiran.joshi2960@yahoo.com,+91 98277 59208,f,27-Oct-2000,Ahmedabad,Gujarat,2025-04-27,Bronze
2499,Sneha,Sharma,SNEHA.SHARMA2499@GMAIL.COM,96460-28689,female,10/01/1990,gurugram,Haryana,2024-05-03,Bronze
210,Tanvi,JOSHI,tanvi.joshi210@yahoo.com,90726-68788,Female,03-12-1994,Bombay,Maharashtra,2023-08-15,Bronze
1861,Tanvi,Sharma,tanvi.sharma1861@gmail.com,09424677543,Female,1994-12-28,Bombay,Maharashtra,2024-04-03,Bronze
127,Ishaan,Kapoor,ishaan.kapoor127@example.com,09236031697,M,03-23-1972,Coimbatore,Tamil Nadu,2024-09-06,Bronze
2200,Harini,KUMAR,harini.kumar2200@example.com,95573-76784,M,19-Apr-1974,pune,Maharashtra,2022-05-03,Silver
1700,Vikram,Reddy,vikram.reddy1700@example.com,96632-53226,F,06-12-1966,delhi,Delhi,2025-08-16,Bronze
1586,Aarav,Kapoor,aarav.kapoor1586@example.com,99620-29772,MALE,05-29-1966,Jaipur,Rajasthan,2022-08-12,Platinum
2920,Lakshmi,Singh,lakshmi.singh2920@yahoo.com,09464545312,Female,08/01/1990,New Delhi,Delhi,2022-10-12,Bronze
2050,Ramesh,Patel,ramesh.patel2050@example.com,+91-9248964667,F,07-30-1973,madurai,Tamil Nadu,2025-05-15,Bronze
2828,Ishaan,PATEL,ishaan.patel2828@example.com,09950781579,female,1985-09-19,chennai ,Tamil Nadu,2023-01-04,Bronze
2408,sneha,PILLAI,sneha.pillai2408outlook.com,+91 95352 95833,female,15/07/1984,coimbatore,Tamil Nadu,2023-11-20,Silver
412,priya,Patel,priya.patel412@outlook.com,+91 93044 71564,f,16-Sep-1998,pune,Maharashtra,2024-02-08,Silver
2306,kavya,MENON,kavya.menon2306@yahoo.com,9505550767,MALE,06/10/1966,Coimbatore,Tamil Nadu,2024-02-10,Bronze
894,santosh,Menon,santosh.menon894@outlook.com,99767-98154,MALE,09-11-1986,Bengaluru,Karnataka,2025-08-08,Bronze
1490, ADITYA ,Kumar,aditya.kumar1490@gmail.com,94760-15588,Male,1997-02-12,mumbai,Maharashtra,2025-01-29,Platinum
1697, NEHA ,Iyer,neha.iyer1697@gmail.com,+91-9285028841,MALE,22-Jun-1980,chennai ,Tamil Nadu,2024-02-18,Bronze
1903,Ananya,Sharma,ananya.sharma1903@gmail.com,+91-9516809602,female,28-Jan-1988,Kolkata,West Bengal,2024-05-14,Silver
1205, AARAV ,Joshi,aarav.joshi1205@example.com,91209-82029,f,11-Apr-1974,BLR,Karnataka,2025-04-30,Bronze
693,Lakshmi,MENON,lakshmi.menon693@gmail.com,96332-68142,F,N/A,Madras,Tamil Nadu,2024-07-12,Gold
947,Meera,Joshi,meera.joshi947@outlook.com,09254240514,f,08-06-1996,New Delhi,Delhi,2025-09-25,Bronze
538,Naveen,Reddy,naveen.reddy538@gmail.com,+91-9376709419,female,10/04/2001,mysuru,Karnataka,2025-01-01,Bronze
516,Siddharth,Shetty,siddharth.shetty516@gmail.com,+91 90167 71236,male,23-Dec-2000,Madras,Tamil Nadu,2023-10-26,Silver
1291,Santosh,Singh,santosh.singh1291@gmail.com,9935019992,Male,07/09/1995,Hyderabad,Telangana,2023-07-29,Silver
1390,deepak,Kapoor,deepak.kapoor1390@example.com,9826738422,Male,12-22-1986,Bengaluru,Karnataka,2024-06-05,Platinum
2822,diya,SHETTY,diya.shetty2822@gmail.com,+91 98282 49465,male,04-Apr-1985,pune,Maharashtra,2025-05-08,Silver
2656,Deepak,Reddy,deepak.reddy2656@outlook.com,92651-68382,M,09-20-1972,Jaipur,Rajasthan,2022-09-06,Bronze
267,Santosh,Das,santosh.das267@outlook.com,09178764078,MALE,11-07-1969,chennai ,Tamil Nadu,2022-11-26,Bronze
633,rohan,Reddy,rohan.reddy633@yahoo.com,9662447105,female,1981-10-18,BLR,Karnataka,2024-05-30,Platinum
1599,Aarav,Bose,aarav.bose1599@gmail.com,09475581975,Male,02-20-1972,Gurugram,Haryana,2023-02-05,Bronze
2439,rahul,Shetty,rahul.shetty2439@outlook.com,+91-9103731042,f,10-17-1966,hyderabad,Telangana,2023-12-27,Bronze
1850,Karan,Naidu,karan.naidu1850@outlook.com,+91 97521 73199,f,29/10/1968,Delhi,Delhi,2022-04-16,Bronze
1168,Manoj,Verma,manoj.verma1168@gmail.com,+91-9488501689,Male,1997-12-20,mumbai,Maharashtra,2024-08-28,Bronze
690,Neha,Gupta,neha.gupta690@outlook.com,94793-94570,MALE,12-Mar-1990,Mumbai,Maharashtra,2022-10-21,Silver
2151,lakshmi,Sharma,lakshmi.sharma2151@example.com,9121833369,f,29-Jul-1992,Pune,Maharashtra,2025-02-12,Bronze
2787,Rahul,Das,rahul.das2787@example.com,+91 97101 34297,F,04-Sep-1981,New Delhi,Delhi,2024-01-16,Gold
1175,arjun,Shetty,arjun.shetty1175@outlook.com,97718-88826,M,12-21-1972,Bombay,Maharashtra,2023-11-18,Bronze
2240,meera,Verma,meera.verma2240@example.com,,MALE,27/06/1977,Bombay,Maharashtra,2022-11-24,Bronze
2500,Lakshmi,Shetty,lakshmi.shetty2500@example.com,+91-9323523139,Male,15/03/2002,Mumbai,Maharashtra,2024-11-05,Gold
1183,Vivaan,Sharma,VIVAAN.SHARMA1183@OUTLOOK.COM,+91 90910 45210,f,1983-04-01,bangalore,Karnataka,2025-04-19,Bronze
808, HARINI ,Kapoor,harini.kapoor808@outlook.com,09668127702,f,1983-07-19,Madras,Tamil Nadu,2023-10-16,Gold
2615,Rohan,Pillai,rohan.pillai2615@outlook.com,+91 93760 15908,M,16/01/1982,Madras,Tamil Nadu,2022-05-22,Gold
2461,Deepak,Nair,deepak.nair2461@example.com,+91 94812 73958,f,22-Jul-1983,kolkata,West Bengal,2023-11-15,Silver
1686,tanvi,Kapoor,tanvi.kapoor1686@yahoo.com,+91 95007 34623,f,18/05/1972,Madras,Tamil Nadu,2023-03-23,Bronze
2762, NEHA ,SINGH,neha.singh2762@example.com,+91-9393744664,male,03-Apr-1992,ahmedabad,Gujarat,2024-03-20,Bronze
211,Vivaan,Chopra,vivaan.chopra211@gmail.com,+91-9643332352,MALE,2002-07-31,Delhi,Delhi,2024-07-02,Silver
421,Sneha,Kumar,sneha.kumar421@yahoo.com,+91 90042 02297,M,05-26-1965,pune,Maharashtra,2022-09-25,Bronze
138, MANOJ ,MENON,manoj.menon138@gmail.com,+91-9410696763,Male,03-Jan-1992,mumbai,Maharashtra,2023-03-21,Silver
2543,meera,Nair,meera.nair2543@gmail.com,93378-43410,MALE,1974-06-24,madurai,Tamil Nadu,2022-10-04,Silver
2229,ananya,Mehta,ananya.mehta2229@yahoo.com,+91-9829616329,Female,06-23-1982,BLR,Karnataka,2022-04-21,Silver
1702,priya,Naidu,priya.naidu1702@yahoo.com,09351378296,f,1975-02-27,lucknow,Uttar Pradesh,2022-03-15,Bronze
487,Ramesh,GUPTA,ramesh.gupta487@yahoo.com,09079510926,Male,06-19-1995,Mumbai,Maharashtra,2023-12-03,Bronze
857,Santosh,Singh,santosh.singh857@gmail.com,09339000809,Male,11/11/1974,New Delhi,Delhi,2023-02-02,Bronze
511,Vikram,Reddy,vikram.reddy511@gmail.com,+91-9798183299,F,11/10/1972,BLR,Karnataka,2023-12-06,Bronze
2295,Aditya,Bose,aditya.bose2295@gmail.com,9179682889,Female,21/06/1968,coimbatore,Tamil Nadu,2023-07-01,Bronze
1947,Manoj,Pillai,manoj.pillai1947@example.com,9401603102,f,11/04/1988,chennai ,Tamil Nadu,2022-01-16,Gold
523, ISHAAN ,Kapoor,ishaan.kapoor523@gmail.com,,male,06-04-1982,Mysuru,Karnataka,2025-08-16,Gold
2690,Manoj,Kumar,manoj.kumar2690@outlook.com,09067155162,F,1980-08-27,Bombay,Maharashtra,2023-09-13,Gold
2243,pooja,Patel,pooja.patel2243@outlook.com,09789511689,NA,18-Nov-1985,hyderabad,Telangana,2023-11-20,Gold
1201,Santosh,REDDY,SANTOSH.REDDY1201@YAHOO.COM,93181-57093,M,03-20-1972,mumbai,Maharashtra,2024-09-18,Gold
752, PRIYA ,Menon,priya.menon752@yahoo.com,9671732024,male,08/09/1973,coimbatore,Tamil Nadu,2024-02-11,Bronze
2688,rahul,Menon,rahul.menon2688@gmail.com,+91 96668 71356,M,24/01/2003,pune,Maharashtra,2024-01-03,Silver
1893,Siddharth,Reddy,siddharth.reddy1893@outlook.com,95006-37117,male,12-22-1994,Mumbai,Maharashtra,2023-07-28,Gold
508,Meera,Kumar,meera.kumar508@gmail.com,+91 99517 08271,M,1996-02-05,kolkata,West Bengal,2022-09-02,Bronze
731,Santosh,Naidu,santosh.naidu731@gmail.com,09538389875,female,1966-05-29,coimbatore,Tamil Nadu,2024-09-03,Gold
494,Ananya,Mehta,ananya.mehta494@example.com,09121293738,male,1983-10-28,coimbatore,Tamil Nadu,2023-11-12,Gold
2227,Sneha,Naidu,sneha.naidu2227@yahoo.com,94159-54473,female,26-Aug-1982,Delhi,Delhi,2025-02-16,Bronze
2702,Rohan,Shetty,rohan.shetty2702@gmail.com,97605-81529,female,22-Jul-1975,Bombay,Maharashtra,2022-06-22,Silver
1929,Harini,PATEL,harini.patel1929@outlook.com,9755073340,MALE,10-13-1989,BLR,Karnataka,2024-07-22,Silver
1943,Riya,Rao,riya.rao1943@gmail.com,9791836318,F,03-Oct-1991,hyderabad,Telangana,2024-07-26,Silver
2713, DIVYA ,Bose,divya.bose2713@yahoo.com,09524758547,Female,03-28-1995,Madras,Tamil Nadu,2024-12-31,Gold
1062,Vivaan,Sharma,vivaan.sharma1062@example.com,+91 93284 08235,M,24-Aug-1986,Pune,Maharashtra,2023-06-02,Gold
2021,Vikram,Kumar,VIKRAM.KUMAR2021@OUTLOOK.COM,09283574849,Male,23-Feb-1983,Pune,Maharashtra,2025-02-05,Silver
2900,aarav,Joshi,aarav.joshi2900@yahoo.com,09606265145,M,12-27-1975,Hyderabad,Telangana,2023-08-23,Silver
2013,Vivaan,Sharma,vivaan.sharma2013@example.com,+91-9733527375,f,1979-08-04,bangalore,Karnataka,2023-02-17,Silver
1651,Diya,Das,diya.das1651@yahoo.com,09254709784,F,08-31-1983,Madras,Tamil Nadu,2022-09-16,Silver
943, NEHA ,Bose,neha.bose943@outlook.com,09433469319,F,13-Jun-2004,Madras,Tamil Nadu,2022-12-12,Silver
455,Kavya,Patel,kavya.patel455@outlook.com,+91-9950806717,f,1965-07-26,Bengaluru,Karnataka,2022-04-14,Bronze
2433,Aditya,Das,aditya.das2433@example.com,+91 93018 84824,female,05/07/1966,mumbai,Maharashtra,2025-01-22,Gold
1742,diya,Iyer,diya.iyer1742@gmail.com,+91 96370 16568,Male,05/10/1966,Madras,Tamil Nadu,2022-08-22,Silver
500,Meera,Iyer,,09914533123,f,14-Feb-1998,Mumbai,Maharashtra,2022-08-07,Bronze
2732,Arjun,SINGH,ARJUN.SINGH2732@GMAIL.COM,09058883488,Female,02-Oct-1973,coimbatore,Tamil Nadu,2024-03-04,Bronze
576,Priya,Chopra,priya.chopra576@gmail.com,+91-9522849875,F,29/05/1987,mumbai,Maharashtra,,Bronze
1294,Ananya,Kapoor,ananya.kapoor1294@outlook.com,+91-9266087237,MALE,N/A,Coimbatore,Tamil Nadu,2022-06-18,Bronze
2332,Rahul,Joshi,rahul.joshi2332@gmail.com,+91-9573949628,f,11/02/2003,hyderabad,Telangana,2024-06-16,Silver
1983,Pooja,Naidu,pooja.naidu1983@outlook.com,+91-9061387355,female,19-Aug-1984,Kolkata,West Bengal,2024-07-25,Gold
528,Meera,Das,meera.das528@yahoo.com,9077752035,MALE,1998-12-26,lucknow,Uttar Pradesh,2025-02-01,Bronze
1994,Aditya,Shetty,aditya.shetty1994@example.com,92072-86491,female,14-May-1977,Bengaluru,Karnataka,2022-01-22,Bronze
587,Pooja,NAIDU,pooja.naidu587@gmail.com,9486086275,male,1968-05-16,Madras,Tamil Nadu,2025-06-22,Bronze
2360,swathi,GUPTA,SWATHI.GUPTA2360@EXAMPLE.COM,+91 93121 86687,Male,06-03-1991,Mysuru,Karnataka,2023-05-14,Bronze
2602,meera,MEHTA,meera.mehta2602@gmail.com,+91-9384988929,MALE,17-Oct-1974,Pune,Maharashtra,2024-11-11,Gold
2834,Pooja,Pillai,pooja.pillai2834@yahoo.com,+91-9700132436,f,N/A,Kolkata,West Bengal,2024-12-24,Bronze
140,Kavya,Menon,kavya.menon140@yahoo.com,+91 99739 74350,male,16-Nov-1978,BLR,Karnataka,2025-07-03,Silver
2956,Rahul,Singh,rahul.singh2956@yahoo.com,94448-54462,male,1982-05-05,madurai,Tamil Nadu,2023-10-04,Bronze
903,Lakshmi,Patel,lakshmi.patel903@outlook.com,,F,1978-03-08,Bengaluru,Karnataka,2025-09-14,Silver
929, MANOJ ,Reddy,manoj.reddy929@gmail.com,+91 94996 45938,MALE,1980-04-28,Bombay,Maharashtra,2024-12-26,Bronze
1053,Santosh,Pillai,santosh.pillai1053@yahoo.com,+91 95495 73145,MALE,1969-02-25,Chennai,Tamil Nadu,2023-12-16,Bronze
1661, SNEHA ,MENON,sneha.menon1661@outlook.com,9495346150,male,03-Nov-1975,Mysuru,Karnataka,2025-06-17,Silver
2468,Ramesh,Kapoor,ramesh.kapoor2468@yahoo.com,9705735750,female,31/12/1975,Bombay,Maharashtra,,Bronze
1089,Ishaan,Mehta,ishaan.mehta1089@example.com,9809348606,M,27/01/1966,mumbai,Maharashtra,2025-05-31,Gold
2052,naveen,Naidu,,+91-9873071240,female,02-Mar-1970,bangalore,Karnataka,2024-12-20,Gold
357, SANTOSH ,Chopra,santosh.chopra357gmail.com,95133-52963,male,20/01/1988,delhi,Delhi,2024-04-08,Gold
1304,Karan,Verma,karan.verma1304@example.com,+91 97560 22430,male,06-Jan-1997,Chennai,Tamil Nadu,2022-07-20,Gold
1193,riya,SHARMA,riya.sharma1193@example.com,+91 95691 28477,Female,1974-03-05,Kolkata,West Bengal,2023-02-10,Bronze
2129,Karan,Naidu,karan.naidu2129@outlook.com,09620364702,Female,13/04/1976,bangalore,Karnataka,2023-07-05,Gold
2871,Aarav,Reddy,aarav.reddy2871@gmail.com,9150708229,f,1986-01-25,Pune,Maharashtra,2023-06-11,Silver
2222,Siddharth,Sharma,siddharth.sharma2222@example.com,+91 99471 84977,female,03-Dec-1979,hyderabad,Telangana,2022-04-19,Bronze
1298,Rahul,Kapoor,rahul.kapoor1298@outlook.com,09323727461,male,01-02-1973,Mysuru,Karnataka,2022-05-30,Bronze
104,Aditya,Joshi,aditya.joshi104@example.com,+91-9875073363,F,25-Mar-1988,kochi,Kerala,2022-10-21,Silver
1894,Karan,Bose,karan.bose1894@gmail.com,+91-9207795467,MALE,09-26-1997,Bengaluru,Karnataka,2024-12-15,Bronze
2188,Rohan,SHARMA,rohan.sharma2188@gmail.com,+91 99038 63648,male,06-May-1990,Bombay,Maharashtra,2024-07-07,Bronze
499,Siddharth,NAIDU,siddharth.naidu499@outlook.com,,MALE,25-Oct-1971,hyderabad,Telangana,2023-06-16,Bronze
1044,Swathi,BOSE,swathi.bose1044@outlook.com,+91-9402849298,male,1990-01-31,Pune,Maharashtra,2025-07-03,Silver
341, VIKRAM ,Joshi,vikram.joshi341@yahoo.com,09726942994,Female,1976-02-20,Bengaluru,Karnataka,2024-12-27,Bronze
409, NEHA ,Patel,NEHA.PATEL409@YAHOO.COM,+91 91316 98340,f,28/01/1966,Bangalore ,Karnataka,2024-09-19,Silver
2800,Ramesh,Verma,ramesh.verma2800@outlook.com,9110133943,male,06-Mar-1997,Delhi,Delhi,2025-07-27,Silver
2219,Meera,PATEL,meera.patel2219@outlook.com,9359862321,MALE,11-May-1976,Jaipur,Rajasthan,2023-05-18,Silver
1837, DIYA ,KUMAR,diya.kumar1837@example.com,99058-83411,M,05/02/1979,bangalore,Karnataka,2024-11-23,Gold
185,Rohan,Shetty,rohan.shetty185@example.com,9802123435,M,05-07-1980,Delhi,Delhi,2023-10-03,Silver
838, VIVAAN ,Naidu,vivaan.naidu838@yahoo.com,9037006347,F,02-04-1986,Lucknow,Uttar Pradesh,2025-01-04,Bronze
457, VIKRAM ,Verma,vikram.verma457@example.com,+91-9517608786,MALE,06-24-1996,lucknow,Uttar Pradesh,2023-03-23,Bronze
2022,rahul,IYER,rahul.iyer2022@yahoo.com,+91 91818 65866,MALE,12-26-1993,bangalore,Karnataka,2023-01-07,Bronze
342,Kiran,NAIR,kiran.nair342@yahoo.com,94803-56638,female,1971-11-05,kochi,Kerala,2022-09-26,Gold
764,Divya,Menon,divya.menon764@yahoo.com,91479-91440,female,29-Sep-1981,bangalore,Karnataka,2025-03-19,Silver
200,Rohan,Gupta,rohan.gupta200@gmail.com,09960488841,O,12/10/2003,Coimbatore,Tamil Nadu,2025-05-14,Silver
1288,Rohan,Naidu,rohan.naidu1288@gmail.com,+91-9751632204,MALE,13/01/1969,coimbatore,Tamil Nadu,2022-02-05,Platinum
465, ARJUN ,Iyer,arjun.iyer465@gmail.com,96010-33339,Female,1996-11-25,mumbai,Maharashtra,2023-03-01,Gold
1225,Neha,Pillai,neha.pillai1225@gmail.com,+91 91498 54045,Female,25/02/2000,Madras,Tamil Nadu,2024-07-12,Silver
1848,Harini,Sharma,harini.sharma1848@outlook.com,92196-20780,Male,1966-08-18,pune,Maharashtra,2022-06-14,Bronze
2385,kiran,Reddy,kiran.reddy2385@example.com,+91-9314230526,MALE,1989-09-15,BLR,Karnataka,2022-09-06,Bronze
960,Pooja,Naidu,POOJA.NAIDU960@YAHOO.COM,99475-94698,Female,03/10/1993,Mumbai,Maharashtra,2024-03-02,Gold
2124,manoj,Gupta,manoj.gupta2124@gmail.com,+91-9055204782,male,08-May-1984,Madras,Tamil Nadu,2024-01-15,Bronze
11,diya,Kumar,diya.kumar11@example.com,9144394823,female,1996-09-10,hyderabad,Telangana,2023-12-08,Platinum
1502,Aditya,Kumar,aditya.kumar1502@gmail.com,9197233848,Female,30-Mar-2003,Kochi,Kerala,2023-09-26,Bronze
530,Ananya,MEHTA,ananya.mehta530@gmail.com,9306239573,MALE,11-Jan-1971,coimbatore,Tamil Nadu,2024-05-20,Bronze
2916,Riya,Verma,riya.verma2916@example.com,+91 91184 20280,male,23/12/1971,mysuru,Karnataka,2022-06-25,Bronze
2297,ramesh,Shetty,ramesh.shetty2297outlook.com,94080-22703,F,09-Aug-1981,delhi,Delhi,2023-04-11,Bronze
2312,Aarav,Reddy,aarav.reddy2312@example.com,98442-49051,male,06/08/1978,Bengaluru,Karnataka,2024-03-31,Bronze
272, DEEPAK ,Verma,deepak.verma272outlook.com,+91-9367109763,male,10-19-1992,Madras,Tamil Nadu,2022-04-09,Bronze
1839,ramesh,Sharma,ramesh.sharma1839@gmail.com,+91-9111080289,F,12-Jun-1996,Delhi,Delhi,2023-06-05,Bronze
582,Ananya,Kumar,ananya.kumar582@outlook.com,+91-9040369226,female,1981-03-14,mumbai,Maharashtra,2025-07-07,Bronze
237,Lakshmi,Menon,LAKSHMI.MENON237@OUTLOOK.COM,90856-06437,Male,18/10/2004,hyderabad,Telangana,2023-10-10,Silver
1049,Ramesh,Singh,RAMESH.SINGH1049@YAHOO.COM,92247-57044,F,2003-04-25,kolkata,West Bengal,2024-01-28,Platinum
1008,Tanvi,Nair,tanvi.nair1008@example.com,09830078670,MALE,06-Apr-1973,coimbatore,Tamil Nadu,2025-08-18,Bronze
1156,rahul,Iyer,rahul.iyer1156@gmail.com,92458-44107,F,11/04/1992,Bangalore ,Karnataka,2023-12-13,Gold
1553,meera,Naidu,meera.naidu1553@gmail.com,,Male,1981-06-05,Coimbatore,Tamil Nadu,,Bronze
1978,Kiran,Mehta,kiran.mehta1978@gmail.com,,F,28-Jul-1978,jaipur,Rajasthan,2022-11-16,Gold
347,Pooja,Kapoor,pooja.kapoor347@yahoo.com,9845888179,Female,07-22-1975,Jaipur,Rajasthan,2022-04-13,Bronze
1684,tanvi,Sharma,tanvi.sharma1684@outlook.com,+91 97804 66662,F,06-25-1973,Chennai,Tamil Nadu,2022-09-06,Silver
2585, ROHAN ,Singh,rohan.singh2585@outlook.com,,f,02/11/1986,BLR,Karnataka,2025-08-07,Silver
854,Aditya,Reddy,aditya.reddy854@example.com,95706-38788,MALE,07-10-1970,ahmedabad,Gujarat,2024-02-03,Bronze
1836,Pooja,Shetty,pooja.shetty1836@gmail.com,+91 92933 61089,MALE,07-03-1981,bangalore,Karnataka,2023-11-28,Silver
2231,Siddharth,Kapoor,SIDDHARTH.KAPOOR2231@EXAMPLE.COM,9300996154,male,08-Jan-1965,Madurai,Tamil Nadu,2023-10-03,Gold
302,aarav,Bose,aarav.bose302@gmail.com,+91-9712172640,Female,25-Oct-1978,Bangalore ,Karnataka,2024-09-19,Bronze
2193,Karan,Joshi,karan.joshi2193@gmail.com,09259384144,Male,1995-01-17,Delhi,Delhi,2025-07-14,Silver
194,Aditya,MEHTA,aditya.mehta194@outlook.com,9672342497,f,15/06/1983,kolkata,West Bengal,2022-11-08,Bronze
2672, ADITYA ,Verma,aditya.verma2672@yahoo.com,+91-9119734094,M,24-Mar-2002,hyderabad,Telangana,2025-03-24,Bronze
1670,Vikram,Gupta,vikram.gupta1670@gmail.com,+91-9913998126,Female,17/12/1998,Kolkata,West Bengal,2022-05-26,Silver
2644,pooja,Bose,pooja.bose2644@outlook.com,9417854129,M,1986-01-10,kolkata,West Bengal,2023-03-22,Silver
2191,Karan,Reddy,karan.reddy2191@outlook.com,+91-9036713673,F,17/02/1977,Bangalore ,Karnataka,2025-05-19,Bronze
2019,rahul,Nair,rahul.nair2019@example.com,09011451755,male,1986-11-30,pune,Maharashtra,2024-04-02,Bronze
493,vikram,Das,VIKRAM.DAS493@GMAIL.COM,+91 95548 45511,f,01/02/1984,Pune,Maharashtra,2022-05-31,Bronze
2612,Arjun,Chopra,arjun.chopra2612@example.com,+91 90225 84152,female,09-Mar-1989,gurugram,Haryana,2024-07-11,Bronze
375,Ishaan,Patel,ishaan.patel375@example.com,+91 90806 41530,MALE,1996-01-30,mysuru,Karnataka,2024-08-07,Bronze
35,rahul,KAPOOR,rahul.kapoor35@yahoo.com,09748067045,Other,12/08/1968,Hyderabad,Telangana,2023-04-18,Bronze
793,Divya,Verma,divya.verma793@gmail.com,09646644567,f,26-Oct-1978,coimbatore,Tamil Nadu,2023-05-01,Bronze
389,Karan,Mehta,KARAN.MEHTA389@OUTLOOK.COM,09071579026,Other,19/03/1993,Bangalore ,Karnataka,2022-04-23,Silver
2928,Kiran,Singh,KIRAN.SINGH2928@GMAIL.COM,,f,03-08-1993,Mumbai,Maharashtra,2022-12-03,Gold
1645,Arjun,Kapoor,arjun.kapoor1645@yahoo.com,96241-60611,Female,01-03-1993,chennai ,Tamil Nadu,2025-05-05,Bronze
358,aarav,Verma,aarav.verma358@outlook.com,+91-9154656857,female,12-01-1995,gurugram,Haryana,2022-05-13,Bronze
1611,vivaan,Gupta,vivaan.gupta1611@example.com,09266310430,F,07/11/1972,chennai ,Tamil Nadu,2022-12-11,Gold
2557,swathi,Gupta,swathi.gupta2557@outlook.com,+91-9563349483,f,27/02/1982,bangalore,Karnataka,2024-09-11,Bronze
1814,Lakshmi,Gupta,lakshmi.gupta1814@outlook.com,9391533674,Male,19-Nov-1986,Chennai,Tamil Nadu,2024-07-14,Silver
1043,sneha,GUPTA,sneha.gupta1043@outlook.com,09575986335,male,1998-09-28,Pune,Maharashtra,2023-07-16,Bronze
2718,meera,MENON,meera.menon2718@outlook.com,9053878560,MALE,13-Dec-1991,Lucknow,Uttar Pradesh,2024-04-24,Silver
1362,deepak,Joshi,deepak.joshi1362@outlook.com,+91-9280441424,Female,1987-12-02,Hyderabad,Telangana,2022-11-08,Bronze
1456,Rahul,Sharma,rahul.sharma1456@outlook.com,93485-38399,F,09-Jan-1975,Bengaluru,Karnataka,2024-09-09,Silver
612,Vivaan,Chopra,vivaan.chopra612@outlook.com,91440-21563,Male,1983-08-09,Pune,Maharashtra,2024-03-11,Bronze
1441, ISHAAN ,Kumar,ishaan.kumar1441@gmail.com,,female,04/06/1967,Madras,Tamil Nadu,2023-12-19,Silver
2380,Meera,Kapoor,meera.kapoor2380@gmail.com,9091149734,male,1973-10-07,Delhi,Delhi,2024-06-17,Bronze
2161,rohan,Kumar,rohan.kumar2161@example.com,09672024310,male,01/02/1980,Hyderabad,Telangana,2022-12-27,Bronze
881,Siddharth,Gupta,siddharth.gupta881@example.com,90745-57544,MALE,07/02/1972,Hyderabad,Telangana,2022-05-21,Bronze
1198,Naveen,Bose,naveen.bose1198@outlook.com,+91-9896548821,f,25/01/1994,Pune,Maharashtra,2022-08-03,Gold
801,divya,Chopra,divya.chopra801@outlook.com,9208923792,M,06-26-1972,Delhi,Delhi,2025-06-24,Gold
301,Ananya,Reddy,ANANYA.REDDY301@OUTLOOK.COM,09740662726,male,01-13-1970,Delhi,Delhi,2023-12-03,Bronze
2234,Riya,MEHTA,riya.mehta2234@gmail.com,93089-49689,female,09-09-2002,Jaipur,Rajasthan,2023-04-07,Bronze
895, SANTOSH ,Kumar,santosh.kumar895@outlook.com,+91-9828497381,male,03/03/1992,Delhi,Delhi,2024-04-17,Silver
1997,Manoj,Reddy,manoj.reddy1997@yahoo.com,09017050213,MALE,1971-07-08,Chennai,Tamil Nadu,2023-01-11,Bronze
564, VIVAAN ,Shetty,,9809866241,f,2004-08-25,pune,Maharashtra,2024-05-01,Gold
2716,Siddharth,Das,SIDDHARTH.DAS2716@YAHOO.COM,+91-9647942451,Male,11-May-1991,chennai ,Tamil Nadu,2024-01-18,Bronze
816,Rahul,Iyer,rahul.iyer816@gmail.com,+91 91554 35689,male,1970-01-24,Ahmedabad,Gujarat,2022-02-02,Bronze
1895,Deepak,MEHTA,deepak.mehta1895@example.com,+91-9638785486,male,1991-01-20,Coimbatore,Tamil Nadu,,Bronze
2726,Tanvi,Rao,tanvi.rao2726@example.com,09718429150,f,09-22-1972,Delhi,Delhi,2025-02-20,Silver
2739,Manoj,Reddy,manoj.reddy2739@gmail.com,+91 92339 29299,F,26/04/1967,Delhi,Delhi,2025-03-28,Bronze
2009, SIDDHARTH ,Singh,SIDDHARTH.SINGH2009@EXAMPLE.COM,97523-64488,F,20-Jan-1993,mysuru,Karnataka,2025-01-02,Platinum
634, DEEPAK ,Reddy,deepak.reddy634@outlook.com,9878326087,F,06-14-2000,Hyderabad,Telangana,2024-10-15,Bronze
39,Kavya,Shetty,kavya.shetty39@outlook.com,+91-9097123952,M,11-17-1999,chennai ,Tamil Nadu,2023-09-13,Silver
148,Manoj,Gupta,,+91-9614007787,Male,1992-01-22,mumbai,Maharashtra,2023-07-03,Silver
2782, KARAN ,Shetty,karan.shetty2782@example.com,9593166921,male,N/A,Bengaluru,Karnataka,2023-10-29,Silver
1751,Tanvi,Das,tanvi.das1751@outlook.com,9818117714,Female,03-14-1979,pune,Maharashtra,2025-01-23,Silver
2662,arjun,Joshi,arjun.joshi2662@yahoo.com,+91-9374990107,male,1980-07-03,Hyderabad,Telangana,2022-06-23,Bronze
1676,vivaan,Joshi,vivaan.joshi1676@example.com,98088-24333,Female,31/10/1983,jaipur,Rajasthan,2023-10-17,Platinum
2238, SIDDHARTH ,Rao,siddharth.rao2238@example.com,+91-9019031203,F,03/01/1983,coimbatore,Tamil Nadu,2023-01-28,Silver
390, TANVI ,Gupta,tanvi.gupta390@outlook.com,+91-9271156288,MALE,N/A,Kolkata,West Bengal,2024-11-28,Silver
1410, VIVAAN ,Nair,,92682-65606,male,10/04/1977,Delhi,Delhi,2022-06-11,Bronze
2953, DIYA ,JOSHI,diya.joshi2953@yahoo.com,93738-57574,M,1984-08-20,mysuru,Karnataka,2022-09-03,Bronze
593,Diya,Shetty,diya.shetty593@outlook.com,+91-9767418141,male,08-05-1995,Coimbatore,Tamil Nadu,2024-12-12,Silver
1188,Aditya,Gupta,aditya.gupta1188@yahoo.com,99054-67727,male,23/06/1990,lucknow,Uttar Pradesh,2023-05-28,Bronze
1765,Meera,Naidu,meera.naidu1765@example.com,+91 91720 43922,f,20/03/2003,bangalore,Karnataka,2023-09-28,Silver
742,Swathi,MEHTA,swathi.mehta742@example.com,98478-92435,male,08-Jul-2000,Bengaluru,Karnataka,2023-09-15,Bronze
1352,Swathi,Sharma,swathi.sharma1352@gmail.com,98204-88968,male,1969-05-15,kolkata,West Bengal,2023-11-27,Gold
361,Sneha,Chopra,sneha.chopra361@yahoo.com,+91-9768305027,M,26-Feb-1983,jaipur,Rajasthan,2024-07-11,Bronze
949,Diya,Naidu,diya.naidu949@gmail.com,9580120883,f,06/08/2001,Kolkata,West Bengal,2023-08-10,Bronze
82, DIYA ,Sharma,diya.sharma82@yahoo.com,09894232540,M,08/06/1969,hyderabad,Telangana,2025-06-20,Gold
1756, NAVEEN ,CHOPRA,naveen.chopra1756@example.com,+91-9067077980,f,06-16-1999,mumbai,Maharashtra,2023-02-16,Gold
1166,Priya,Mehta,priya.mehta1166@outlook.com,90570-41955,male,12-23-1973,kolkata,West Bengal,2022-09-22,Silver
2875,diya,Menon,diya.menon2875@yahoo.com,+91 93305 39845,Male,07/06/1974,Bengaluru,Karnataka,2025-04-03,Bronze
2817,diya,Menon,diya.menon2817@outlook.com,+91-9441199023,female,N/A,Madras,Tamil Nadu,2022-02-09,Silver
1938,priya,Das,priya.das1938@gmail.com,+91 96065 20115,Male,03-07-1972,Pune,Maharashtra,2025-01-21,Bronze
2984, DIVYA ,Joshi,divya.joshi2984@gmail.com,+91-9998750047,F,28/12/1982,pune,Maharashtra,2022-12-18,Silver
994,manoj,Nair,manoj.nair994@outlook.com,9220491484,female,01-28-1968,chennai ,Tamil Nadu,2023-04-24,Bronze
2011,riya,Das,riya.das2011@example.com,9664427912,female,1980-04-30,Bangalore ,Karnataka,2022-11-07,Gold
2470,Aditya,Nair,aditya.nair2470@example.com,09312013198,MALE,28-Mar-1996,madurai,Tamil Nadu,2025-02-19,Gold
1105,vikram,Kumar,vikram.kumar1105@yahoo.com,9980073163,Male,07-Aug-1971,Bangalore ,Karnataka,2022-11-11,Bronze
771, POOJA ,Iyer,pooja.iyer771@outlook.com,+91 95676 40968,male,1994-11-29,Chennai,Tamil Nadu,2025-04-28,Silver
1084,Pooja,Nair,pooja.nair1084@outlook.com,91944-62901,M,18-Feb-2003,Kolkata,West Bengal,2023-03-26,Silver
1912,Riya,Das,riya.das1912@example.com,+91 98551 40152,MALE,1984-01-20,chennai ,Tamil Nadu,,Bronze
686,ishaan,Patel,ishaan.patel686@outlook.com,+91 91624 23551,male,1998-06-04,Madurai,Tamil Nadu,2022-12-01,Bronze
2700, LAKSHMI ,Pillai,LAKSHMI.PILLAI2700@YAHOO.COM,09205440442,MALE,1998-02-12,kolkata,West Bengal,2022-03-21,Bronze
1671,aditya,Patel,aditya.patel1671@example.com,+91-9099892821,NA,1981-07-19,coimbatore,Tamil Nadu,2024-02-16,Gold
1310,siddharth,Verma,siddharth.verma1310@gmail.com,9278258107,Male,04-02-1999,jaipur,Rajasthan,2022-10-02,Bronze
246,Siddharth,RAO,siddharth.rao246@gmail.com,09111805508,male,1999-11-12,kolkata,West Bengal,2025-05-27,Silver
1259,Ishaan,Das,ishaan.das1259@yahoo.com,9350137021,Female,1982-10-28,Bombay,Maharashtra,2025-08-19,Bronze
1513, MEERA ,Shetty,meera.shetty1513@outlook.com,+91 95187 05255,M,02-23-2004,Pune,Maharashtra,2024-11-26,Silver
2754,Manoj,Rao,manoj.rao2754@gmail.com,09643467500,female,1987-08-10,BLR,Karnataka,2024-12-20,Gold
411, DIVYA ,Bose,divya.bose411@example.com,9627637611,MALE,1996-01-13,pune,Maharashtra,2022-01-16,Silver
1098,arjun,Nair,ARJUN.NAIR1098@OUTLOOK.COM,+91 94112 24410,MALE,1985-12-28,Gurugram,Haryana,2023-05-22,Bronze
2504,Ishaan,Gupta,ishaan.gupta2504@outlook.com,+91 98679 57225,female,04-05-2004,Kolkata,West Bengal,2022-06-06,Gold
59,Tanvi,Shetty,tanvi.shetty59@yahoo.com,+91 94713 50791,Female,14/03/1990,BLR,Karnataka,2024-08-06,Bronze
1639,Lakshmi,PILLAI,lakshmi.pillai1639@example.com,96729-72643,Female,14-Oct-1968,chennai ,Tamil Nadu,2025-01-20,Gold
1245,Manoj,Iyer,MANOJ.IYER1245@YAHOO.COM,,MALE,N/A,hyderabad,Telangana,2023-03-16,Bronze
1410, VIVAAN ,Nair,,92682-65606,male,10/04/1977,Delhi,Delhi,2022-06-11,Bronze
2645,Vivaan,Kumar,vivaan.kumar2645@gmail.com,9166496927,male,11-28-1999,coimbatore,Tamil Nadu,2022-11-26,Bronze
1092,Meera,Shetty,meera.shetty1092gmail.com,94992-76715,female,30/12/1975,Pune,Maharashtra,2025-01-06,Silver
2794,rohan,Iyer,rohan.iyer2794@yahoo.com,,female,02/03/1967,Lucknow,Uttar Pradesh,2023-04-15,Gold
171,Pooja,Das,pooja.das171@yahoo.com,09851022073,Other,1965-07-21,Coimbatore,Tamil Nadu,2022-12-15,Bronze
223, SANTOSH ,Mehta,santosh.mehta223@example.com,90284-69019,F,23/06/1965,Pune,Maharashtra,2025-01-21,Silver
1289,Kavya,Patel,kavya.patel1289@yahoo.com,97878-92436,female,20-Oct-2000,Hyderabad,Telangana,2024-09-18,Silver
2693,kiran,Chopra,kiran.chopra2693@gmail.com,9998881307,MALE,20-Sep-1983,kolkata,West Bengal,2025-02-04,Silver
591,Aarav,Reddy,aarav.reddy591@outlook.com,9987657911,M,1986-04-06,Jaipur,Rajasthan,2023-05-22,Silver
1282,Vikram,Rao,vikram.rao1282@gmail.com,96099-71274,M,12-11-1993,Hyderabad,Telangana,2023-03-24,Bronze
400,Harini,Pillai,harini.pillai400@outlook.com,99325-30801,f,N/A,hyderabad,Telangana,2025-03-05,Silver
2004, ANANYA ,Das,ananya.das2004@yahoo.com,93115-38819,Male,06-07-1993,Pune,Maharashtra,2023-12-13,Bronze
44,Deepak,Mehta,deepak.mehta44@example.com,+91-9178845151,Other,08-Sep-2004,coimbatore,Tamil Nadu,2024-10-22,Bronze
2805,Neha,Chopra,neha.chopra2805@example.com,09688812895,F,22/07/1990,bangalore,Karnataka,,Silver
1990,Rahul,Kapoor,rahul.kapoor1990@yahoo.com,9090443250,Female,03-25-1979,mysuru,Karnataka,2024-08-09,Bronze
2444,aarav,VERMA,AARAV.VERMA2444@OUTLOOK.COM,94653-38246,Male,09/09/1993,Bombay,Maharashtra,2024-01-21,Bronze
1218,rohan,Das,rohan.das1218@gmail.com,+91 91708 03224,F,25-Mar-2004,mumbai,Maharashtra,2023-08-10,Silver
2135,Deepak,Kapoor,deepak.kapoor2135@gmail.com,97462-48132,MALE,17-Nov-1975,mumbai,Maharashtra,2024-09-04,Silver
123, LAKSHMI ,Shetty,lakshmi.shetty123@outlook.com,+91 99005 92761,female,09-Feb-1987,BLR,Karnataka,2025-07-19,Bronze
2545, ARJUN ,Bose,arjun.bose2545@gmail.com,+91 96572 74439,Male,1998-09-15,Bombay,Maharashtra,2023-08-30,Bronze
2930,Rohan,Joshi,rohan.joshi2930@yahoo.com,09172047234,M,01-11-1975,Delhi,Delhi,2022-12-13,Bronze
1904,Naveen,Menon,naveen.menon1904@gmail.com,+91-9187353461,f,30/09/2004,Mysuru,Karnataka,2025-08-07,Bronze
1387, RAMESH ,Nair,ramesh.nair1387@gmail.com,9103052759,F,1991-12-14,New Delhi,Delhi,2023-03-01,Bronze
2182,arjun,Mehta,ARJUN.MEHTA2182@YAHOO.COM,+91 94475 72251,female,1991-09-02,kochi,Kerala,2023-08-02,Gold
2278,Manoj,Sharma,MANOJ.SHARMA2278@GMAIL.COM,+91 94170 01158,female,24-Jun-1979,Chennai,Tamil Nadu,2025-06-02,Bronze
2044,Rohan,Reddy,rohan.reddy2044@outlook.com,9812224937,M,20/05/1976,jaipur,Rajasthan,2022-03-17,Gold
1547, TANVI ,Kapoor,tanvi.kapoor1547@example.com,+91 99721 99137,F,1979-08-08,Chennai,Tamil Nadu,2022-03-09,Platinum
434,ananya,Singh,ananya.singh434@yahoo.com,94132-15946,female,25/03/2004,Kolkata,West Bengal,2023-11-26,Platinum
1199, RAHUL ,Shetty,rahul.shetty1199@outlook.com,98804-50692,f,1986-12-18,Madras,Tamil Nadu,2025-06-11,Bronze
489,Arjun,Menon,arjun.menon489@yahoo.com,+91 97226 63843,M,02/07/2003,mumbai,Maharashtra,2025-03-02,Gold
468,aditya,Reddy,aditya.reddy468@outlook.com,92218-62450,f,08-May-2001,jaipur,Rajasthan,2025-09-09,Bronze
2590, LAKSHMI ,Pillai,lakshmi.pillai2590@yahoo.com,+91-9574197024,Female,06-14-1967,Hyderabad,Telangana,2024-07-05,Bronze
2073, TANVI ,Kumar,tanvi.kumar2073@outlook.com,93261-50273,MALE,12-05-1978,Chennai,Tamil Nadu,2023-12-13,Bronze
1803,deepak,Patel,deepak.patel1803@outlook.com,9518107406,MALE,31-Oct-1978,Bengaluru,Karnataka,2025-09-17,Bronze
2325, NEHA ,PATEL,neha.patel2325@yahoo.com,,F,1979-03-07,Chennai,Tamil Nadu,2022-03-12,Bronze
83,Rahul,Nair,rahul.nair83@yahoo.com,+91 96669 76244,F,1973-08-12,Gurugram,Haryana,2022-12-07,Bronze
655,Aditya,SHETTY,aditya.shetty655@example.com,9954145920,female,2003-04-26,Kolkata,West Bengal,2023-03-04,Bronze
241,Tanvi,Patel,tanvi.patel241@yahoo.com,9010984034,female,1989-01-03,Kolkata,West Bengal,2025-05-30,Silver
1931, ANANYA ,Singh,ANANYA.SINGH1931@YAHOO.COM,+91 94821 86690,Male,08-05-1987,pune,Maharashtra,2022-03-09,Gold
2012,Rohan,Gupta,rohan.gupta2012@example.com,,Female,14/04/1971,chennai ,Tamil Nadu,2023-02-18,Bronze
1463,Karan,Sharma,karan.sharma1463@yahoo.com,+91 93285 53732,MALE,05-11-1972,chennai ,Tamil Nadu,2023-03-05,Silver
348,Kiran,Patel,kiran.patel348@example.com,+91-9088831767,female,28/05/1971,Madras,Tamil Nadu,2024-11-02,Bronze
1962,Aditya,Sharma,aditya.sharma1962@gmail.com,09866721691,MALE,27-Mar-1976,hyderabad,Telangana,2024-05-03,Bronze
2614,Pooja,Chopra,pooja.chopra2614@outlook.com,+91-9202110941,M,21/04/1985,delhi,Delhi,,Bronze
725,Vikram,Patel,vikram.patel725@example.com,9073557758,MALE,01-30-1966,BLR,Karnataka,2025-02-16,Bronze
2605, ROHAN ,Joshi,rohan.joshi2605@example.com,09132715720,Female,1981-01-28,BLR,Karnataka,2025-02-06,Gold
1209,kavya,CHOPRA,kavya.chopra1209@outlook.com,9509160559,MALE,10/02/1998,Chennai,Tamil Nadu,2025-05-27,Bronze
839, VIVAAN ,Iyer,vivaan.iyer839@gmail.com,+91-9571022371,Other,1982-04-26,Hyderabad,Telangana,2022-05-21,Bronze
193,Rahul,Kapoor,rahul.kapoor193@example.com,95710-59009,M,10-11-1997,BLR,Karnataka,2025-03-16,Bronze
289,Vikram,SINGH,vikram.singh289@yahoo.com,09292390173,Male,1986-10-16,Bombay,Maharashtra,2024-01-31,Gold
1728,Ananya,Naidu,ananya.naidu1728@example.com,9261641557,Male,01-04-2002,Kolkata,West Bengal,2023-02-24,Silver
1541,Tanvi,KUMAR,tanvi.kumar1541@outlook.com,+91 99760 59255,F,10-23-1999,Kolkata,West Bengal,2023-03-17,Bronze
1116, HARINI ,Das,harini.das1116gmail.com,+91 97121 80889,f,07-26-1990,bangalore,Karnataka,2022-12-17,Gold
2747,Aditya,Kumar,aditya.kumar2747@example.com,9938675322,F,03-06-1967,Madras,Tamil Nadu,2023-07-07,Bronze
1403,aditya,Joshi,aditya.joshi1403@yahoo.com,93428-66766,Male,1989-05-21,Kochi,Kerala,2022-10-25,Bronze
2994,Meera,Menon,meera.menon2994@outlook.com,+91 92136 50571,male,1978-10-04,mumbai,Maharashtra,2022-03-23,Bronze
1151,Riya,Rao,riya.rao1151@yahoo.com,9089871503,Female,1968-07-25,mysuru,Karnataka,2023-08-05,Silver
271,neha,Shetty,neha.shetty271@gmail.com,93684-05829,male,06/06/1981,BLR,Karnataka,2023-08-27,Gold
1200, KAVYA ,KAPOOR,kavya.kapoor1200@outlook.com,+91-9702598998,F,1986-08-16,New Delhi,Delhi,2023-08-16,Bronze
4, RIYA ,Kumar,riya.kumar4@gmail.com,,male,1974-11-02,Delhi,Delhi,2022-03-13,Platinum
1815,Kavya,Nair,kavya.nair1815@gmail.com,96027-60843,F,12-19-2004,Kolkata,West Bengal,,Bronze
1850,Karan,Naidu,karan.naidu1850@outlook.com,+91 97521 73199,f,29/10/1968,Delhi,Delhi,2022-04-16,Bronze
1041,Neha,Menon,neha.menon1041@outlook.com,+91 91520 47611,f,14/01/1999,bangalore,Karnataka,2024-03-02,Platinum
2494,Divya,Nair,divya.nair2494@outlook.com,+91-9086171650,F,23/11/1966,jaipur,Rajasthan,2023-01-31,Gold
2316,aditya,Pillai,aditya.pillai2316@example.com,9276393455,F,08-Aug-1996,chennai ,Tamil Nadu,2024-06-15,Bronze
1171,Swathi,Verma,swathi.verma1171@gmail.com,09346373498,Female,30/07/1978,Hyderabad,Telangana,2025-04-23,Platinum
2317,Santosh,Nair,santosh.nair2317@yahoo.com,9136841854,f,09-02-1981,chennai ,Tamil Nadu,2024-06-27,Silver
734,Santosh,Patel,santosh.patel734@example.com,9692254626,Female,01-25-1993,hyderabad,Telangana,2022-02-15,Gold
552,Lakshmi,VERMA,LAKSHMI.VERMA552@EXAMPLE.COM,+91-9734454000,Male,20-Oct-1966,mysuru,Karnataka,2023-04-05,Bronze
2843,Tanvi,Chopra,TANVI.CHOPRA2843@OUTLOOK.COM,+91-9457400684,M,04/06/1991,hyderabad,Telangana,2025-09-12,Bronze
155,Aarav,Naidu,aarav.naidu155@outlook.com,+91 98361 28555,MALE,19/04/1982,Bengaluru,Karnataka,2023-06-24,Silver
1445, SANTOSH ,Kapoor,santosh.kapoor1445@gmail.com,09540798502,MALE,02-25-1966,chennai ,Tamil Nadu,2025-02-17,Bronze
1407, KIRAN ,Patel,kiran.patel1407@gmail.com,09006480179,female,1965-03-28,Kochi,Kerala,2025-04-27,Bronze
402, DEEPAK ,SHETTY,deepak.shetty402@gmail.com,9777162294,Male,01-Jul-1971,ahmedabad,Gujarat,2024-11-12,Silver
2515,Pooja,CHOPRA,POOJA.CHOPRA2515@YAHOO.COM,+91-9547390058,MALE,11-28-1974,chennai ,Tamil Nadu,2023-02-17,Silver
1302, VIKRAM ,Joshi,vikram.joshi1302@outlook.com,+91 98737 69316,F,19-Dec-1998,Mumbai,Maharashtra,2022-07-10,Gold
668,Rahul,Chopra,rahul.chopra668@outlook.com,+91 90656 91905,MALE,07-01-1989,Lucknow,Uttar Pradesh,2024-07-25,Silver
572, TANVI ,KAPOOR,TANVI.KAPOOR572@GMAIL.COM,95947-90989,f,02-02-1969,kolkata,West Bengal,2025-04-04,Gold
1777,Lakshmi,Mehta,lakshmi.mehta1777@outlook.com,9448336070,MALE,09/10/1995,Delhi,Delhi,2024-07-17,Bronze
37, RIYA ,Rao,riya.rao37@yahoo.com,9226516214,female,28-Nov-1989,Bengaluru,Karnataka,2022-12-14,Bronze
1037,Aditya,Kumar,ADITYA.KUMAR1037@YAHOO.COM,+91 97460 91046,male,22-Aug-1977,madurai,Tamil Nadu,2022-10-26,Gold
1066,Meera,Sharma,meera.sharma1066@gmail.com,9040363624,female,20-Jun-2003,kochi,Kerala,,Bronze
2970,Divya,Joshi,divya.joshi2970@example.com,+91-9027264438,Female,1975-06-14,Madras,Tamil Nadu,2022-09-02,Platinum
426,Ramesh,Rao,ramesh.rao426@outlook.com,99105-01522,MALE,1970-05-24,gurugram,Haryana,2023-11-13,Bronze
1655,Arjun,PATEL,arjun.patel1655@example.com,99205-41224,MALE,10-15-1981,Jaipur,Rajasthan,2023-11-10,Bronze
198,rahul,Singh,rahul.singh198example.com,97360-67935,male,04-02-1987,kolkata,West Bengal,2022-04-07,Bronze
2473,Meera,Naidu,meera.naidu2473@yahoo.com,+91-9413801579,male,08/11/1989,delhi,Delhi,2022-01-10,Bronze
2765,vikram,Kumar,vikram.kumar2765@example.com,09511664001,Male,14/05/1997,bangalore,Karnataka,2023-08-18,Bronze
2809, RAMESH ,Bose,ramesh.bose2809@gmail.com,9531833146,Female,1965-08-21,Madras,Tamil Nadu,2025-09-16,Silver
1415,Rahul,Singh,rahul.singh1415@gmail.com,9206354375,F,02/07/1988,Bengaluru,Karnataka,2025-09-02,Bronze
1846, ANANYA ,PILLAI,ananya.pillai1846@gmail.com,+91 97831 07905,MALE,10-11-1988,Pune,Maharashtra,2024-06-10,Bronze
285,Kavya,Sharma,kavya.sharma285@outlook.com,9104352288,Female,01-26-1993,mumbai,Maharashtra,2025-04-14,Silver
519,Rohan,Naidu,rohan.naidu519@example.com,+91 96758 35015,male,03-08-1989,BLR,Karnataka,2023-03-23,Bronze
2950, MEERA ,Shetty,meera.shetty2950@outlook.com,+91 98902 29692,MALE,23/11/1980,kolkata,West Bengal,2022-05-23,Bronze
1797,Swathi,Gupta,swathi.gupta1797@gmail.com,9574735391,Male,16-Aug-1981,Bombay,Maharashtra,2023-09-03,Bronze
157,aditya,Bose,ADITYA.BOSE157@EXAMPLE.COM,09265132682,MALE,1994-11-29,Chennai,Tamil Nadu,2022-03-17,Gold
531,Vivaan,Joshi,vivaan.joshi531@yahoo.com,+91 99755 61264,M,11-23-1971,Delhi,Delhi,2022-06-06,Bronze
2592,Priya,Rao,priya.rao2592@yahoo.com,09100139959,Male,12/08/1991,ahmedabad,Gujarat,2024-10-05,Platinum
216,Tanvi,Reddy,tanvi.reddy216@gmail.com,9327329942,male,12-14-1982,New Delhi,Delhi,2025-07-02,Bronze
2187, KAVYA ,Menon,kavya.menon2187@example.com,91575-45588,male,18/08/1986,Gurugram,Haryana,2024-11-19,Bronze
1924,Arjun,Iyer,arjun.iyer1924@outlook.com,92961-10270,Female,03/01/1983,Hyderabad,Telangana,2023-08-04,Platinum
2627, RAMESH ,Das,ramesh.das2627@outlook.com,09456233460,male,17/06/1986,Bombay,Maharashtra,2022-05-29,Silver
2803,Ramesh,Das,ramesh.das2803@example.com,+91 91259 84085,M,23/07/2002,Bengaluru,Karnataka,2024-08-18,Bronze
379, RIYA ,Pillai,riya.pillai379@example.com,9538391709,Male,1984-01-16,hyderabad,Telangana,2023-02-09,Silver
2858, RAHUL ,Kapoor,rahul.kapoor2858@gmail.com,+91-9875474856,Female,09/01/1982,hyderabad,Telangana,2024-09-07,Bronze
1404,Rahul,Nair,rahul.nair1404@example.com,+91-9679151194,female,11-Aug-1969,coimbatore,Tamil Nadu,2022-06-14,Silver
413,Aditya,BOSE,ADITYA.BOSE413@YAHOO.COM,+91-9934040928,MALE,09-19-2003,bangalore,Karnataka,2024-03-06,Gold
1992,Aarav,PATEL,aarav.patel1992@outlook.com,+91-9982874179,f,10/11/1982,pune,Maharashtra,2023-05-13,Bronze
5,Meera,Pillai,meera.pillai5@gmail.com,,Male,30/06/1966,Bangalore ,Karnataka,2025-06-01,Bronze
1628, VIVAAN ,Rao,vivaan.rao1628@example.com,+91-9463004925,F,03-22-1967,Chennai,Tamil Nadu,2022-08-29,Bronze
1106,Ananya,Menon,ananya.menon1106@outlook.com,+91-9952962157,Male,1990-02-24,delhi,Delhi,2025-04-08,Silver
2015,Ramesh,Kumar,ramesh.kumar2015@yahoo.com,+91 92303 15004,M,N/A,Hyderabad,Telangana,2023-11-05,Silver
2534,Priya,Gupta,priya.gupta2534@outlook.com,09661875455,f,30/11/1983,Bengaluru,Karnataka,2024-03-18,Bronze
210,Tanvi,JOSHI,tanvi.joshi210@yahoo.com,90726-68788,Female,03-12-1994,Bombay,Maharashtra,2023-08-15,Bronze
2689,Pooja,Nair,pooja.nair2689@yahoo.com,09848314142,MALE,1966-09-26,chennai ,Tamil Nadu,2023-07-14,Silver
217,Kavya,Chopra,KAVYA.CHOPRA217@EXAMPLE.COM,+91-9166674667,F,07-07-1977,bangalore,Karnataka,2024-12-08,Bronze
1094,meera,Reddy,meera.reddy1094@outlook.com,+91-9439299512,female,18-Dec-1991,Chennai,Tamil Nadu,2025-04-28,Silver
1359,Swathi,Shetty,swathi.shetty1359@example.com,09107488173,Male,1969-09-10,New Delhi,Delhi,2025-03-04,Bronze
2343,Karan,Menon,karan.menon2343@example.com,99629-63438,f,2003-04-20,New Delhi,Delhi,2022-08-15,Bronze
1860, HARINI ,Rao,harini.rao1860@gmail.com,09683015282,f,30-Apr-1985,chennai ,Tamil Nadu,2025-04-28,Gold
1786,Neha,Shetty,neha.shetty1786@yahoo.com,9489269245,Female,04/06/1965,kolkata,West Bengal,2024-08-19,Silver
1800, ROHAN ,Sharma,rohan.sharma1800@yahoo.com,09676579424,Male,25/10/2001,Pune,Maharashtra,2025-08-31,Silver
2218,Harini,Mehta,,+91 96473 79954,F,1999-05-28,Jaipur,Rajasthan,2022-05-06,Silver
563,Meera,Joshi,meera.joshi563@example.com,95836-37973,male,23-Feb-1974,kolkata,West Bengal,2024-12-05,Silver
1522,Kiran,Joshi,kiran.joshi1522@yahoo.com,+91 90684 14930,Male,11/04/2000,Bombay,Maharashtra,2024-02-07,Gold
913, VIKRAM ,Mehta,vikram.mehta913@outlook.com,+91-9942684928,f,1988-08-31,ahmedabad,Gujarat,2022-05-10,Bronze
1184,Siddharth,Pillai,siddharth.pillai1184@gmail.com,+91-9491516020,Male,11-24-1968,chennai ,Tamil Nadu,2022-11-21,Bronze
1508,Deepak,Bose,deepak.bose1508@outlook.com,+91-9456472111,F,22-Oct-1965,hyderabad,Telangana,2022-10-01,Silver
1005,diya,Patel,diya.patel1005@yahoo.com,+91 98322 46197,F,1988-04-07,pune,Maharashtra,2024-09-12,Bronze
911, TANVI ,Naidu,tanvi.naidu911@example.com,09754954577,F,31-Aug-1967,delhi,Delhi,2025-04-06,Bronze
229,Aarav,Bose,AARAV.BOSE229@OUTLOOK.COM,+91-9897824237,Male,30/07/1967,Pune,Maharashtra,2023-12-01,Gold
616, AARAV ,Menon,AARAV.MENON616@EXAMPLE.COM,94358-04060,Male,05-Feb-2002,delhi,Delhi,2023-02-06,Silver
2196,Sneha,Mehta,sneha.mehta2196@gmail.com,+91-9646590452,F,10-17-2003,gurugram,Haryana,2023-10-14,Silver
2712,Santosh,Bose,SANTOSH.BOSE2712@YAHOO.COM,9131076436,MALE,1992-03-12,chennai ,Tamil Nadu,2023-03-14,Silver
1729, KARAN ,KUMAR,karan.kumar1729@example.com,09894679623,female,21-Apr-1993,BLR,Karnataka,2023-10-08,Bronze
824,Ishaan,Kumar,ishaan.kumar824@outlook.com,+91-9856971915,M,N/A,Pune,Maharashtra,2024-03-26,Silver
2582, ADITYA ,BOSE,aditya.bose2582@yahoo.com,92018-07722,Male,15/03/1977,Kolkata,West Bengal,2024-09-07,Bronze
2850,Riya,Menon,riya.menon2850@outlook.com,09889722249,NA,1989-08-25,Hyderabad,Telangana,2022-09-19,Bronze
154,ananya,BOSE,ananya.bose154@outlook.com,+91 91213 62592,male,09-20-1997,Bombay,Maharashtra,2024-11-25,Bronze
2055,Santosh,Iyer,santosh.iyer2055@gmail.com,+91 97462 17880,F,01-29-1972,coimbatore,Tamil Nadu,2022-11-12,Bronze
2558,Vikram,Chopra,vikram.chopra2558@outlook.com,96238-64471,f,1966-11-08,Chennai,Tamil Nadu,2023-05-11,Gold
2720, DEEPAK ,Patel,deepak.patel2720@example.com,09264757801,male,11/05/1993,mumbai,Maharashtra,2023-12-30,Bronze
533,Meera,Das,meera.das533@yahoo.com,+91 91934 37688,female,21-Aug-1973,hyderabad,Telangana,2024-02-17,Bronze
1211,Ramesh,Reddy,ramesh.reddy1211@example.com,9787945131,female,10/10/1987,delhi,Delhi,2022-10-23,Silver
1845,rohan,Pillai,ROHAN.PILLAI1845@EXAMPLE.COM,9119073333,M,01-13-1987,mysuru,Karnataka,2024-01-10,Silver
753,Sneha,Pillai,SNEHA.PILLAI753@EXAMPLE.COM,+91 91350 83767,F,21-Mar-1987,Madras,Tamil Nadu,2022-03-11,Silver
2731,Riya,MENON,riya.menon2731@outlook.com,09625045830,M,08-11-1995,bangalore,Karnataka,2024-09-20,Silver
966,Divya,SINGH,divya.singh966@outlook.com,9206443666,F,2004-12-08,mumbai,Maharashtra,2022-07-26,Silver
2427,Rahul,SHETTY,rahul.shetty2427@yahoo.com,+91 93311 91626,Female,10-Sep-1965,BLR,Karnataka,2024-05-02,Bronze
19,Deepak,Iyer,deepak.iyer19@yahoo.com,9283018497,female,29-Mar-1991,Kolkata,West Bengal,2024-01-02,Silver
2835, NAVEEN ,Kapoor,naveen.kapoor2835@yahoo.com,+91 93832 86010,Male,10-21-1991,New Delhi,Delhi,2024-05-08,Gold
2536,Lakshmi,Rao,lakshmi.rao2536@gmail.com,09324720455,male,1976-08-26,Bombay,Maharashtra,2024-10-30,Silver
1454,Naveen,Iyer,naveen.iyer1454@yahoo.com,90146-24472,Female,1974-08-09,jaipur,Rajasthan,2023-02-06,Bronze
1799,Pooja,Verma,,93055-69776,Male,02-24-1978,Bombay,Maharashtra,2023-05-24,Bronze
803, NEHA ,Rao,neha.rao803@gmail.com,+91-9808993538,f,06-06-1990,Ahmedabad,Gujarat,2024-01-07,Bronze
2692, NAVEEN ,Kapoor,naveen.kapoor2692@gmail.com,09850260333,MALE,07-01-1998,Hyderabad,Telangana,2023-10-23,Bronze
1550,Ramesh,Gupta,ramesh.gupta1550@yahoo.com,+91-9262690911,M,02/02/1996,chennai ,Tamil Nadu,2022-03-27,Bronze
2053, KAVYA ,Naidu,kavya.naidu2053@yahoo.com,+91-9320925842,Female,17/10/1971,hyderabad,Telangana,2025-02-23,Platinum
464, ARJUN ,Naidu,ARJUN.NAIDU464@EXAMPLE.COM,9924421060,MALE,07-Sep-1996,coimbatore,Tamil Nadu,2022-02-18,Bronze
2152,Priya,Iyer,priya.iyer2152@yahoo.com,96151-11682,female,10-21-1994,bangalore,Karnataka,2022-04-04,Bronze
1869,Sneha,Gupta,sneha.gupta1869@gmail.com,,f,11-07-1974,Bombay,Maharashtra,2022-12-12,Bronze
2664,Naveen,Patel,naveen.patel2664@outlook.com,91521-31307,Female,14-Oct-1998,Madras,Tamil Nadu,2022-10-16,Bronze
141,Siddharth,Das,siddharth.das141@outlook.com,09192189818,Male,04-Dec-1990,Mumbai,Maharashtra,2023-09-26,Bronze
2200,Harini,KUMAR,harini.kumar2200@example.com,95573-76784,M,19-Apr-1974,pune,Maharashtra,2022-05-03,Silver
1549,Meera,Mehta,meera.mehta1549@yahoo.com,9942837552,Male,1983-04-10,Coimbatore,Tamil Nadu,2023-04-21,Bronze
2802,ramesh,Bose,ramesh.bose2802@example.com,9987816470,male,27-Jan-2002,mumbai,Maharashtra,2022-05-19,Silver
74,Sneha,JOSHI,sneha.joshi74@example.com,09766423651,MALE,2001-01-01,chennai ,Tamil Nadu,2024-08-02,Bronze
2140,Rohan,Kapoor,rohan.kapoor2140@gmail.com,+91 91051 36094,MALE,23/03/1969,Kolkata,West Bengal,2024-03-23,Silver
1126, HARINI ,Singh,harini.singh1126@outlook.com,9173278606,NA,18/04/1967,mumbai,Maharashtra,2022-11-12,Bronze
1610,Aarav,Sharma,aarav.sharma1610@outlook.com,9858348115,f,1973-12-20,Hyderabad,Telangana,2024-11-27,Bronze
73,Manoj,Sharma,,+91-9903557501,M,13-Feb-1987,Kolkata,West Bengal,2022-08-21,Bronze
2814,harini,Rao,harini.rao2814@yahoo.com,9989045837,Female,04-05-1996,Bengaluru,Karnataka,2024-04-25,Bronze
259,manoj,Nair,manoj.nair259@gmail.com,+91-9525167327,F,1973-05-22,Bangalore ,Karnataka,2024-04-25,Bronze
2693,kiran,Chopra,kiran.chopra2693@gmail.com,9998881307,MALE,20-Sep-1983,kolkata,West Bengal,2025-02-04,Silver
1511, DIYA ,Menon,diya.menon1511@example.com,+91-9372302042,female,17/04/1990,Bangalore ,Karnataka,2024-12-31,Bronze
529,Divya,Nair,divya.nair529@yahoo.com,9102004740,f,1980-09-01,New Delhi,Delhi,,Silver
2020,Sneha,Menon,sneha.menon2020@outlook.com,99507-80541,female,30/09/1977,Hyderabad,Telangana,2023-02-23,Gold
1393,vikram,Joshi,vikram.joshi1393@example.com,+91 94356 98294,M,30-Nov-1998,BLR,Karnataka,2022-03-17,Silver
1503,deepak,JOSHI,deepak.joshi1503gmail.com,+91-9634846145,M,08-02-2001,hyderabad,Telangana,2022-05-03,Silver
2326,Divya,Das,divya.das2326@outlook.com,9366660333,Male,1979-12-30,lucknow,Uttar Pradesh,2023-02-17,Silver
2779,Ishaan,Shetty,ishaan.shetty2779@outlook.com,93803-21581,F,03/05/2002,Chennai,Tamil Nadu,2022-06-18,Gold
2288, DIYA ,Gupta,diya.gupta2288@example.com,+91-9735933269,female,05-Jul-1970,Delhi,Delhi,2024-04-13,Bronze
974,santosh,Rao,santosh.rao974@gmail.com,97927-48397,Female,1990-09-16,Ahmedabad,Gujarat,2022-06-11,Gold
1364, ROHAN ,Gupta,rohan.gupta1364@yahoo.com,9305926334,female,10-Feb-1966,Bangalore ,Karnataka,2022-01-25,Platinum
1543,Diya,Joshi,diya.joshi1543@outlook.com,+91 97593 62290,f,N/A,hyderabad,Telangana,2024-12-06,Bronze
567,arjun,Reddy,ARJUN.REDDY567@YAHOO.COM,+91-9022385947,F,01-09-1967,New Delhi,Delhi,2025-09-20,Bronze
1481,tanvi,PATEL,TANVI.PATEL1481@OUTLOOK.COM,95243-64162,f,07-23-1976,hyderabad,Telangana,2022-06-06,Bronze
2342,Naveen,Rao,NAVEEN.RAO2342@EXAMPLE.COM,09451073392,F,19-Feb-1985,Bengaluru,Karnataka,2023-08-28,Bronze
2526, VIKRAM ,Chopra,vikram.chopra2526@example.com,9625724293,f,29/08/1967,Mysuru,Karnataka,2022-04-05,Silver
1827,vikram,Menon,vikram.menon1827@outlook.com,09448532775,female,02-27-1974,mumbai,Maharashtra,2022-09-08,Bronze
806,Neha,Nair,neha.nair806@gmail.com,+91 99269 78902,F,1985-12-29,Mysuru,Karnataka,2023-07-06,Bronze
950,pooja,Menon,pooja.menon950@outlook.com,9012785997,Female,08-03-1979,madurai,Tamil Nadu,2024-04-12,Gold
1176,Meera,Mehta,meera.mehta1176@yahoo.com,+91-9498196544,M,02-09-1986,delhi,Delhi,2024-03-19,Bronze
1425,Naveen,Iyer,naveen.iyer1425@outlook.com,9626305233,female,20/10/1967,Hyderabad,Telangana,2024-09-23,Bronze
2122,Kiran,NAIDU,KIRAN.NAIDU2122@OUTLOOK.COM,9455708895,female,28/04/2000,BLR,Karnataka,2025-03-08,Bronze
909,Ishaan,Rao,ishaan.rao909@outlook.com,+91-9218590701,Other,1968-10-19,Madras,Tamil Nadu,2022-01-03,Bronze
1875, VIKRAM ,Kumar,vikram.kumar1875@gmail.com,09686965977,f,05/06/1965,Ahmedabad,Gujarat,2023-08-12,Bronze
1417,Lakshmi,Nair,lakshmi.nair1417@outlook.com,9195803284,MALE,20-Dec-1992,mumbai,Maharashtra,2024-11-02,Gold
473,Kavya,PILLAI,kavya.pillai473@outlook.com,96313-44823,O,N/A,BLR,Karnataka,2023-06-28,Bronze
1207,Kiran,Kapoor,kiran.kapoor1207@example.com,+91-9129506533,Female,31-Mar-2004,pune,Maharashtra,2025-05-09,Bronze
196,Diya,Nair,diya.nair196@outlook.com,+91-9777049924,Male,29/06/1980,chennai ,Tamil Nadu,2023-10-09,Bronze
916,Harini,Reddy,harini.reddy916@yahoo.com,9988047326,Female,27/02/1972,kochi,Kerala,2024-01-30,Gold
2915,santosh,Verma,santosh.verma2915@outlook.com,+91 97448 96819,M,05-07-1981,hyderabad,Telangana,2022-05-15,Bronze
2371,kiran,Bose,kiran.bose2371@yahoo.com,+91-9604338062,MALE,02-Nov-1994,hyderabad,Telangana,2023-04-13,Silver
1434,Manoj,Gupta,manoj.gupta1434@gmail.com,09508780848,MALE,1975-07-31,mysuru,Karnataka,2025-04-29,Silver
66,Rahul,JOSHI,rahul.joshi66@gmail.com,,female,02-Dec-1980,Mumbai,Maharashtra,2023-04-17,Bronze
559,naveen,Pillai,naveen.pillai559@outlook.com,91645-46617,f,16-Apr-2004,Bombay,Maharashtra,2022-10-09,Silver
2262,manoj,Mehta,manoj.mehta2262@gmail.com,09773112791,M,28/02/2000,lucknow,Uttar Pradesh,2024-07-16,Silver
1867,Manoj,Singh,manoj.singh1867@example.com,9994517523,M,20-Dec-1967,jaipur,Rajasthan,2022-07-25,Silver
1235,Ananya,Bose,ananya.bose1235@example.com,9028941299,F,09-09-1992,Madras,Tamil Nadu,2025-07-27,Silver
2202,Vikram,Das,vikram.das2202@outlook.com,09817846566,NA,2003-12-22,jaipur,Rajasthan,2025-03-08,Gold
846,Tanvi,Patel,tanvi.patel846@outlook.com,+91-9499476512,male,24/09/1987,Ahmedabad,Gujarat,2024-09-08,Bronze
2102,naveen,Patel,NAVEEN.PATEL2102@OUTLOOK.COM,+91-9339965670,Male,19/01/1965,bangalore,Karnataka,2022-07-02,Bronze
618,Riya,Mehta,riya.mehta618@outlook.com,,Female,11-Sep-1978,madurai,Tamil Nadu,2022-11-10,Bronze
1656, SIDDHARTH ,Naidu,siddharth.naidu1656@example.com,+91 97601 68031,Female,11-01-1984,Hyderabad,Telangana,2022-03-02,Bronze
2311,vivaan,SHETTY,vivaan.shetty2311@gmail.com,9163730873,F,14-Aug-1968,lucknow,Uttar Pradesh,2022-10-04,Bronze
1749,riya,Verma,riya.verma1749@example.com,99197-39360,Male,07-24-1993,Bombay,Maharashtra,2025-02-28,Bronze
2047,priya,Kumar,priya.kumar2047@gmail.com,,f,07-15-1967,hyderabad,Telangana,2024-05-21,Platinum
1172,Lakshmi,Mehta,LAKSHMI.MEHTA1172@OUTLOOK.COM,+91-9539435482,F,1999-02-22,New Delhi,Delhi,2025-09-29,Bronze
630,Vikram,Mehta,VIKRAM.MEHTA630@YAHOO.COM,+91-9786173427,F,11-13-1971,Gurugram,Haryana,2022-05-19,Silver
320,siddharth,Nair,siddharth.nair320@gmail.com,+91 94313 66367,female,1981-04-16,jaipur,Rajasthan,2023-10-17,Gold
2849,Ananya,Singh,ananya.singh2849@example.com,09872468320,female,11-24-2003,delhi,Delhi,2025-04-26,Bronze
470,ishaan,Naidu,ISHAAN.NAIDU470@GMAIL.COM,+91-9526547815,F,21-Aug-1969,mumbai,Maharashtra,2022-12-20,Bronze
1853,Rahul,Naidu,rahul.naidu1853@gmail.com,+91 93036 70388,f,1994-03-08,Bombay,Maharashtra,2023-02-03,Bronze
1489,Aarav,Shetty,aarav.shetty1489@outlook.com,9730268925,MALE,10-24-1994,ahmedabad,Gujarat,2025-06-05,Bronze
1973,Kavya,Pillai,kavya.pillai1973@example.com,,f,03-Sep-1989,New Delhi,Delhi,2022-04-15,Bronze
488,vikram,Patel,vikram.patel488@example.com,,F,11-Feb-1975,chennai ,Tamil Nadu,2025-01-25,Bronze
980,Meera,Iyer,MEERA.IYER980@EXAMPLE.COM,+91-9018686286,F,01-Mar-2001,Chennai,Tamil Nadu,2025-05-11,Gold
2827,Karan,Menon,karan.menon2827@yahoo.com,9018888202,female,1992-03-28,hyderabad,Telangana,2022-10-01,Gold
449,Rohan,Pillai,ROHAN.PILLAI449@YAHOO.COM,93709-56636,Female,03-13-1980,BLR,Karnataka,2023-08-27,Gold
2133,tanvi,RAO,TANVI.RAO2133@YAHOO.COM,93725-98326,Female,1968-09-17,Lucknow,Uttar Pradesh,2024-09-27,Gold
603,Meera,Nair,meera.nair603@outlook.com,09597702193,male,09-27-1999,ahmedabad,Gujarat,2025-01-05,Gold
2539, AARAV ,Bose,aarav.bose2539@gmail.com,+91-9073788942,M,06-16-1988,BLR,Karnataka,2024-04-26,Platinum
650,Sneha,MEHTA,SNEHA.MEHTA650@EXAMPLE.COM,9868895904,Male,13/10/1983,Bengaluru,Karnataka,2023-01-22,Bronze
1297, VIKRAM ,MENON,vikram.menon1297@yahoo.com,9456505343,F,1974-06-25,BLR,Karnataka,2022-11-15,Bronze
764,Divya,Menon,divya.menon764@yahoo.com,91479-91440,female,29-Sep-1981,bangalore,Karnataka,2025-03-19,Silver
60,diya,Menon,diya.menon60@outlook.com,99017-69451,female,03-01-1968,bangalore,Karnataka,2023-11-29,Bronze
2018,Ishaan,Pillai,ishaan.pillai2018@outlook.com,9756298866,Female,28/03/1972,Bangalore ,Karnataka,2025-03-23,Bronze
410,Harini,Iyer,harini.iyer410@gmail.com,09307916547,MALE,1966-03-03,lucknow,Uttar Pradesh,2022-09-06,Silver
579,Arjun,Iyer,arjun.iyer579@yahoo.com,+91-9044606706,f,04-25-1972,kolkata,West Bengal,2025-02-18,Bronze
2879,Ananya,Shetty,ananya.shetty2879@outlook.com,9774620743,MALE,2002-11-20,Bombay,Maharashtra,2024-11-03,Bronze
2259,Neha,Rao,neha.rao2259@outlook.com,09827356837,female,N/A,bangalore,Karnataka,2023-05-23,Bronze
2594,kavya,Das,kavya.das2594@gmail.com,9240532387,M,1994-07-24,Bangalore ,Karnataka,2023-11-02,Gold
199, ISHAAN ,Sharma,ISHAAN.SHARMA199@GMAIL.COM,09436580255,Male,09-Oct-1975,Madras,Tamil Nadu,2022-12-11,Bronze
1265,Neha,JOSHI,neha.joshi1265@yahoo.com,+91 99296 36322,f,1992-07-15,Bombay,Maharashtra,2024-02-04,Bronze
323,arjun,Bose,arjun.bose323@example.com,09785977902,f,1999-10-27,Coimbatore,Tamil Nadu,2023-04-12,Bronze
1090,Siddharth,Reddy,siddharth.reddy1090@example.com,+91 95959 51590,male,1988-11-23,Hyderabad,Telangana,2024-04-16,Gold
1155,Priya,Kumar,priya.kumar1155@gmail.com,09282447121,f,28-Apr-1971,Mumbai,Maharashtra,2025-03-01,Gold
935,diya,SHARMA,DIYA.SHARMA935@GMAIL.COM,99666-18368,f,03-09-1998,New Delhi,Delhi,2024-02-15,Platinum
1748,Arjun,Menon,,98372-04481,female,26/12/1974,Mumbai,Maharashtra,2025-08-07,Bronze
968,Pooja,Nair,pooja.nair968@gmail.com,+91 98465 69615,male,07-09-1990,mysuru,Karnataka,,Bronze
2132,Ramesh,REDDY,ramesh.reddy2132@example.com,95402-85853,Female,12/12/2001,Delhi,Delhi,2023-08-15,Platinum
1111, VIVAAN ,Das,vivaan.das1111@yahoo.com,09925693777,Female,02/10/1967,mysuru,Karnataka,2025-06-10,Bronze
3,Tanvi,Joshi,tanvi.joshi3@example.com,,Female,26/09/1970,Kolkata,West Bengal,2024-08-25,Bronze
247,Ramesh,NAIDU,ramesh.naidu247@yahoo.com,09511764400,F,04-28-2004,pune,Maharashtra,2023-12-27,Bronze
1342,Ananya,Chopra,ananya.chopra1342@example.com,9834060247,MALE,24-Feb-1976,gurugram,Haryana,2022-04-09,Bronze
1731, POOJA ,Mehta,pooja.mehta1731@gmail.com,,female,29/06/2002,Jaipur,Rajasthan,2024-07-18,Silver
1195, DEEPAK ,Naidu,deepak.naidu1195@outlook.com,+91-9074149665,Female,02/06/1997,kolkata,West Bengal,2024-08-11,Bronze
227,Riya,Chopra,RIYA.CHOPRA227@OUTLOOK.COM,+91-9503388843,F,08-27-1996,bangalore,Karnataka,2022-06-06,Bronze
2642,Lakshmi,Joshi,lakshmi.joshi2642@example.com,92753-15446,Other,09/04/1997,New Delhi,Delhi,2024-12-13,Silver
2518,naveen,Reddy,NAVEEN.REDDY2518@EXAMPLE.COM,+91-9232101808,M,10/01/1980,Madras,Tamil Nadu,2023-02-15,Bronze
1660,sneha,SINGH,sneha.singh1660@gmail.com,09644252642,female,1985-08-05,BLR,Karnataka,2025-08-09,Bronze
2870, RIYA ,PATEL,riya.patel2870@gmail.com,+91 90675 60176,female,1976-11-25,bangalore,Karnataka,2025-04-29,Bronze
447,Vikram,Shetty,vikram.shetty447@example.com,+91-9237479454,F,03-19-1965,Lucknow,Uttar Pradesh,2025-05-01,Silver
1711,Rahul,Patel,RAHUL.PATEL1711@YAHOO.COM,+91-9664828807,M,02/04/1986,Gurugram,Haryana,2024-10-03,Bronze
770,Karan,Kapoor,karan.kapoor770@gmail.com,9601097992,MALE,02-14-1984,pune,Maharashtra,2025-05-10,Bronze
207,manoj,Gupta,manoj.gupta207@outlook.com,09103573417,MALE,03-08-1975,BLR,Karnataka,2023-05-23,Bronze
2901,Arjun,Naidu,,90890-11462,M,03-31-1986,Hyderabad,Telangana,2024-10-31,Gold
2810,Meera,Kumar,meera.kumar2810@yahoo.com,+91 99789 68376,f,05-23-1973,Mysuru,Karnataka,2023-01-17,Bronze
1678, RAMESH ,Bose,ramesh.bose1678example.com,9910239232,Female,1998-12-31,hyderabad,Telangana,2023-11-27,Bronze
2719,sneha,Naidu,SNEHA.NAIDU2719@EXAMPLE.COM,+91-9740033274,F,30/10/2000,Bengaluru,Karnataka,2024-12-30,Bronze
1757,Ishaan,Nair,ishaan.nair1757@example.com,+91 90157 63203,MALE,12-11-1985,mysuru,Karnataka,2022-07-05,Gold
1015,Priya,JOSHI,priya.joshi1015@outlook.com,9958397708,male,08-25-1992,madurai,Tamil Nadu,2024-03-14,Bronze
720,Santosh,Patel,santosh.patel720@yahoo.com,09596799322,male,18-Oct-1967,kochi,Kerala,2023-11-06,Bronze
1724, AARAV ,Verma,aarav.verma1724@example.com,94255-55318,M,04-Jan-1985,Bombay,Maharashtra,2023-09-23,Silver
2968, RAHUL ,Singh,rahul.singh2968@gmail.com,92129-87268,M,24/10/1990,Madras,Tamil Nadu,2022-09-26,Bronze
512,Lakshmi,Das,lakshmi.das512@gmail.com,+91 93025 02193,Male,15/05/1973,kolkata,West Bengal,2023-09-30,Bronze
2616, ANANYA ,Bose,ananya.bose2616@yahoo.com,9042492636,f,12-02-1969,Bombay,Maharashtra,2023-12-11,Bronze
1050,Neha,Rao,neha.rao1050@outlook.com,+91-9032412918,male,06-06-1968,chennai ,Tamil Nadu,2022-11-28,Bronze
1278,lakshmi,Reddy,lakshmi.reddy1278@yahoo.com,+91-9093894645,F,05-27-1989,Bengaluru,Karnataka,2023-10-18,Platinum
34,Naveen,Mehta,naveen.mehta34@yahoo.com,+91-9899726728,M,01-04-1991,hyderabad,Telangana,2022-03-26,Bronze
482, SWATHI ,Reddy,swathi.reddy482@outlook.com,9305828825,Male,1976-10-22,chennai ,Tamil Nadu,2025-07-12,Silver
1370, ROHAN ,Verma,rohan.verma1370@gmail.com,,Female,1970-08-20,madurai,Tamil Nadu,2022-04-01,Silver
1214, ISHAAN ,Nair,ishaan.nair1214@gmail.com,9137925962,f,04-05-1985,Hyderabad,Telangana,2024-12-30,Bronze
1001, HARINI ,Singh,harini.singh1001@example.com,+91 93397 87476,Female,14/10/1982,Bangalore ,Karnataka,2022-09-07,Bronze
1060,Meera,Sharma,MEERA.SHARMA1060@YAHOO.COM,9487633992,MALE,27/06/1975,New Delhi,Delhi,2025-07-06,Silver
1606,siddharth,Chopra,siddharth.chopra1606@yahoo.com,+91 93256 93205,O,08/07/1992,Chennai,Tamil Nadu,2025-08-06,Silver
222,Siddharth,Kapoor,siddharth.kapoor222@gmail.com,95422-92721,Male,2004-05-06,mumbai,Maharashtra,2022-10-07,Bronze
2881,Kavya,Reddy,kavya.reddy2881example.com,09582947215,Female,13-Mar-1967,mysuru,Karnataka,2022-10-18,Bronze
2574, HARINI ,KAPOOR,harini.kapoor2574@yahoo.com,+91-9899128658,MALE,08-03-2000,Kolkata,West Bengal,2024-05-15,Bronze
461, ROHAN ,Nair,rohan.nair461@yahoo.com,+91 99726 34860,M,21/02/2002,Bombay,Maharashtra,2023-10-21,Gold
627,Ramesh,Gupta,ramesh.gupta627@yahoo.com,+91-9817663627,female,11-Jun-2001,Gurugram,Haryana,2022-02-22,Bronze
569,Ishaan,Gupta,ishaan.gupta569@yahoo.com,+91-9650373834,female,09-Oct-1972,hyderabad,Telangana,2025-06-28,Platinum
2279,Rohan,Nair,rohan.nair2279@yahoo.com,+91-9986534818,F,06-Mar-2003,kolkata,West Bengal,2023-01-24,Silver
2588, RIYA ,Iyer,riya.iyer2588@outlook.com,09366008037,Male,24-Nov-1978,Mysuru,Karnataka,2022-08-29,Bronze
2384,Manoj,Iyer,manoj.iyer2384@gmail.com,9622001172,M,10-01-1969,Bengaluru,Karnataka,2024-10-18,Bronze
2667,Swathi,SINGH,swathi.singh2667@example.com,91730-06713,M,03-Mar-1989,Ahmedabad,Gujarat,2022-05-02,Bronze
425,kiran,PATEL,kiran.patel425@example.com,+91 98126 78366,male,1993-01-21,Pune,Maharashtra,2023-09-18,Bronze
393, RAHUL ,MEHTA,rahul.mehta393@example.com,92467-73743,MALE,10-16-1980,mumbai,Maharashtra,2023-11-16,Silver
635,Swathi,Chopra,swathi.chopra635@yahoo.com,09512900326,F,1997-04-24,bangalore,Karnataka,2022-01-22,Bronze
249, VIVAAN ,Das,,+91-9095279021,Female,09-30-1970,Hyderabad,Telangana,2025-09-12,Bronze
1958,meera,MENON,meera.menon1958@gmail.com,+91 97572 71909,Male,1969-03-18,bangalore,Karnataka,2024-12-28,Bronze
2239, NEHA ,Shetty,neha.shetty2239@gmail.com,09217043634,Female,1982-09-11,Hyderabad,Telangana,2024-03-21,Silver
1681,Ananya,Kapoor,ananya.kapoor1681@example.com,+91 93007 52224,NA,08-01-1983,New Delhi,Delhi,2023-10-11,Bronze
1530,Vivaan,Gupta,vivaan.gupta1530@yahoo.com,9608536049,MALE,04/02/1983,chennai ,Tamil Nadu,2022-03-26,Silver
2440,santosh,Iyer,santosh.iyer2440@outlook.com,+91 97312 40193,MALE,02-Dec-1992,delhi,Delhi,2025-09-08,Silver
676,Swathi,Sharma,swathi.sharma676@gmail.com,92103-58047,MALE,01/12/1986,hyderabad,Telangana,2024-09-01,Bronze
1946,Neha,Naidu,NEHA.NAIDU1946@OUTLOOK.COM,98642-30150,MALE,2004-05-08,jaipur,Rajasthan,2022-02-23,Silver
1918, ARJUN ,NAIR,arjun.nair1918@yahoo.com,9034653782,Male,1982-11-04,New Delhi,Delhi,2025-05-14,Silver
1459,Arjun,Verma,ARJUN.VERMA1459@GMAIL.COM,+91 90548 97214,male,1994-07-25,jaipur,Rajasthan,2023-09-11,Silver
1116, HARINI ,Das,harini.das1116gmail.com,+91 97121 80889,f,07-26-1990,bangalore,Karnataka,2022-12-17,Gold
1075,Manoj,Pillai,manoj.pillai1075@outlook.com,+91 97908 18955,Female,1976-10-22,Kolkata,West Bengal,,Bronze
2793,Sneha,Patel,sneha.patel2793@yahoo.com,09343432381,male,29/10/1972,delhi,Delhi,2023-05-09,Gold
978,Karan,Naidu,karan.naidu978@yahoo.com,9496864005,M,2003-03-26,Hyderabad,Telangana,2022-12-22,Bronze
335,Vivaan,NAIDU,vivaan.naidu335@gmail.com,97378-67592,female,23-Mar-1982,Bangalore ,Karnataka,2025-04-21,Bronze
1027,Rahul,Shetty,rahul.shetty1027@example.com,9439277202,f,1965-09-17,jaipur,Rajasthan,2024-12-06,Bronze
2773,Neha,Gupta,neha.gupta2773@gmail.com,+91 96216 28103,F,23/04/1969,ahmedabad,Gujarat,2024-11-03,Bronze
2925,Ananya,SHETTY,ananya.shetty2925@example.com,9735840954,M,28/06/1970,Bengaluru,Karnataka,2022-02-01,Bronze
2669, AARAV ,Rao,aarav.rao2669@example.com,98284-49502,F,11/12/1983,Bombay,Maharashtra,2023-10-19,Bronze
1284, AARAV ,Menon,aarav.menon1284@yahoo.com,9182899368,MALE,03-Nov-1970,pune,Maharashtra,2023-02-05,Bronze
62,ramesh,Pillai,ramesh.pillai62@example.com,+91 94082 69465,MALE,06-14-1978,Mumbai,Maharashtra,2024-08-10,Silver
704,Arjun,Chopra,ARJUN.CHOPRA704@OUTLOOK.COM,,MALE,08/04/1985,kolkata,West Bengal,2023-07-30,Silver
734,Santosh,Patel,santosh.patel734@example.com,9692254626,Female,01-25-1993,hyderabad,Telangana,2022-02-15,Gold
2366, SANTOSH ,Nair,santosh.nair2366@yahoo.com,+91 97940 92349,O,07-03-1973,New Delhi,Delhi,2025-04-03,Silver
318, HARINI ,Menon,harini.menon318@outlook.com,+91 93390 67714,F,03-15-1974,Delhi,Delhi,2023-09-17,Bronze
1381,Santosh,Chopra,santosh.chopra1381outlook.com,09161920436,M,1967-04-21,hyderabad,Telangana,2022-01-15,Bronze
2250,Kiran,Sharma,kiran.sharma2250@outlook.com,93998-85802,M,16/07/1971,Madurai,Tamil Nadu,2025-01-30,Bronze
2345,Siddharth,Joshi,SIDDHARTH.JOSHI2345@OUTLOOK.COM,+91-9196305572,F,29-Mar-1998,delhi,Delhi,2022-06-19,Bronze
1618,naveen,Nair,,+91 91765 12397,F,15-Aug-1982,Bombay,Maharashtra,2022-01-15,Platinum
209,Vikram,Gupta,vikram.gupta209@outlook.com,9443441389,male,1987-12-08,Bengaluru,Karnataka,2025-02-12,Bronze
1301, DEEPAK ,VERMA,deepak.verma1301@example.com,+91 96155 53686,M,01-Dec-1966,Chennai,Tamil Nadu,2024-06-08,Silver
1158,deepak,Singh,deepak.singh1158@outlook.com,9678015897,f,18-Oct-1969,Bengaluru,Karnataka,2022-11-08,Bronze
692,Santosh,Singh,santosh.singh692@example.com,9181480453,M,01-25-1988,ahmedabad,Gujarat,2025-05-25,Silver
2377,Rohan,Shetty,rohan.shetty2377@example.com,9772162697,f,13/10/1978,Kolkata,West Bengal,2023-02-22,Bronze
27, KAVYA ,Shetty,kavya.shetty27@gmail.com,09783617062,male,08-Jul-1967,Hyderabad,Telangana,2022-05-10,Gold
1068, ISHAAN ,Das,ISHAAN.DAS1068@EXAMPLE.COM,+91 94256 96572,Female,27-Sep-1984,New Delhi,Delhi,2023-12-28,Gold
1532,Ramesh,Sharma,ramesh.sharma1532@yahoo.com,98946-17770,M,03-24-1986,bangalore,Karnataka,2022-07-07,Bronze
566,Vikram,Naidu,vikram.naidu566@example.com,9714422845,F,01-17-1984,Pune,Maharashtra,2022-12-22,Bronze
574,Sneha,Singh,sneha.singh574@example.com,,Female,18/11/1999,New Delhi,Delhi,2024-10-06,Bronze
1229,Harini,VERMA,harini.verma1229@example.com,+91 91373 17654,MALE,07-Jul-1976,Jaipur,Rajasthan,2023-01-28,Bronze
2745, PRIYA ,Menon,priya.menon2745@example.com,+91 93894 70791,Female,12-17-1986,Hyderabad,Telangana,2024-01-14,Gold
2752,Rohan,Kumar,rohan.kumar2752@example.com,+91 96633 79398,M,1996-01-06,delhi,Delhi,2023-05-31,Bronze
2077, NEHA ,Kumar,neha.kumar2077@outlook.com,9287358131,M,02-Mar-1993,kochi,Kerala,2024-06-07,Bronze
266,Aditya,Singh,aditya.singh266@example.com,9985746903,female,13-Oct-1981,Mysuru,Karnataka,2025-09-17,Bronze
291,Priya,Menon,priya.menon291@gmail.com,+91 94911 98126,f,01/06/2004,Kolkata,West Bengal,2022-09-16,Silver
804,Divya,Patel,divya.patel804@yahoo.com,94360-32340,Male,22/06/1991,Mumbai,Maharashtra,2023-03-04,Bronze
107,Aarav,Kumar,aarav.kumar107@outlook.com,93709-69882,NA,04/08/1985,Hyderabad,Telangana,2022-05-07,Silver
150,Swathi,Bose,swathi.bose150@outlook.com,+91-9647532283,F,20/08/1994,Bangalore ,Karnataka,2025-01-24,Bronze
1137,Pooja,GUPTA,POOJA.GUPTA1137@OUTLOOK.COM,09355144027,M,31-Oct-1977,hyderabad,Telangana,2023-01-30,Bronze
2000, ROHAN ,PATEL,rohan.patel2000@yahoo.com,90002-91567,female,23-Mar-1984,Bombay,Maharashtra,2023-06-24,Bronze
670,Diya,Singh,diya.singh670@gmail.com,09383943872,f,1991-04-02,hyderabad,Telangana,2023-03-28,Gold
2861,Naveen,IYER,naveen.iyer2861@yahoo.com,+91-9964495563,male,27/11/1976,Hyderabad,Telangana,2023-07-14,Bronze
2998,Divya,KAPOOR,divya.kapoor2998@example.com,+91-9203393793,Male,N/A,Madras,Tamil Nadu,2025-01-26,Bronze
1621,Naveen,Gupta,NAVEEN.GUPTA1621@EXAMPLE.COM,+91-9381055502,Male,07-Jul-1996,Chennai,Tamil Nadu,2025-08-23,Silver
2572,ishaan,Chopra,ishaan.chopra2572@outlook.com,99692-62431,Female,05-26-1972,Bombay,Maharashtra,2022-01-12,Bronze
2192,siddharth,Rao,siddharth.rao2192@yahoo.com,+91 98835 46334,female,05-27-1991,Bombay,Maharashtra,2023-01-10,Silver
1458,Manoj,Nair,manoj.nair1458@example.com,09434516833,Female,09-Apr-1989,hyderabad,Telangana,2024-07-11,Silver
1344,sneha,Rao,sneha.rao1344gmail.com,92529-78200,male,23-Aug-2003,Mumbai,Maharashtra,2024-08-28,Bronze
2991,Aarav,Verma,,09554327603,Female,28/03/1996,Gurugram,Haryana,2023-06-01,Gold
592, NAVEEN ,Nair,NAVEEN.NAIR592@GMAIL.COM,94253-78271,f,1980-09-06,hyderabad,Telangana,2024-02-05,Gold
299,Vikram,Bose,vikram.bose299@yahoo.com,+91 90457 45976,male,09-10-1973,Delhi,Delhi,2022-01-13,Bronze
2917,siddharth,Mehta,siddharth.mehta2917@gmail.com,09972753508,female,07-16-2001,Madras,Tamil Nadu,2022-09-25,Silver
568,Aditya,Menon,aditya.menon568@example.com,+91-9186064085,female,04/02/1972,bangalore,Karnataka,2022-12-08,Bronze
2489,Neha,Gupta,neha.gupta2489@yahoo.com,+91 91173 88885,F,18/02/1973,Bangalore ,Karnataka,2025-02-16,Bronze
1913,karan,Nair,karan.nair1913@yahoo.com,+91 93346 48499,M,09-14-1972,ahmedabad,Gujarat,2025-02-04,Gold
962,Kavya,Naidu,kavya.naidu962@gmail.com,94827-79853,male,16-Aug-2003,Hyderabad,Telangana,2023-04-08,Silver
2427,Rahul,SHETTY,rahul.shetty2427@yahoo.com,+91 93311 91626,Female,10-Sep-1965,BLR,Karnataka,2024-05-02,Bronze
643,kiran,Mehta,kiran.mehta643@yahoo.com,+91-9032341441,MALE,1970-09-22,BLR,Karnataka,,Bronze
761,Aarav,MENON,aarav.menon761@example.com,9600888451,male,02-01-1999,New Delhi,Delhi,2025-07-14,Gold
2963,Swathi,Iyer,swathi.iyer2963@gmail.com,09788029629,f,1975-06-23,Bengaluru,Karnataka,2022-10-16,Bronze
170,Deepak,Joshi,deepak.joshi170@yahoo.com,+91 96532 11547,Female,1965-12-25,Kochi,Kerala,2023-08-14,Silver
460,meera,MEHTA,meera.mehta460@example.com,+91 96968 23864,f,08-08-1980,pune,Maharashtra,2025-05-12,Bronze
694, RAMESH ,Iyer,ramesh.iyer694@yahoo.com,9297966768,F,1980-12-22,Coimbatore,Tamil Nadu,2024-08-25,Bronze
26,Deepak,Kapoor,deepak.kapoor26@example.com,+91-9166932836,f,26-Jul-2000,Madras,Tamil Nadu,2022-08-11,Silver
2379,naveen,IYER,naveen.iyer2379@yahoo.com,9571313984,Male,1986-06-24,BLR,Karnataka,2023-07-19,Gold
2859,vikram,REDDY,vikram.reddy2859@gmail.com,+91-9674349179,Male,05-24-2001,New Delhi,Delhi,2022-04-19,Bronze
1118,sneha,Rao,sneha.rao1118@gmail.com,9458271509,F,06/11/1985,gurugram,Haryana,2025-07-05,Gold
1232,Santosh,Naidu,santosh.naidu1232@example.com,+91 99832 32240,Male,1982-07-02,Mumbai,Maharashtra,,Silver
2492,Rahul,Verma,rahul.verma2492@yahoo.com,,F,27/05/1996,Hyderabad,Telangana,2025-05-21,Silver
1264, NAVEEN ,NAIR,naveen.nair1264@outlook.com,09119203214,MALE,2003-09-21,Jaipur,Rajasthan,2023-01-22,Bronze
2263,Ramesh,Chopra,ramesh.chopra2263@outlook.com,09480902074,F,1995-10-19,Hyderabad,Telangana,2022-02-12,Bronze
2126,Ishaan,Iyer,ishaan.iyer2126@outlook.com,95732-32183,Male,06-29-1997,Hyderabad,Telangana,2023-08-28,Gold
769, NEHA ,Chopra,neha.chopra769@outlook.com,95032-00786,female,06-29-1966,Bangalore ,Karnataka,2023-05-27,Silver
551,Pooja,PILLAI,pooja.pillai551@example.com,09016158711,f,09-30-1965,Hyderabad,Telangana,2022-04-14,Bronze
1699, ADITYA ,Pillai,aditya.pillai1699@yahoo.com,+91 95968 42543,MALE,1965-07-18,Kochi,Kerala,2023-03-03,Bronze
1953,harini,Naidu,harini.naidu1953yahoo.com,+91-9146506080,female,N/A,Delhi,Delhi,2024-11-01,Gold
2628,Lakshmi,Chopra,lakshmi.chopra2628@example.com,92707-73642,Female,2004-12-08,Madurai,Tamil Nadu,2025-09-28,Silver
2291, PRIYA ,Bose,PRIYA.BOSE2291@EXAMPLE.COM,+91-9000454737,f,04-13-1973,Kochi,Kerala,2022-10-08,Gold
2119,Priya,Patel,priya.patel2119@example.com,+91-9127736731,Male,11-26-1983,Bangalore ,Karnataka,2025-06-27,Silver
2876, RAHUL ,Gupta,rahul.gupta2876@example.com,+91 96994 37212,MALE,06-28-2001,Madras,Tamil Nadu,2025-09-29,Silver
2595,Rohan,RAO,rohan.rao2595@example.com,+91 98330 60964,MALE,04-28-1999,Coimbatore,Tamil Nadu,2022-06-03,Bronze
251, SANTOSH ,Rao,santosh.rao251@outlook.com,+91-9076488092,female,28/11/1983,Pune,Maharashtra,2022-08-26,Bronze
631,meera,Sharma,meera.sharma631@example.com,09514799185,f,1973-09-16,jaipur,Rajasthan,2024-05-07,Bronze
1211,Ramesh,Reddy,ramesh.reddy1211@example.com,9787945131,female,10/10/1987,delhi,Delhi,2022-10-23,Silver
1605, ADITYA ,Pillai,aditya.pillai1605@yahoo.com,98264-25191,f,29-Jan-1972,Madras,Tamil Nadu,2024-01-29,Bronze
719,Rohan,Menon,rohan.menon719@example.com,9025349661,Female,1996-06-14,Pune,Maharashtra,2022-07-04,Bronze
1073,Sneha,Gupta,sneha.gupta1073@outlook.com,90487-86878,MALE,30/05/1983,hyderabad,Telangana,2023-06-26,Silver
1818, POOJA ,Reddy,pooja.reddy1818@yahoo.com,+91 90173 19925,f,30-Sep-1977,Bombay,Maharashtra,2023-12-04,Gold
2599,Vikram,MENON,vikram.menon2599@example.com,9863693485,male,19-Sep-1999,Jaipur,Rajasthan,2023-10-22,Bronze
2127,Kavya,Patel,kavya.patel2127@yahoo.com,+91-9287238286,MALE,25-Feb-1983,Madurai,Tamil Nadu,2023-08-14,Bronze
326,Ishaan,Kumar,ishaan.kumar326@outlook.com,09349949789,MALE,17-Feb-1992,Pune,Maharashtra,2025-09-20,Bronze
821, RAMESH ,PILLAI,RAMESH.PILLAI821@GMAIL.COM,9037676054,female,07-13-1991,bangalore,Karnataka,2022-12-27,Bronze
1580,Santosh,Rao,santosh.rao1580@example.com,09114226697,MALE,2001-02-03,Kolkata,West Bengal,2022-11-09,Bronze
2705,Santosh,Iyer,santosh.iyer2705@outlook.com,97204-81842,M,05-17-1975,Delhi,Delhi,2022-10-11,Bronze
2463,Santosh,Menon,santosh.menon2463@example.com,+91 95709 66840,F,2000-12-27,bangalore,Karnataka,2025-01-27,Silver
404, HARINI ,MEHTA,harini.mehta404@yahoo.com,09270464019,f,21/06/2003,BLR,Karnataka,2023-07-13,Bronze
2776,Ishaan,Nair,ISHAAN.NAIR2776@YAHOO.COM,+91 91602 81402,M,01-16-1989,hyderabad,Telangana,2022-05-28,Bronze
1114, MEERA ,DAS,meera.das1114@example.com,97589-91508,F,12-Jul-1979,jaipur,Rajasthan,2022-10-23,Bronze
2752,Rohan,Kumar,rohan.kumar2752@example.com,+91 96633 79398,M,1996-01-06,delhi,Delhi,2023-05-31,Bronze
2513,Divya,Reddy,divya.reddy2513@outlook.com,09452567646,F,17-Dec-1968,Bangalore ,Karnataka,2023-05-23,Silver
1504,Neha,Verma,NEHA.VERMA1504@EXAMPLE.COM,9382804525,male,08-24-2000,Hyderabad,Telangana,2024-12-04,Bronze
1401,Deepak,Shetty,deepak.shetty1401@yahoo.com,90276-83993,F,18-Dec-1978,Hyderabad,Telangana,2025-04-29,Bronze
1012,riya,Mehta,riya.mehta1012@example.com,+91-9145723836,NA,01-02-1990,Bombay,Maharashtra,2022-06-14,Silver
1730,Naveen,Kapoor,naveen.kapoor1730@outlook.com,09213472111,M,1967-04-28,Hyderabad,Telangana,2024-05-09,Gold
1224,Siddharth,Rao,siddharth.rao1224@yahoo.com,9026967699,male,N/A,Pune,Maharashtra,2023-12-13,Bronze
446,Deepak,Patel,deepak.patel446@outlook.com,9711760697,MALE,03/05/1978,New Delhi,Delhi,2022-02-17,Bronze
2403, ADITYA ,Sharma,aditya.sharma2403@outlook.com,+91-9803560381,F,11-02-2000,Delhi,Delhi,2024-05-17,Gold
2597,Kiran,Das,kiran.das2597@gmail.com,99239-04526,F,12-22-1975,BLR,Karnataka,2024-07-23,Bronze
2236,Divya,Bose,divya.bose2236@example.com,09788373912,male,09-10-1986,kolkata,West Bengal,2022-07-20,Bronze
545,Rohan,Rao,rohan.rao545@gmail.com,+91-9154708133,MALE,11/01/2002,mysuru,Karnataka,2022-09-10,Bronze
1180,Vikram,Patel,vikram.patel1180@example.com,09771349563,M,23-Jun-1970,chennai ,Tamil Nadu,2024-03-17,Platinum
1673,Manoj,Singh,manoj.singh1673@gmail.com,9138403456,f,24/02/1988,Delhi,Delhi,2022-06-12,Bronze
2905,Sneha,Das,sneha.das2905@outlook.com,+91 99875 34548,F,N/A,Hyderabad,Telangana,2023-04-12,Bronze
422,Ananya,Pillai,ananya.pillai422@example.com,+91 93982 49439,F,17/10/2002,BLR,Karnataka,2025-02-10,Bronze
1124, NEHA ,Nair,neha.nair1124@example.com,9181062111,F,09-Aug-1970,chennai ,Tamil Nadu,2024-02-29,Gold
1664,Sneha,Chopra,sneha.chopra1664@yahoo.com,+91-9957937822,female,12-22-1973,Chennai,Tamil Nadu,2025-08-02,Bronze
2905,Sneha,Das,sneha.das2905@outlook.com,+91 99875 34548,F,N/A,Hyderabad,Telangana,2023-04-12,Bronze
2826, DEEPAK ,Das,deepak.das2826@outlook.com,09353901868,f,03-13-1970,New Delhi,Delhi,2025-06-13,Silver
1854,Pooja,Shetty,pooja.shetty1854@example.com,95728-46215,F,1991-07-25,delhi,Delhi,2025-02-16,Bronze
1755,Ishaan,Chopra,ishaan.chopra1755@example.com,99924-35526,Male,08/12/1991,Madurai,Tamil Nadu,2022-06-22,Bronze
403,Siddharth,SHETTY,siddharth.shetty403@example.com,09729213151,Male,1986-10-08,Gurugram,Haryana,2024-12-07,Silver
2729, KIRAN ,Shetty,kiran.shetty2729@example.com,+91-9340410379,M,23/02/1986,Hyderabad,Telangana,2024-10-23,Gold
1744, KARAN ,Shetty,KARAN.SHETTY1744@EXAMPLE.COM,+91-9971643678,f,23/10/1997,Kochi,Kerala,2023-08-18,Silver
2655,aarav,Chopra,aarav.chopra2655@yahoo.com,09390117307,male,23-Jul-1980,Hyderabad,Telangana,2024-07-02,Bronze
109,Sneha,Singh,sneha.singh109@gmail.com,+91-9219455373,M,1976-01-07,bangalore,Karnataka,2022-08-08,Bronze
358,aarav,Verma,aarav.verma358@outlook.com,+91-9154656857,female,12-01-1995,gurugram,Haryana,2022-05-13,Bronze
2419,Deepak,Rao,deepak.rao2419@yahoo.com,93836-58689,M,03/04/1967,BLR,Karnataka,2024-12-04,Bronze
2704,Aditya,Kapoor,aditya.kapoor2704@yahoo.com,+91 91874 56465,Male,04/09/1984,Gurugram,Haryana,2022-12-11,Bronze
1556,Aditya,Chopra,aditya.chopra1556@example.com,09304769355,Female,1991-04-14,Delhi,Delhi,2022-06-23,Bronze
444,Lakshmi,Das,lakshmi.das444@outlook.com,99530-60056,female,02-08-1978,Chennai,Tamil Nadu,2023-01-18,Bronze
233, ISHAAN ,Menon,ISHAAN.MENON233@GMAIL.COM,92621-51175,F,22-Nov-1970,kochi,Kerala,2022-11-05,Bronze
1189,Rahul,Iyer,rahul.iyer1189@outlook.com,09706152328,M,19/10/2002,Bengaluru,Karnataka,2023-10-18,Bronze
1730,Naveen,Kapoor,naveen.kapoor1730@outlook.com,09213472111,M,1967-04-28,Hyderabad,Telangana,2024-05-09,Gold
2114,Vikram,Singh,,95976-76318,Female,1965-07-21,pune,Maharashtra,2022-10-07,Bronze
2997,Karan,Verma,karan.verma2997@gmail.com,09314646917,female,1997-02-08,Pune,Maharashtra,2023-06-19,Silver
2856,Ishaan,Bose,ishaan.bose2856@gmail.com,09243718351,MALE,05-15-1996,jaipur,Rajasthan,2024-10-21,Silver
2989,Aarav,Shetty,aarav.shetty2989@yahoo.com,92850-60891,M,06-18-1997,mysuru,Karnataka,2022-08-19,Bronze
1366,Priya,Sharma,priya.sharma1366@gmail.com,09479755997,M,04-16-2003,mumbai,Maharashtra,,Bronze
2862,siddharth,Shetty,siddharth.shetty2862@example.com,92730-40569,male,02-27-1965,mumbai,Maharashtra,2024-12-15,Silver
2765,vikram,Kumar,vikram.kumar2765@example.com,09511664001,Male,14/05/1997,bangalore,Karnataka,2023-08-18,Bronze
2360,swathi,GUPTA,SWATHI.GUPTA2360@EXAMPLE.COM,+91 93121 86687,Male,06-03-1991,Mysuru,Karnataka,2023-05-14,Bronze
1594,Tanvi,Shetty,,,F,1965-09-15,Hyderabad,Telangana,2024-09-25,Bronze
1758,aarav,Reddy,aarav.reddy1758@outlook.com,09330282806,Male,04/01/1972,Kochi,Kerala,2024-03-28,Bronze
2699,Kavya,Shetty,KAVYA.SHETTY2699@GMAIL.COM,+91-9114889013,male,04-06-1977,hyderabad,Telangana,2023-05-20,Bronze
92,Kiran,PATEL,KIRAN.PATEL92@EXAMPLE.COM,09724534407,male,08-15-1967,delhi,Delhi,2025-02-27,Bronze
1635,Aditya,Verma,aditya.verma1635@yahoo.com,,MALE,03-18-1996,Lucknow,Uttar Pradesh,2022-01-07,Silver
637,Aditya,SHETTY,aditya.shetty637@example.com,+91 91672 20981,male,15/12/2002,pune,Maharashtra,2022-06-14,Bronze
933,Aditya,SHARMA,aditya.sharma933@outlook.com,09361573147,Female,10-13-2004,hyderabad,Telangana,2023-12-08,Bronze
