return_id,order_item_id,return_date,reason,refund_amount
1,35,2022-03-30,Wrong item,449.0
2,64,2022-05-03,Size/fit issue,246.05
3,86,2022-05-17,Size/fit issue,689.0
4,114,2022-06-08,Defective,735.2
5,100,2022-06-10,Defective,207.2
6,154,2022-06-25,Size/fit issue,364.65
7,188,2022-07-08,Not as described,449.0
8,186,2022-07-15,Defective,520.2
9,259,2022-07-15,Wrong item,279.65
10,166,2022-07-16,Changed mind,206.1
11,223,2022-07-19,Size/fit issue,449.0
12,199,2022-07-19,Not as described,329.0
13,180,2022-07-23,Changed mind,727.38
14,270,2022-07-26,Changed mind,404.1
15,261,2022-08-03,Not as described,404.1
16,288,2022-08-06,Size/fit issue,314.1
17,321,2022-08-08,Changed mind,1149.39
18,312,2022-08-11,Defective,1279.65
19,338,2022-09-01,Defective,219.0
20,390,2022-09-16,Changed mind,848.61
21,399,2022-09-18,Changed mind,351.14
22,409,2022-09-22,Changed mind,363.69
23,516,2022-09-22,Size/fit issue,413.1
24,495,2022-09-26,Changed mind,1212.3
25,438,2022-09-28,Defective,350.55
26,504,2022-09-30,Changed mind,1034.1
27,444,2022-10-03,Wrong item,1169.0
28,555,2022-10-05,Late delivery,209.0
29,582,2022-10-08,Late delivery,981.6
30,579,2022-10-11,Size/fit issue,1655.2
31,637,2022-10-15,Defective,609.0
32,663,2022-10-18,Changed mind,383.9
33,570,2022-10-19,Size/fit issue,329.0
34,598,2022-10-23,Changed mind,606.69
35,596,2022-10-28,Defective,1690.05
36,649,2022-11-02,Size/fit issue,329.0
37,670,2022-11-07,Size/fit issue,798.15
38,722,2022-11-07,Wrong item,898.0
39,692,2022-11-07,Defective,898.0
40,716,2022-11-12,Not as described,525.6
41,693,2022-11-14,Defective,678.0
42,737,2022-11-16,Size/fit issue,208.05
43,724,2022-11-17,Size/fit issue,455.05
44,720,2022-11-20,Not as described,449.0
45,783,2022-11-20,Defective,808.2
46,835,2022-11-23,Size/fit issue,208.05
47,813,2022-11-26,Defective,449.0
48,839,2022-12-01,Not as described,2399.0
49,829,2022-12-07,Defective,404.1
50,865,2022-12-10,Defective,186.15
51,1020,2022-12-15,Defective,449.0
52,927,2022-12-17,Defective,436.05
53,998,2022-12-18,Wrong item,2298.0
54,1044,2022-12-19,Size/fit issue,426.55
55,983,2023-01-02,Defective,460.6
56,1078,2023-01-02,Defective,293.55
57,997,2023-01-03,Changed mind,383.9
58,1157,2023-01-05,Defective,789.0
59,1068,2023-01-11,Changed mind,404.1
60,1101,2023-01-12,Changed mind,502.56
61,1109,2023-01-15,Size/fit issue,161.1
62,1259,2023-01-16,Not as described,2098.55
63,1289,2023-01-20,Size/fit issue,509.0
64,1232,2023-01-20,Defective,5559.2
65,1239,2023-01-25,Size/fit issue,449.0
66,1261,2023-01-27,Defective,1293.3
67,1416,2023-02-03,Size/fit issue,312.55
68,1253,2023-02-04,Size/fit issue,2209.0
69,1442,2023-02-07,Defective,175.2
70,1315,2023-02-11,Not as described,479.0
71,1513,2023-02-20,Late delivery,179.0
72,1528,2023-02-21,Size/fit issue,1169.0
73,1411,2023-02-23,Size/fit issue,521.55
74,1602,2023-03-01,Defective,839.0
75,1589,2023-03-01,Wrong item,1223.15
76,1465,2023-03-05,Not as described,449.0
77,1664,2023-03-06,Size/fit issue,919.0
78,1570,2023-03-14,Changed mind,233.1
79,1688,2023-03-16,Size/fit issue,1498.0
80,1554,2023-03-16,Not as described,658.0
81,1685,2023-03-17,Changed mind,343.48
82,1652,2023-03-21,Not as described,736.2
83,1791,2023-03-21,Changed mind,728.1
84,1686,2023-03-24,Not as described,404.1
85,1925,2023-03-26,Size/fit issue,569.05
86,1780,2023-03-29,Defective,436.05
87,1874,2023-03-29,Not as described,3897.0
88,1707,2023-03-29,Changed mind,836.1
89,1939,2023-03-29,Defective,368.1
90,1786,2023-04-01,Defective,219.0
91,1866,2023-04-02,Size/fit issue,312.55
92,1887,2023-04-03,Changed mind,371.79
93,1825,2023-04-06,Size/fit issue,2139.0
94,1994,2023-04-07,Changed mind,665.1
95,1933,2023-04-10,Size/fit issue,426.55
96,1938,2023-04-10,Size/fit issue,836.1
97,2025,2023-04-11,Wrong item,735.2
98,2094,2023-04-13,Size/fit issue,1376.55
99,1901,2023-04-14,Size/fit issue,246.05
100,1882,2023-04-14,Size/fit issue,1078.2
101,2154,2023-04-18,Changed mind,827.1
102,2033,2023-04-21,Size/fit issue,1789.0
103,2040,2023-04-21,Defective,719.0
104,2017,2023-04-23,Wrong item,449.0
105,2162,2023-04-25,Changed mind,2043.36
106,1989,2023-04-26,Wrong item,2279.05
107,2055,2023-04-30,Not as described,449.0
108,2245,2023-05-02,Late delivery,449.0
109,2234,2023-05-06,Wrong item,869.0
110,2110,2023-05-06,Wrong item,559.0
111,2217,2023-05-09,Wrong item,399.0
112,2156,2023-05-11,Changed mind,404.1
113,2146,2023-05-13,Size/fit issue,1359.0
114,2336,2023-05-14,Not as described,399.0
115,2489,2023-05-16,Defective,1829.0
116,2205,2023-05-16,Not as described,483.55
117,2492,2023-05-17,Size/fit issue,449.0
118,2422,2023-05-18,Size/fit issue,1149.0
119,2386,2023-05-19,Wrong item,2284.2
120,2546,2023-05-20,Defective,987.0
121,2482,2023-05-21,Late delivery,479.0
122,2539,2023-05-21,Defective,989.0
123,2353,2023-05-21,Wrong item,1610.1
124,2566,2023-05-23,Wrong item,2870.1
125,2434,2023-05-24,Not as described,531.05
126,2630,2023-05-25,Wrong item,5387.3
127,2645,2023-05-26,Changed mind,575.1
128,2556,2023-05-26,Changed mind,592.2
129,2634,2023-06-02,Changed mind,767.79
130,2468,2023-06-05,Wrong item,4389.6
131,2736,2023-06-10,Wrong item,233.1
132,2681,2023-06-10,Defective,1646.1
133,2544,2023-06-11,Defective,296.1
134,2680,2023-06-11,Not as described,9118.0
135,2823,2023-06-14,Size/fit issue,197.1
136,2878,2023-06-15,Late delivery,209.0
137,2872,2023-06-16,Defective,509.0
138,2737,2023-06-18,Wrong item,1690.05
139,2999,2023-06-22,Changed mind,930.69
140,2735,2023-06-24,Wrong item,1728.3
141,3040,2023-06-24,Changed mind,404.1
142,2973,2023-06-24,Wrong item,359.2
143,2721,2023-06-25,Changed mind,661.68
144,2847,2023-06-27,Defective,449.0
145,2971,2023-06-27,Wrong item,359.2
146,2925,2023-06-28,Defective,898.0
147,2763,2023-06-28,Not as described,369.0
148,3092,2023-06-29,Size/fit issue,170.05
149,2760,2023-06-29,Changed mind,930.69
150,2984,2023-06-30,Defective,7569.0
151,2846,2023-06-30,Defective,966.15
152,3070,2023-07-01,Not as described,350.55
153,3020,2023-07-01,Changed mind,2962.98
154,3023,2023-07-04,Changed mind,368.1
155,2959,2023-07-05,Defective,431.1
156,2907,2023-07-08,Defective,458.1
157,3219,2023-07-09,Size/fit issue,789.0
158,2990,2023-07-09,Size/fit issue,233.1
159,3080,2023-07-12,Size/fit issue,658.0
160,3071,2023-07-13,Changed mind,800.1
161,3247,2023-07-17,Defective,197.1
162,3282,2023-07-18,Late delivery,459.0
163,3331,2023-07-20,Size/fit issue,431.1
164,3120,2023-07-22,Not as described,426.55
165,3117,2023-07-24,Not as described,219.0
166,3396,2023-07-24,Wrong item,939.0
167,3357,2023-07-25,Changed mind,404.1
168,3328,2023-07-26,Defective,449.0
169,3345,2023-07-26,Changed mind,827.1
170,3134,2023-07-26,Not as described,296.1
171,3257,2023-07-27,Changed mind,1286.1
172,3205,2023-07-28,Size/fit issue,247.2
173,3341,2023-07-28,Defective,233.1
174,3317,2023-07-31,Size/fit issue,426.55
175,3500,2023-08-02,Changed mind,1091.07
176,3511,2023-08-03,Wrong item,217.55
177,3459,2023-08-03,Size/fit issue,1348.05
178,3417,2023-08-08,Not as described,449.0
179,3401,2023-08-10,Not as described,179.0
180,3661,2023-08-11,Late delivery,658.0
181,3613,2023-08-12,Defective,229.0
182,3433,2023-08-13,Size/fit issue,449.0
183,3571,2023-08-14,Size/fit issue,449.0
184,3551,2023-08-14,Defective,939.55
185,3699,2023-08-14,Wrong item,372.3
186,3769,2023-08-20,Defective,865.3
187,3625,2023-08-21,Defective,449.0
188,3732,2023-08-25,Size/fit issue,359.1
189,3697,2023-08-26,Size/fit issue,390.15
190,3706,2023-08-30,Not as described,1149.0
191,3726,2023-08-30,Defective,416.1
192,3710,2023-08-31,Wrong item,296.1
193,3762,2023-09-01,Defective,426.55
194,3676,2023-09-02,Defective,3189.0
195,3874,2023-09-02,Size/fit issue,12398.0
196,3893,2023-09-05,Size/fit issue,219.0
197,3738,2023-09-05,Defective,1091.55
198,4097,2023-09-05,Size/fit issue,153.3
199,4137,2023-09-06,Late delivery,763.3
200,4044,2023-09-06,Size/fit issue,197.1
201,3833,2023-09-08,Defective,476.1
202,4005,2023-09-08,Defective,404.1
203,4007,2023-09-09,Late delivery,449.0
204,3953,2023-09-11,Changed mind,323.28
205,4217,2023-09-12,Size/fit issue,329.0
206,3804,2023-09-13,Defective,413.1
207,3825,2023-09-14,Late delivery,418.0
208,4032,2023-09-14,Defective,314.3
209,4055,2023-09-15,Not as described,110409.0
210,3950,2023-09-16,Wrong item,399.0
211,4101,2023-09-17,Defective,1735.2
212,4341,2023-09-18,Not as described,1654.2
213,4072,2023-09-20,Not as described,381.65
214,4096,2023-09-21,Wrong item,778.0
215,4391,2023-09-21,Defective,11158.2
216,4408,2023-09-22,Defective,2029.0
217,4327,2023-09-22,Defective,1077.3
218,4392,2023-09-23,Size/fit issue,449.0
219,4057,2023-09-25,Not as described,287.1
220,4454,2023-09-26,Wrong item,198.55
221,4056,2023-09-26,Defective,1772.1
222,4383,2023-10-02,Size/fit issue,898.0
223,4144,2023-10-03,Changed mind,962.01
224,4244,2023-10-03,Size/fit issue,2209.0
225,4582,2023-10-03,Wrong item,426.55
226,4263,2023-10-04,Wrong item,359.2
227,4325,2023-10-05,Not as described,1279.65
228,4372,2023-10-06,Defective,381.65
229,4406,2023-10-06,Size/fit issue,389.0
230,4353,2023-10-06,Defective,449.0
231,4689,2023-10-07,Defective,4701.55
232,4269,2023-10-07,Defective,349.0
233,4666,2023-10-07,Not as described,1529.0
234,4498,2023-10-09,Defective,449.0
235,4744,2023-10-12,Size/fit issue,208.05
236,4651,2023-10-12,Not as described,1419.0
237,4794,2023-10-13,Late delivery,404.1
238,4479,2023-10-14,Not as described,998.1
239,4517,2023-10-15,Defective,867.0
240,4802,2023-10-15,Late delivery,958.0
241,4722,2023-10-16,Size/fit issue,4338.0
242,4583,2023-10-16,Defective,1055.2
243,4853,2023-10-17,Changed mind,178.7
244,4528,2023-10-17,Not as described,1304.1
245,4564,2023-10-17,Changed mind,1574.1
246,4505,2023-10-18,Changed mind,1034.1
247,4751,2023-10-18,Changed mind,383.9
248,4604,2023-10-19,Not as described,219.0
249,4720,2023-10-19,Not as described,219.0
250,4545,2023-10-20,Defective,976.65
251,4650,2023-10-21,Changed mind,597.64
252,4795,2023-10-22,Wrong item,186.15
253,4742,2023-10-22,Defective,989.0
254,4543,2023-10-25,Not as described,898.0
255,4745,2023-10-26,Size/fit issue,1780.2
256,4676,2023-10-26,Size/fit issue,188.1
257,5005,2023-10-26,Wrong item,1291.05
258,4811,2023-10-26,Not as described,175.2
259,4587,2023-10-28,Not as described,217.55
260,4954,2023-10-29,Not as described,449.0
261,4941,2023-10-29,Size/fit issue,609.0
262,4983,2023-10-30,Defective,1646.1
263,5026,2023-10-31,Late delivery,449.0
264,4823,2023-11-01,Changed mind,323.28
265,4885,2023-11-03,Not as described,233.1
266,5044,2023-11-03,Defective,219.0
267,5142,2023-11-04,Late delivery,330.65
268,4835,2023-11-06,Size/fit issue,388.55
269,4784,2023-11-07,Wrong item,2022.3
270,4779,2023-11-07,Changed mind,986.58
271,5004,2023-11-07,Wrong item,808.2
272,4880,2023-11-09,Defective,658.0
273,5143,2023-11-09,Size/fit issue,404.1
274,4832,2023-11-10,Changed mind,257.67
275,4840,2023-11-10,Wrong item,431.1
276,4898,2023-11-11,Defective,381.65
277,5296,2023-11-12,Size/fit issue,1359.0
278,5161,2023-11-12,Size/fit issue,825.55
279,5116,2023-11-12,Changed mind,282.87
280,5316,2023-11-14,Defective,4679.1
281,5256,2023-11-15,Size/fit issue,449.0
282,5062,2023-11-15,Size/fit issue,381.65
283,5436,2023-11-16,Wrong item,1149.0
284,5099,2023-11-18,Size/fit issue,2247.0
285,5412,2023-11-18,Defective,349.0
286,5110,2023-11-18,Size/fit issue,289.0
287,5212,2023-11-19,Wrong item,808.2
288,5435,2023-11-19,Size/fit issue,4587.0
289,5448,2023-11-19,Defective,208.05
290,5227,2023-11-21,Not as described,2345.55
291,5204,2023-11-21,Not as described,869.0
292,5551,2023-11-23,Changed mind,1157.94
293,5492,2023-11-24,Defective,404.1
294,5365,2023-11-25,Size/fit issue,426.55
295,5319,2023-11-26,Changed mind,3085.29
296,5263,2023-11-27,Changed mind,404.1
297,5668,2023-11-27,Size/fit issue,449.0
298,5444,2023-11-28,Not as described,1144.95
299,5583,2023-11-28,Size/fit issue,449.0
300,5381,2023-11-28,Not as described,394.2
301,5226,2023-11-28,Not as described,2298.0
302,5515,2023-11-29,Size/fit issue,657.0
303,5222,2023-11-30,Defective,179.0
304,5700,2023-11-30,Defective,449.0
305,5595,2023-12-04,Size/fit issue,449.0
306,5499,2023-12-04,Defective,449.0
307,5837,2023-12-05,Size/fit issue,186.15
308,5451,2023-12-06,Changed mind,323.28
309,5909,2023-12-06,Size/fit issue,219.0
310,5566,2023-12-07,Defective,449.0
311,5860,2023-12-07,Size/fit issue,1015.2
312,5348,2023-12-07,Changed mind,266.49
313,5713,2023-12-09,Defective,207.2
314,5685,2023-12-10,Changed mind,404.1
315,5756,2023-12-11,Not as described,426.55
316,5867,2023-12-11,Not as described,208.05
317,5620,2023-12-12,Not as described,838.0
318,5613,2023-12-12,Wrong item,994.65
319,6060,2023-12-13,Size/fit issue,449.0
320,5565,2023-12-13,Size/fit issue,909.0
321,5961,2023-12-13,Size/fit issue,359.2
322,5895,2023-12-15,Size/fit issue,1578.0
323,5567,2023-12-15,Size/fit issue,2069.0
324,5678,2023-12-18,Defective,279.2
325,5681,2023-12-18,Defective,3010.55
326,5784,2023-12-19,Size/fit issue,404.1
327,5733,2023-12-20,Size/fit issue,2068.2
328,5722,2023-12-21,Not as described,219.0
329,5866,2023-12-22,Not as described,215.1
330,6258,2023-12-22,Wrong item,449.0
331,6320,2023-12-25,Late delivery,167.2
332,6345,2023-12-26,Size/fit issue,426.55
333,5946,2023-12-28,Late delivery,231.2
334,5863,2023-12-29,Not as described,449.0
335,6124,2023-12-29,Size/fit issue,217.55
336,6342,2023-12-30,Size/fit issue,314.3
337,6322,2023-12-30,Defective,219.0
338,6106,2023-12-31,Wrong item,219.0
339,6214,2023-12-31,Changed mind,686.97
340,5931,2023-12-31,Defective,1149.0
341,6292,2023-12-31,Defective,449.0
342,6084,2024-01-01,Late delivery,1678.0
343,6070,2024-01-02,Size/fit issue,449.0
344,6527,2024-01-03,Size/fit issue,381.65
345,6052,2024-01-04,Changed mind,628.2
346,6271,2024-01-04,Size/fit issue,449.0
347,5964,2024-01-04,Wrong item,572.6
348,6234,2024-01-06,Defective,658.0
349,6659,2024-01-06,Wrong item,186.15
350,6361,2024-01-06,Late delivery,227.05
351,6121,2024-01-06,Size/fit issue,259.0
352,6171,2024-01-08,Defective,11899.0
353,6276,2024-01-09,Size/fit issue,381.65
354,6263,2024-01-10,Not as described,449.0
355,6670,2024-01-10,Size/fit issue,1418.0
356,6538,2024-01-11,Wrong item,99368.1
357,6351,2024-01-12,Defective,413.1
358,6533,2024-01-13,Defective,220.15
359,6408,2024-01-13,Size/fit issue,449.0
360,6520,2024-01-15,Late delivery,381.65
361,6335,2024-01-15,Size/fit issue,1299.65
362,6660,2024-01-16,Defective,107.1
363,6779,2024-01-16,Not as described,359.2
364,6646,2024-01-16,Not as described,719.0
365,6931,2024-01-17,Defective,449.0
366,6673,2024-01-18,Changed mind,323.28
367,6526,2024-01-18,Size/fit issue,99368.1
368,6611,2024-01-18,Defective,289.0
369,6596,2024-01-19,Wrong item,449.0
370,6300,2024-01-19,Changed mind,413.1
371,6426,2024-01-20,Changed mind,775.17
372,6529,2024-01-20,Wrong item,436.05
373,6569,2024-01-20,Changed mind,930.69
374,6879,2024-01-23,Changed mind,188.1
375,6748,2024-01-23,Not as described,719.0
376,6458,2024-01-24,Changed mind,1258.2
377,6914,2024-01-24,Not as described,449.0
378,6662,2024-01-24,Late delivery,449.0
379,6632,2024-01-25,Not as described,404.1
380,6730,2024-01-25,Not as described,289.0
381,6532,2024-01-27,Wrong item,1053.55
382,6897,2024-01-27,Late delivery,186.15
383,6956,2024-01-27,Defective,449.0
384,7183,2024-01-28,Size/fit issue,426.55
385,6756,2024-01-28,Defective,781.15
386,6857,2024-01-29,Defective,1109.0
387,7250,2024-01-30,Changed mind,404.1
388,6761,2024-01-31,Defective,1529.0
389,6899,2024-01-31,Size/fit issue,1500.05
390,7212,2024-02-01,Changed mind,197.1
391,7135,2024-02-03,Changed mind,197.1
392,7048,2024-02-03,Not as described,1359.0
393,7211,2024-02-05,Defective,1737.55
394,7234,2024-02-07,Not as described,764.1
395,6925,2024-02-07,Size/fit issue,219.0
396,7272,2024-02-08,Not as described,438.0
397,7052,2024-02-09,Size/fit issue,404.1
398,7244,2024-02-12,Not as described,15978.0
399,7266,2024-02-12,Size/fit issue,4619.0
400,7073,2024-02-14,Changed mind,1052.1
401,7242,2024-02-14,Wrong item,426.55
402,7253,2024-02-14,Defective,21546.65
403,7098,2024-02-16,Late delivery,898.0
404,7481,2024-02-18,Wrong item,5070.4
405,7100,2024-02-18,Wrong item,1829.0
406,7556,2024-02-20,Defective,789.0
407,7822,2024-02-21,Wrong item,873.05
408,7745,2024-02-21,Defective,404.1
409,7271,2024-02-21,Size/fit issue,208.05
410,7683,2024-02-21,Size/fit issue,829.0
411,7332,2024-02-24,Not as described,709.0
412,7678,2024-02-24,Size/fit issue,518.0
413,7395,2024-02-24,Late delivery,186.15
414,7736,2024-02-25,Defective,1018.0
415,7295,2024-02-26,Size/fit issue,449.0
416,7385,2024-02-26,Wrong item,314.3
417,7814,2024-02-28,Changed mind,404.1
418,7550,2024-02-29,Not as described,404.1
419,7727,2024-03-01,Size/fit issue,394.2
420,7486,2024-03-01,Defective,229.0
421,7937,2024-03-02,Late delivery,1149.0
422,7953,2024-03-02,Changed mind,266.49
423,7493,2024-03-02,Not as described,357.0
424,7594,2024-03-03,Changed mind,1034.1
425,7899,2024-03-03,Changed mind,458.1
426,7588,2024-03-03,Defective,230.3
427,7603,2024-03-05,Size/fit issue,479.0
428,7684,2024-03-05,Size/fit issue,295.2
429,8058,2024-03-07,Late delivery,350.4
430,8148,2024-03-08,Wrong item,2399.0
431,7929,2024-03-08,Changed mind,278.1
432,7816,2024-03-09,Size/fit issue,976.65
433,7922,2024-03-11,Late delivery,663.1
434,8256,2024-03-12,Late delivery,4619.0
435,8121,2024-03-12,Not as described,449.0
436,8214,2024-03-12,Defective,219.0
437,8303,2024-03-14,Changed mind,1999.89
438,8183,2024-03-14,Size/fit issue,1269.0
439,8138,2024-03-15,Changed mind,671.49
440,8254,2024-03-16,Not as described,314.1
441,7912,2024-03-17,Size/fit issue,865.3
442,8101,2024-03-19,Changed mind,686.97
443,7918,2024-03-19,Not as described,1452.55
444,8403,2024-03-19,Changed mind,1304.1
445,8184,2024-03-20,Defective,314.3
446,8406,2024-03-21,Size/fit issue,426.55
447,8204,2024-03-22,Size/fit issue,381.65
448,8048,2024-03-22,Wrong item,398.05
449,8333,2024-03-22,Not as described,449.0
450,8106,2024-03-23,Defective,388.55
451,8553,2024-03-24,Size/fit issue,404.1
452,8343,2024-03-24,Defective,219.0
453,8570,2024-03-25,Wrong item,1034.1
454,8670,2024-03-26,Changed mind,368.1
455,8097,2024-03-28,Not as described,459.0
456,8383,2024-03-28,Late delivery,719.0
457,8475,2024-03-30,Wrong item,718.4
458,8248,2024-03-31,Defective,478.0
459,8571,2024-03-31,Size/fit issue,188.1
460,8418,2024-03-31,Defective,339.0
461,8440,2024-04-01,Size/fit issue,674.1
462,8608,2024-04-02,Changed mind,177.39
463,8314,2024-04-03,Changed mind,827.1
464,8577,2024-04-03,Changed mind,808.2
465,8362,2024-04-03,Changed mind,808.2
466,8576,2024-04-04,Changed mind,187.24
467,8337,2024-04-04,Size/fit issue,321.3
468,8773,2024-04-06,Wrong item,349.0
469,8788,2024-04-06,Wrong item,219.0
470,8431,2024-04-06,Defective,58994.1
471,8704,2024-04-11,Wrong item,449.0
472,8580,2024-04-11,Not as described,449.0
473,8535,2024-04-11,Wrong item,449.0
474,8551,2024-04-12,Size/fit issue,449.0
475,8635,2024-04-13,Not as described,558.45
476,8854,2024-04-14,Changed mind,4008.69
477,9017,2024-04-14,Defective,449.0
478,8777,2024-04-15,Wrong item,188.1
479,8972,2024-04-15,Changed mind,161.1
480,8573,2024-04-15,Defective,1169.1
481,8549,2024-04-17,Wrong item,381.65
482,8754,2024-04-17,Not as described,369.0
483,9099,2024-04-17,Size/fit issue,245.65
484,8567,2024-04-17,Defective,657.0
485,8820,2024-04-17,Defective,755.1
486,8737,2024-04-18,Not as described,808.2
487,9138,2024-04-22,Not as described,376.2
488,8855,2024-04-23,Not as described,309.0
489,9032,2024-04-23,Wrong item,699.0
490,9216,2024-04-23,Defective,939.0
491,8882,2024-04-24,Defective,1838.4
492,9429,2024-04-25,Changed mind,2737.17
493,8802,2024-04-26,Changed mind,363.69
494,9452,2024-04-26,Defective,331.55
495,9320,2024-04-27,Changed mind,452.79
496,9263,2024-04-27,Changed mind,296.1
497,9331,2024-04-28,Wrong item,1149.0
498,9606,2024-04-29,Size/fit issue,312.55
499,9546,2024-04-29,Defective,1277.1
500,9476,2024-04-29,Defective,314.3
501,9483,2024-04-30,Defective,610.2
502,9246,2024-04-30,Not as described,645.15
503,9567,2024-05-01,Wrong item,958.0
504,9179,2024-05-02,Not as described,175.2
505,9044,2024-05-02,Size/fit issue,1300.55
506,9579,2024-05-03,Late delivery,449.0
507,9398,2024-05-04,Not as described,95.2
508,9069,2024-05-04,Size/fit issue,489.3
509,9090,2024-05-05,Changed mind,221.45
510,9838,2024-05-05,Defective,449.0
511,9689,2024-05-05,Size/fit issue,692.3
512,9572,2024-05-05,Defective,447.2
513,9853,2024-05-06,Size/fit issue,1889.1
514,9276,2024-05-08,Defective,9031.65
515,9166,2024-05-09,Not as described,818.0
516,9732,2024-05-10,Not as described,449.0
517,9360,2024-05-10,Changed mind,7091.1
518,9945,2024-05-11,Late delivery,898.0
519,9857,2024-05-11,Defective,312.55
520,9917,2024-05-11,Size/fit issue,404.1
521,9817,2024-05-12,Late delivery,1240.15
522,9625,2024-05-12,Defective,208.05
523,9922,2024-05-12,Not as described,1376.55
524,9744,2024-05-13,Size/fit issue,998.1
525,10004,2024-05-13,Defective,683.05
526,9783,2024-05-13,Size/fit issue,689.0
527,10183,2024-05-16,Defective,5432.1
528,9809,2024-05-16,Size/fit issue,865.3
529,9650,2024-05-16,Late delivery,919.0
530,9970,2024-05-17,Defective,426.55
531,9901,2024-05-17,Changed mind,801.09
532,10095,2024-05-18,Size/fit issue,1529.0
533,10054,2024-05-18,Wrong item,183.2
534,9723,2024-05-19,Not as described,1078.65
535,9509,2024-05-19,Changed mind,566.19
536,10244,2024-05-20,Size/fit issue,711.55
537,10130,2024-05-20,Not as described,246.05
538,9863,2024-05-20,Defective,186.15
539,9934,2024-05-21,Not as described,1149.0
540,10306,2024-05-22,Not as described,219.0
541,10218,2024-05-23,Wrong item,1104.3
542,9965,2024-05-24,Not as described,71978.0
543,10114,2024-05-24,Defective,314.1
544,9831,2024-05-24,Defective,219.0
545,10254,2024-05-25,Not as described,431.1
546,10165,2024-05-26,Defective,2870.1
547,9967,2024-05-27,Size/fit issue,219.0
548,10609,2024-05-28,Size/fit issue,409.0
549,10294,2024-05-28,Size/fit issue,1347.0
550,10562,2024-05-28,Late delivery,483.55
551,9801,2024-05-28,Not as described,219.0
552,9808,2024-05-29,Changed mind,8908.2
553,10692,2024-05-30,Size/fit issue,853.1
554,10407,2024-05-30,Not as described,381.65
555,10641,2024-05-31,Changed mind,2483.1
556,10642,2024-05-31,Not as described,2573.1
557,10080,2024-06-01,Not as described,898.0
558,10617,2024-06-01,Size/fit issue,350.55
559,10381,2024-06-01,Size/fit issue,219.0
560,9989,2024-06-01,Size/fit issue,449.0
561,10267,2024-06-02,Size/fit issue,219.0
562,10517,2024-06-04,Late delivery,758.1
563,10205,2024-06-04,Wrong item,1779.0
564,10245,2024-06-04,Changed mind,394.2
565,10372,2024-06-05,Size/fit issue,455.05
566,10483,2024-06-06,Size/fit issue,359.2
567,10523,2024-06-06,Defective,381.65
568,10283,2024-06-07,Defective,329.0
569,10580,2024-06-09,Not as described,898.0
570,10428,2024-06-09,Size/fit issue,593.3
571,10939,2024-06-10,Defective,407.55
572,10427,2024-06-10,Size/fit issue,3938.0
573,10500,2024-06-10,Defective,898.0
574,10404,2024-06-11,Wrong item,219.0
575,10568,2024-06-12,Changed mind,404.1
576,10700,2024-06-12,Defective,381.65
577,10813,2024-06-15,Size/fit issue,449.0
578,11076,2024-06-15,Changed mind,1096.2
579,10781,2024-06-16,Not as described,329.0
580,10475,2024-06-17,Defective,5518.0
581,10423,2024-06-18,Changed mind,808.2
582,11244,2024-06-19,Late delivery,429.0
583,10968,2024-06-19,Not as described,449.0
584,10622,2024-06-20,Not as described,858.0
585,11386,2024-06-21,Wrong item,673.55
586,10882,2024-06-21,Changed mind,930.69
587,11227,2024-06-22,Size/fit issue,175.2
588,11014,2024-06-22,Defective,289.0
589,10632,2024-06-23,Defective,438.0
590,11331,2024-06-23,Size/fit issue,1191.2
591,10638,2024-06-23,Wrong item,47607.0
592,10946,2024-06-24,Size/fit issue,175.2
593,11288,2024-06-24,Defective,263.2
594,10962,2024-06-24,Not as described,426.55
595,11136,2024-06-24,Size/fit issue,476.1
596,11035,2024-06-25,Size/fit issue,83.3
597,11034,2024-06-26,Late delivery,312.55
598,10877,2024-06-26,Defective,6999.0
599,10999,2024-06-26,Size/fit issue,449.0
600,11102,2024-06-26,Not as described,449.0
601,10863,2024-06-27,Wrong item,1359.0
602,10859,2024-06-27,Not as described,763.3
603,10952,2024-06-27,Changed mind,343.48
604,10955,2024-06-27,Changed mind,363.69
605,11340,2024-06-27,Not as described,658.0
606,11268,2024-06-27,Not as described,426.55
607,10900,2024-06-27,Changed mind,383.9
608,11680,2024-06-28,Size/fit issue,808.2
609,11142,2024-06-28,Changed mind,394.2
610,11122,2024-06-29,Size/fit issue,329.0
611,10848,2024-06-30,Size/fit issue,3189.0
612,11070,2024-06-30,Wrong item,449.0
613,11389,2024-06-30,Not as described,449.0
614,11210,2024-07-01,Not as described,131098.0
615,11001,2024-07-01,Not as described,438.0
616,11118,2024-07-01,Changed mind,1024.29
617,11298,2024-07-04,Size/fit issue,455.05
618,11195,2024-07-05,Defective,381.65
619,11430,2024-07-07,Changed mind,197.1
620,12015,2024-07-07,Size/fit issue,1212.3
621,11903,2024-07-07,Wrong item,898.0
622,11980,2024-07-07,Size/fit issue,438.0
623,12108,2024-07-08,Size/fit issue,449.0
624,11934,2024-07-08,Size/fit issue,332.1
625,11656,2024-07-08,Not as described,186.15
626,12063,2024-07-09,Not as described,2029.0
627,11695,2024-07-09,Size/fit issue,517.65
628,11591,2024-07-10,Defective,6378.0
629,11792,2024-07-10,Not as described,209.0
630,11776,2024-07-10,Defective,575.1
631,11764,2024-07-11,Size/fit issue,898.0
632,11479,2024-07-11,Not as described,381.65
633,11561,2024-07-11,Defective,2207.2
634,12043,2024-07-12,Size/fit issue,438.0
635,11828,2024-07-13,Size/fit issue,186.15
636,11787,2024-07-13,Defective,314.3
637,11487,2024-07-13,Wrong item,3004.2
638,12349,2024-07-14,Wrong item,426.55
639,11635,2024-07-14,Defective,1658.0
640,12296,2024-07-15,Size/fit issue,898.0
641,12068,2024-07-15,Wrong item,1931.3
642,11731,2024-07-15,Defective,539.1
643,12168,2024-07-16,Not as described,209.0
644,11757,2024-07-16,Size/fit issue,246.05
645,12006,2024-07-18,Size/fit issue,381.65
646,12412,2024-07-19,Size/fit issue,657.0
647,12104,2024-07-19,Not as described,556.2
648,11758,2024-07-20,Defective,1149.0
649,12397,2024-07-20,Size/fit issue,449.0
650,11613,2024-07-21,Defective,404.1
651,12173,2024-07-21,Late delivery,772.2
652,11751,2024-07-21,Late delivery,628.2
653,12454,2024-07-22,Changed mind,363.69
654,11838,2024-07-23,Wrong item,381.65
655,12114,2024-07-23,Size/fit issue,2463.3
656,12146,2024-07-24,Not as described,509.0
657,11975,2024-07-24,Changed mind,363.69
658,12470,2024-07-24,Size/fit issue,479.0
659,12791,2024-07-24,Changed mind,3042.94
660,12629,2024-07-24,Not as described,1149.0
661,12335,2024-07-24,Changed mind,1027.89
662,12740,2024-07-25,Defective,404.1
663,12574,2024-07-25,Size/fit issue,381.65
664,12792,2024-07-26,Size/fit issue,1879.1
665,12594,2024-07-27,Defective,203.15
666,12223,2024-07-28,Size/fit issue,279.65
667,12371,2024-07-29,Not as described,230.3
668,12941,2024-07-29,Not as described,2029.0
669,12585,2024-07-30,Size/fit issue,219.0
670,12079,2024-07-30,Size/fit issue,759.0
671,12700,2024-07-31,Defective,449.0
672,12634,2024-08-01,Defective,449.0
673,12279,2024-08-01,Wrong item,531.05
674,12500,2024-08-02,Defective,1347.0
675,12424,2024-08-02,Changed mind,323.28
676,12071,2024-08-02,Late delivery,349.0
677,12113,2024-08-03,Wrong item,312.55
678,12398,2024-08-03,Defective,449.0
679,13098,2024-08-04,Not as described,1484.1
680,12611,2024-08-05,Size/fit issue,449.0
681,12619,2024-08-05,Not as described,1829.0
682,12271,2024-08-06,Not as described,209.0
683,13113,2024-08-07,Changed mind,278.1
684,13116,2024-08-08,Defective,22814.1
685,12864,2024-08-09,Defective,329.0
686,13076,2024-08-09,Not as described,409.0
687,12596,2024-08-10,Wrong item,343.2
688,12798,2024-08-10,Size/fit issue,349.0
689,13119,2024-08-11,Size/fit issue,432.65
690,13128,2024-08-12,Changed mind,827.1
691,13003,2024-08-12,Defective,2446.2
692,12569,2024-08-12,Defective,198.55
693,13135,2024-08-14,Wrong item,919.2
694,12974,2024-08-14,Size/fit issue,1149.0
695,12812,2024-08-14,Late delivery,1538.1
696,13105,2024-08-15,Defective,1374.3
697,13153,2024-08-15,Defective,426.55
698,12737,2024-08-15,Defective,329.0
699,12942,2024-08-16,Not as described,426.55
700,12815,2024-08-16,Defective,429.0
701,13294,2024-08-16,Changed mind,383.9
702,13270,2024-08-17,Wrong item,359.2
703,13215,2024-08-18,Defective,219.0
704,12866,2024-08-19,Size/fit issue,4359.0
705,13672,2024-08-20,Not as described,431.1
706,13051,2024-08-20,Wrong item,368.1
707,13272,2024-08-20,Defective,8939.0
708,12867,2024-08-21,Defective,319.2
709,13436,2024-08-21,Defective,207538.2
710,13849,2024-08-22,Size/fit issue,219.0
711,13841,2024-08-22,Size/fit issue,989.0
712,13318,2024-08-22,Size/fit issue,7578.0
713,13586,2024-08-22,Size/fit issue,125.3
714,13540,2024-08-23,Defective,404.1
715,13277,2024-08-23,Defective,3669.6
716,13312,2024-08-23,Size/fit issue,558.4
717,13062,2024-08-24,Wrong item,1376.1
718,13950,2024-08-24,Not as described,359.2
719,13152,2024-08-24,Wrong item,1286.6
720,14031,2024-08-25,Changed mind,404.1
721,13535,2024-08-25,Defective,367.2
722,13559,2024-08-26,Size/fit issue,319.0
723,13145,2024-08-26,Defective,404.1
724,13498,2024-08-26,Defective,2279.05
725,13944,2024-08-27,Changed mind,1212.3
726,13576,2024-08-28,Changed mind,383.9
727,13669,2024-08-28,Defective,198.55
728,13640,2024-08-29,Not as described,7578.0
729,13936,2024-08-29,Defective,404.1
730,13885,2024-08-29,Not as described,219.0
731,13428,2024-08-30,Defective,4454.1
732,13868,2024-08-30,Size/fit issue,1304.1
733,13489,2024-08-30,Late delivery,449.0
734,13231,2024-08-30,Defective,449.0
735,13401,2024-08-31,Not as described,197.1
736,13443,2024-09-01,Not as described,119.0
737,14409,2024-09-02,Defective,699.0
738,13710,2024-09-02,Defective,296.1
739,14323,2024-09-03,Not as described,329.0
740,14450,2024-09-03,Wrong item,197.1
741,14390,2024-09-03,Changed mind,1213.24
742,13745,2024-09-03,Not as described,449.0
743,14170,2024-09-03,Size/fit issue,2028.6
744,13588,2024-09-03,Size/fit issue,259.0
745,13752,2024-09-04,Size/fit issue,217.55
746,13822,2024-09-04,Size/fit issue,1149.0
747,13999,2024-09-04,Defective,898.0
748,14447,2024-09-05,Defective,1143.2
749,14169,2024-09-05,Size/fit issue,1838.4
750,14236,2024-09-05,Not as described,449.0
751,13511,2024-09-05,Not as described,274.55
752,14315,2024-09-06,Changed mind,343.48
753,14135,2024-09-06,Changed mind,1481.49
754,14355,2024-09-07,Size/fit issue,217.55
755,13676,2024-09-09,Changed mind,177.39
756,13887,2024-09-10,Wrong item,1091.55
757,13908,2024-09-10,Changed mind,197.1
758,14332,2024-09-10,Wrong item,853.1
759,13774,2024-09-10,Defective,1778.0
760,14567,2024-09-11,Size/fit issue,379.05
761,14538,2024-09-12,Not as described,699.0
762,14813,2024-09-12,Changed mind,2680.2
763,14942,2024-09-13,Size/fit issue,329.0
764,14797,2024-09-13,Defective,849.0
765,14397,2024-09-14,Not as described,1862.1
766,13884,2024-09-14,Wrong item,687.0
767,13959,2024-09-14,Size/fit issue,381.65
768,14082,2024-09-14,Defective,381.65
769,14730,2024-09-14,Defective,177.65
770,14601,2024-09-14,Not as described,809.0
771,14084,2024-09-15,Size/fit issue,5889.05
772,13845,2024-09-15,Not as described,625.1
773,14959,2024-09-15,Size/fit issue,1423.1
774,14634,2024-09-15,Size/fit issue,409.0
775,14864,2024-09-15,Changed mind,404.1
776,15016,2024-09-16,Late delivery,3078.0
777,14695,2024-09-17,Defective,219.0
778,14029,2024-09-18,Not as described,529.0
779,14076,2024-09-19,Defective,1091.55
780,14018,2024-09-19,Changed mind,1457.19
781,14685,2024-09-20,Size/fit issue,987.0
782,14609,2024-09-20,Defective,263.2
783,14317,2024-09-20,Size/fit issue,798.0
784,14845,2024-09-20,Wrong item,340.1
785,14798,2024-09-21,Size/fit issue,1197.0
786,15180,2024-09-21,Defective,409.0
787,15198,2024-09-21,Defective,413.1
788,15186,2024-09-21,Size/fit issue,449.0
789,14684,2024-09-22,Size/fit issue,1673.65
790,14976,2024-09-22,Size/fit issue,219.0
791,14731,2024-09-22,Changed mind,404.1
792,14809,2024-09-23,Size/fit issue,898.0
793,14865,2024-09-23,Changed mind,282.87
794,15210,2024-09-24,Defective,409.0
795,14758,2024-09-24,Changed mind,671.49
796,15153,2024-09-25,Defective,208.05
797,14414,2024-09-26,Size/fit issue,889.95
798,14629,2024-09-26,Not as described,3338.0
799,14855,2024-09-27,Late delivery,449.0
800,15050,2024-09-27,Wrong item,654.55
801,14754,2024-09-27,Size/fit issue,919.2
802,14898,2024-09-27,Size/fit issue,898.0
803,15522,2024-09-28,Defective,1829.0
804,14725,2024-09-28,Not as described,1772.1
805,15200,2024-09-28,Changed mind,383.9
806,15308,2024-09-29,Size/fit issue,404.1
807,14552,2024-09-30,Not as described,175.2
808,15046,2024-09-30,Size/fit issue,853.1
809,15254,2024-09-30,Late delivery,591.3
810,14764,2024-10-01,Size/fit issue,658.0
811,15628,2024-10-02,Wrong item,449.0
812,15351,2024-10-02,Defective,449.0
813,15002,2024-10-03,Defective,219.0
814,15457,2024-10-03,Size/fit issue,1149.0
815,14753,2024-10-03,Not as described,449.0
816,15750,2024-10-03,Defective,332.1
817,15248,2024-10-03,Size/fit issue,808.2
818,14795,2024-10-03,Defective,479.2
819,15236,2024-10-04,Wrong item,219.0
820,14856,2024-10-04,Not as described,449.0
821,15412,2024-10-04,Size/fit issue,3058.0
822,15030,2024-10-04,Size/fit issue,194.65
823,15687,2024-10-05,Defective,404.1
824,15226,2024-10-05,Changed mind,1654.56
825,15368,2024-10-06,Wrong item,3109.0
826,15160,2024-10-06,Changed mind,187.24
827,14888,2024-10-06,Not as described,4798.0
828,15502,2024-10-07,Changed mind,161.1
829,15489,2024-10-07,Size/fit issue,219.0
830,15829,2024-10-07,Defective,359.2
831,15984,2024-10-08,Defective,381.65
832,15141,2024-10-08,Changed mind,20673.04
833,15463,2024-10-09,Changed mind,767.79
834,15537,2024-10-09,Size/fit issue,449.0
835,15845,2024-10-09,Changed mind,2068.2
836,15330,2024-10-10,Changed mind,808.2
837,15840,2024-10-10,Changed mind,282.87
838,15014,2024-10-11,Size/fit issue,390.15
839,15575,2024-10-11,Size/fit issue,186.15
840,15277,2024-10-11,Defective,1646.1
841,15652,2024-10-12,Size/fit issue,314.3
842,15605,2024-10-12,Changed mind,197.1
843,15086,2024-10-12,Defective,449.0
844,15823,2024-10-12,Size/fit issue,1348.05
845,15988,2024-10-13,Defective,639.0
846,15167,2024-10-13,Changed mind,187.24
847,15171,2024-10-13,Changed mind,404.1
848,16089,2024-10-13,Late delivery,449.0
849,15672,2024-10-14,Wrong item,329.0
850,15793,2024-10-14,Defective,1862.1
851,16094,2024-10-14,Changed mind,1051.47
852,15279,2024-10-14,Late delivery,449.0
853,15363,2024-10-14,Not as described,349.0
854,15865,2024-10-14,Size/fit issue,449.0
855,15780,2024-10-14,Size/fit issue,259.0
856,15960,2024-10-15,Defective,312.55
857,15965,2024-10-16,Defective,426.55
858,15281,2024-10-16,Not as described,296.1
859,15568,2024-10-17,Size/fit issue,219.0
860,16036,2024-10-17,Wrong item,698.0
861,15384,2024-10-18,Changed mind,878.98
862,15836,2024-10-18,Late delivery,711.55
863,16001,2024-10-18,Changed mind,413.1
864,16194,2024-10-18,Changed mind,314.1
865,16288,2024-10-18,Changed mind,197.1
866,16010,2024-10-19,Defective,5354.3
867,16315,2024-10-19,Changed mind,159.89
868,15596,2024-10-19,Size/fit issue,177.65
869,15506,2024-10-20,Size/fit issue,404.1
870,15429,2024-10-20,Changed mind,574.2
871,16155,2024-10-21,Not as described,2411.1
872,15957,2024-10-21,Size/fit issue,359.2
873,15460,2024-10-21,Not as described,629.1
874,16362,2024-10-22,Defective,349.0
875,16582,2024-10-22,Defective,404.1
876,15717,2024-10-23,Defective,107.1
877,15799,2024-10-23,Defective,664.05
878,15852,2024-10-23,Changed mind,363.69
879,16469,2024-10-23,Changed mind,323.28
880,16177,2024-10-24,Size/fit issue,194.65
881,16668,2024-10-24,Not as described,509.0
882,15996,2024-10-24,Changed mind,1091.07
883,15762,2024-10-25,Changed mind,188.1
884,16077,2024-10-25,Changed mind,281.3
885,16669,2024-10-25,Defective,381.65
886,16372,2024-10-25,Defective,1347.0
887,15795,2024-10-25,Defective,449.0
888,16080,2024-10-25,Not as described,2157.3
889,16110,2024-10-25,Defective,763.3
890,16849,2024-10-26,Size/fit issue,349.0
891,16201,2024-10-26,Defective,638.4
892,16559,2024-10-26,Not as described,654.55
893,15972,2024-10-27,Wrong item,438.0
894,15690,2024-10-27,Changed mind,404.1
895,15898,2024-10-27,Changed mind,266.49
896,16238,2024-10-28,Late delivery,329.0
897,16142,2024-10-28,Not as described,449.0
898,16034,2024-10-28,Changed mind,1223.1
899,15938,2024-10-28,Size/fit issue,8492.05
900,16326,2024-10-29,Size/fit issue,219.0
901,16880,2024-10-30,Not as described,1784.1
902,16811,2024-10-30,Wrong item,689.0
903,16659,2024-10-31,Changed mind,282.87
904,15830,2024-10-31,Changed mind,131.67
905,16186,2024-11-01,Changed mind,404.1
906,17149,2024-11-01,Wrong item,858.0
907,16184,2024-11-01,Late delivery,449.0
908,15905,2024-11-02,Late delivery,1838.0
909,16990,2024-11-02,Not as described,449.0
910,17017,2024-11-02,Changed mind,376.2
911,15992,2024-11-02,Size/fit issue,591.3
912,16464,2024-11-02,Wrong item,609.0
913,16021,2024-11-02,Defective,559.0
914,16904,2024-11-02,Size/fit issue,657.0
915,16460,2024-11-02,Not as described,763.3
916,16807,2024-11-03,Not as described,479.0
917,17193,2024-11-03,Changed mind,4103.1
918,16068,2024-11-03,Changed mind,194.67
919,16180,2024-11-03,Defective,3410.1
920,16006,2024-11-04,Changed mind,404.1
921,16648,2024-11-04,Changed mind,458.1
922,16191,2024-11-04,Wrong item,327.2
923,17102,2024-11-04,Defective,449.0
924,16051,2024-11-05,Not as described,259.0
925,17015,2024-11-05,Defective,1578.0
926,17018,2024-11-05,Defective,2222.1
927,16244,2024-11-06,Size/fit issue,349.0
928,16342,2024-11-06,Late delivery,2715.1
929,16457,2024-11-06,Not as described,658.0
930,16570,2024-11-07,Size/fit issue,3724.2
931,16492,2024-11-07,Size/fit issue,853.1
932,17366,2024-11-07,Not as described,898.0
933,17007,2024-11-08,Defective,438.0
934,16450,2024-11-08,Not as described,455.05
935,16412,2024-11-09,Changed mind,404.1
936,17571,2024-11-09,Changed mind,772.2
937,16343,2024-11-09,Wrong item,319.2
938,17246,2024-11-09,Size/fit issue,381.65
939,16913,2024-11-10,Defective,449.0
940,16654,2024-11-10,Size/fit issue,399.0
941,17319,2024-11-11,Changed mind,177.39
942,17412,2024-11-11,Size/fit issue,1034.1
943,16673,2024-11-11,Wrong item,426.55
944,16961,2024-11-11,Changed mind,2573.1
945,16597,2024-11-11,Changed mind,702.27
946,16713,2024-11-12,Not as described,449.0
947,16735,2024-11-12,Defective,426.55
948,16712,2024-11-13,Defective,329.0
949,17325,2024-11-13,Defective,153.3
950,17513,2024-11-14,Size/fit issue,179.0
951,17469,2024-11-14,Size/fit issue,2599.3
952,17327,2024-11-14,Size/fit issue,296.1
953,16922,2024-11-14,Not as described,449.0
954,17216,2024-11-14,Defective,4229.1
955,17824,2024-11-15,Wrong item,449.0
956,16630,2024-11-15,Late delivery,2298.0
957,17485,2024-11-15,Not as described,1421.1
958,17269,2024-11-16,Defective,407.15
959,17510,2024-11-16,Changed mind,404.1
960,17621,2024-11-17,Defective,620.1
961,17727,2024-11-17,Changed mind,1270.89
962,17755,2024-11-18,Size/fit issue,449.0
963,17738,2024-11-18,Defective,981.6
964,17858,2024-11-19,Not as described,5459.0
965,17204,2024-11-19,Changed mind,197.1
966,17894,2024-11-19,Size/fit issue,808.2
967,17595,2024-11-19,Changed mind,1034.1
968,17471,2024-11-20,Changed mind,1091.07
969,17272,2024-11-20,Not as described,888.3
970,18102,2024-11-20,Changed mind,14282.1
971,17628,2024-11-20,Defective,479.0
972,17616,2024-11-20,Changed mind,368.1
973,16751,2024-11-20,Wrong item,359.2
974,17635,2024-11-21,Defective,4899.3
975,18073,2024-11-22,Not as described,229.0
976,17150,2024-11-22,Not as described,449.0
977,17179,2024-11-22,Defective,262.65
978,18128,2024-11-23,Not as described,1746.1
979,16893,2024-11-23,Wrong item,559.0
980,18056,2024-11-23,Changed mind,404.1
981,17668,2024-11-23,Wrong item,220.15
982,17792,2024-11-23,Size/fit issue,628.6
983,17827,2024-11-23,Changed mind,394.2
984,18069,2024-11-24,Defective,219.0
985,17185,2024-11-25,Not as described,219.0
986,17417,2024-11-25,Changed mind,767.79
987,17975,2024-11-25,Size/fit issue,449.0
988,17653,2024-11-26,Not as described,898.0
989,17087,2024-11-26,Defective,107.1
990,17305,2024-11-27,Size/fit issue,219.0
991,17634,2024-11-27,Not as described,426.55
992,17895,2024-11-28,Defective,219.0
993,17457,2024-11-28,Changed mind,413.1
994,18154,2024-11-28,Not as described,763.3
995,18582,2024-11-28,Late delivery,449.0
996,17844,2024-11-28,Not as described,628.6
997,18217,2024-11-29,Defective,314.1
998,18283,2024-11-29,Not as described,394.2
999,17602,2024-11-29,Wrong item,186.15
1000,17920,2024-11-29,Defective,198.55
1001,17489,2024-11-30,Defective,219.0
1002,17702,2024-11-30,Not as described,438.0
1003,17908,2024-11-30,Size/fit issue,404.1
1004,17747,2024-12-01,Not as described,2531.3
1005,17439,2024-12-01,Size/fit issue,186.15
1006,18595,2024-12-02,Size/fit issue,890.1
1007,18235,2024-12-02,Size/fit issue,449.0
1008,17817,2024-12-02,Size/fit issue,1452.55
1009,18783,2024-12-02,Size/fit issue,449.0
1010,17780,2024-12-03,Defective,15179.1
1011,18243,2024-12-03,Not as described,359.2
1012,18762,2024-12-03,Changed mind,374.49
1013,18938,2024-12-04,Changed mind,305.24
1014,18904,2024-12-04,Size/fit issue,219.0
1015,17692,2024-12-05,Wrong item,449.0
1016,17686,2024-12-05,Defective,449.0
1017,18387,2024-12-05,Size/fit issue,404.1
1018,17797,2024-12-05,Wrong item,404.1
1019,17707,2024-12-07,Changed mind,3972.96
1020,17834,2024-12-07,Size/fit issue,1646.1
1021,17740,2024-12-08,Late delivery,449.0
1022,18916,2024-12-08,Defective,219.0
1023,19016,2024-12-08,Wrong item,386.1
1024,18463,2024-12-08,Size/fit issue,6812.1
1025,17903,2024-12-09,Not as described,426.55
1026,18890,2024-12-09,Changed mind,1169.69
1027,18962,2024-12-09,Size/fit issue,409.0
1028,18062,2024-12-10,Changed mind,413.1
1029,18265,2024-12-10,Size/fit issue,263.2
1030,18123,2024-12-11,Late delivery,309.0
1031,18188,2024-12-11,Wrong item,314.3
1032,18818,2024-12-11,Wrong item,624.15
1033,19199,2024-12-12,Late delivery,862.2
1034,18907,2024-12-13,Wrong item,625.1
1035,18672,2024-12-13,Size/fit issue,1829.0
1036,19323,2024-12-13,Wrong item,1212.3
1037,19393,2024-12-13,Size/fit issue,2619.15
1038,18034,2024-12-13,Changed mind,5579.1
1039,19178,2024-12-14,Not as described,320.6
1040,18970,2024-12-14,Size/fit issue,404.1
1041,19064,2024-12-14,Size/fit issue,359.2
1042,19014,2024-12-15,Changed mind,725.9
1043,19131,2024-12-16,Size/fit issue,898.0
1044,19401,2024-12-16,Wrong item,459.0
1045,18200,2024-12-17,Defective,177.65
1046,19047,2024-12-17,Changed mind,728.1
1047,19280,2024-12-18,Size/fit issue,372.3
1048,18987,2024-12-18,Changed mind,785.74
1049,18728,2024-12-18,Defective,449.0
1050,18973,2024-12-18,Not as described,663.2
1051,18319,2024-12-19,Defective,188.1
1052,19276,2024-12-20,Size/fit issue,12398.0
1053,19177,2024-12-20,Size/fit issue,438.0
1054,19158,2024-12-20,Size/fit issue,1359.0
1055,18851,2024-12-20,Changed mind,366.44
1056,19753,2024-12-21,Size/fit issue,483.55
1057,18619,2024-12-22,Changed mind,188.1
1058,19459,2024-12-22,Changed mind,808.2
1059,18445,2024-12-22,Not as described,390.15
1060,19170,2024-12-22,Not as described,161.1
1061,19545,2024-12-23,Size/fit issue,670.6
1062,18959,2024-12-23,Size/fit issue,2150.1
1063,18707,2024-12-24,Not as described,3058.0
1064,19904,2024-12-24,Size/fit issue,1299.0
1065,19537,2024-12-25,Not as described,919.0
1066,19233,2024-12-25,Changed mind,343.48
1067,18834,2024-12-26,Defective,197.1
1068,19409,2024-12-26,Late delivery,449.0
1069,19783,2024-12-26,Size/fit issue,438.0
1070,19406,2024-12-26,Not as described,764.1
1071,19722,2024-12-26,Size/fit issue,853.1
1072,18842,2024-12-26,Defective,246.05
1073,18952,2024-12-26,Not as described,229.0
1074,19968,2024-12-27,Not as described,529.0
1075,19357,2024-12-27,Late delivery,1052.1
1076,18797,2024-12-27,Wrong item,369.0
1077,19256,2024-12-27,Size/fit issue,404.1
1078,18884,2024-12-28,Defective,398.05
1079,19840,2024-12-28,Size/fit issue,296.1
1080,19640,2024-12-28,Not as described,853.1
1081,18880,2024-12-29,Size/fit issue,426.55
1082,19770,2024-12-29,Changed mind,404.1
1083,19142,2024-12-30,Size/fit issue,1943.1
1084,19541,2024-12-30,Wrong item,958.0
1085,19172,2024-12-30,Changed mind,3334.64
1086,19182,2024-12-30,Changed mind,136.94
1087,19002,2024-12-31,Size/fit issue,449.0
1088,19583,2024-12-31,Size/fit issue,1367.2
1089,19755,2024-12-31,Not as described,2858.0
1090,18982,2024-12-31,Size/fit issue,449.0
1091,20246,2025-01-01,Changed mind,1297.89
1092,20480,2025-01-02,Changed mind,188.1
1093,19479,2025-01-02,Wrong item,449.0
1094,20460,2025-01-02,Size/fit issue,219.0
1095,20071,2025-01-03,Changed mind,458.1
1096,19858,2025-01-03,Defective,1489.0
1097,19871,2025-01-04,Wrong item,426.55
1098,20459,2025-01-04,Wrong item,987.0
1099,19562,2025-01-05,Changed mind,1142.1
1100,20392,2025-01-05,Not as described,1737.55
1101,19314,2025-01-06,Defective,8278.0
1102,19854,2025-01-06,Not as described,208.05
1103,19352,2025-01-06,Late delivery,1034.1
1104,20636,2025-01-06,Defective,329.0
1105,19326,2025-01-06,Changed mind,131.67
1106,20702,2025-01-06,Size/fit issue,5579.1
1107,20179,2025-01-07,Wrong item,259.0
1108,20173,2025-01-07,Changed mind,177.39
1109,20148,2025-01-07,Wrong item,919.0
1110,20029,2025-01-09,Defective,3031.2
1111,20897,2025-01-09,Defective,898.0
1112,20449,2025-01-10,Changed mind,532.17
1113,20169,2025-01-10,Defective,296.1
1114,20245,2025-01-11,Not as described,426.55
1115,20444,2025-01-11,Size/fit issue,671.2
1116,20381,2025-01-11,Size/fit issue,6299.1
1117,19672,2025-01-11,Wrong item,449.0
1118,20166,2025-01-11,Changed mind,404.1
1119,20139,2025-01-11,Size/fit issue,1529.0
1120,19975,2025-01-12,Changed mind,591.3
1121,21050,2025-01-12,Wrong item,531.05
1122,19687,2025-01-12,Changed mind,548.1
1123,20542,2025-01-12,Defective,763.3
1124,20982,2025-01-12,Defective,349.0
1125,20092,2025-01-12,Size/fit issue,525.6
1126,19901,2025-01-13,Size/fit issue,798.0
1127,20215,2025-01-13,Not as described,5515.3
1128,19993,2025-01-13,Wrong item,839.0
1129,20685,2025-01-13,Size/fit issue,1070.3
1130,20288,2025-01-13,Defective,1529.0
1131,20403,2025-01-13,Wrong item,274.55
1132,20827,2025-01-14,Size/fit issue,449.0
1133,21064,2025-01-14,Changed mind,167.54
1134,20030,2025-01-14,Changed mind,996.3
1135,20646,2025-01-16,Size/fit issue,418.0
1136,20871,2025-01-16,Defective,197.1
1137,19924,2025-01-16,Defective,449.0
1138,21249,2025-01-17,Size/fit issue,327.2
1139,21381,2025-01-17,Changed mind,266.49
1140,20550,2025-01-17,Changed mind,4103.1
1141,20282,2025-01-17,Wrong item,208.05
1142,20293,2025-01-17,Size/fit issue,113.05
1143,20076,2025-01-17,Defective,3475.1
1144,21191,2025-01-17,Not as described,1276.2
1145,21265,2025-01-17,Not as described,1858.0
1146,21026,2025-01-19,Defective,989.0
1147,21295,2025-01-19,Not as described,1269.0
1148,21069,2025-01-19,Size/fit issue,188.1
1149,20319,2025-01-19,Defective,449.0
1150,20791,2025-01-20,Size/fit issue,898.0
1151,20089,2025-01-20,Defective,1969.0
1152,21187,2025-01-20,Changed mind,368.1
1153,20474,2025-01-21,Size/fit issue,293.55
1154,21468,2025-01-22,Size/fit issue,980.1
1155,21327,2025-01-22,Changed mind,458.1
1156,20337,2025-01-23,Size/fit issue,329.0
1157,20824,2025-01-24,Defective,197.1
1158,20513,2025-01-24,Defective,259.0
1159,20320,2025-01-24,Defective,610.2
1160,21181,2025-01-24,Changed mind,371.07
1161,21067,2025-01-25,Late delivery,416.1
1162,20350,2025-01-25,Not as described,438.0
1163,21198,2025-01-25,Changed mind,282.87
1164,20514,2025-01-25,Defective,426.55
1165,20886,2025-01-25,Wrong item,359.2
1166,21524,2025-01-25,Size/fit issue,329.0
1167,20939,2025-01-25,Defective,449.0
1168,21488,2025-01-25,Changed mind,221.45
1169,20843,2025-01-27,Not as described,426.55
1170,21921,2025-01-27,Changed mind,404.1
1171,21298,2025-01-28,Size/fit issue,329.0
1172,21897,2025-01-28,Not as described,1308.15
1173,21255,2025-01-28,Size/fit issue,2218.0
1174,20952,2025-01-28,Size/fit issue,789.0
1175,21017,2025-01-29,Late delivery,359.2
1176,20675,2025-01-29,Defective,350.4
1177,21629,2025-01-29,Wrong item,976.65
1178,21284,2025-01-29,Defective,620.1
1179,21233,2025-01-30,Wrong item,331.55
1180,22126,2025-01-31,Size/fit issue,1231.65
1181,21840,2025-01-31,Size/fit issue,657.0
1182,22161,2025-01-31,Not as described,728.1
1183,22250,2025-02-01,Late delivery,449.0
1184,21607,2025-02-01,Changed mind,167.54
1185,21632,2025-02-01,Defective,718.4
1186,22327,2025-02-02,Changed mind,294.48
1187,21698,2025-02-02,Defective,197.1
1188,22313,2025-02-02,Wrong item,449.0
1189,21599,2025-02-02,Size/fit issue,309.0
1190,21336,2025-02-02,Size/fit issue,404.1
1191,22048,2025-02-03,Size/fit issue,449.0
1192,22391,2025-02-03,Defective,438.0
1193,21044,2025-02-03,Defective,602.65
1194,21904,2025-02-03,Changed mind,197.1
1195,22069,2025-02-04,Defective,1574.1
1196,22440,2025-02-04,Size/fit issue,197.1
1197,22002,2025-02-04,Changed mind,363.69
1198,22364,2025-02-04,Size/fit issue,399.0
1199,21680,2025-02-04,Changed mind,301.68
1200,22279,2025-02-04,Not as described,449.0
1201,22556,2025-02-05,Changed mind,801.09
1202,21564,2025-02-05,Changed mind,517.59
1203,22088,2025-02-06,Changed mind,278.1
1204,21469,2025-02-06,Defective,449.0
1205,22477,2025-02-07,Changed mind,197.1
1206,22409,2025-02-07,Late delivery,407.55
1207,21175,2025-02-07,Wrong item,449.0
1208,21944,2025-02-07,Defective,763.3
1209,21356,2025-02-07,Not as described,209.0
1210,21742,2025-02-08,Size/fit issue,219.0
1211,22542,2025-02-08,Changed mind,207.27
1212,21799,2025-02-08,Defective,853.1
1213,21936,2025-02-08,Wrong item,1367.2
1214,22283,2025-02-08,Defective,449.0
1215,22149,2025-02-08,Late delivery,9398.0
1216,21487,2025-02-09,Size/fit issue,449.0
1217,22533,2025-02-09,Wrong item,404.1
1218,22847,2025-02-10,Defective,898.0
1219,21666,2025-02-10,Changed mind,272.74
1220,21309,2025-02-11,Late delivery,219.0
1221,21426,2025-02-11,Size/fit issue,1157.1
1222,22725,2025-02-11,Defective,853.1
1223,22596,2025-02-11,Not as described,259.0
1224,21293,2025-02-11,Defective,4559.0
1225,21863,2025-02-11,Not as described,329.0
1226,21464,2025-02-11,Late delivery,1149.0
1227,22699,2025-02-11,Size/fit issue,329.0
1228,21933,2025-02-13,Wrong item,271.15
1229,21994,2025-02-13,Defective,389.0
1230,21714,2025-02-13,Changed mind,1173.69
1231,21551,2025-02-13,Size/fit issue,366.4
1232,21935,2025-02-13,Size/fit issue,3988.1
1233,22400,2025-02-13,Size/fit issue,3029.55
1234,22122,2025-02-13,Wrong item,296.1
1235,23227,2025-02-14,Changed mind,363.69
1236,22534,2025-02-14,Size/fit issue,1829.0
1237,22885,2025-02-14,Not as described,404.1
1238,21766,2025-02-14,Not as described,664.05
1239,22580,2025-02-14,Not as described,197.1
1240,22262,2025-02-15,Changed mind,1034.1
1241,21827,2025-02-15,Defective,287.1
1242,21838,2025-02-15,Size/fit issue,919.0
1243,21718,2025-02-16,Defective,359.2
1244,21945,2025-02-16,Size/fit issue,898.0
1245,22974,2025-02-16,Changed mind,332.1
1246,22301,2025-02-16,Changed mind,458.1
1247,21747,2025-02-16,Size/fit issue,3220.65
1248,23350,2025-02-17,Not as described,198.55
1249,23272,2025-02-17,Wrong item,197.1
1250,21835,2025-02-17,Wrong item,404.1
1251,22295,2025-02-18,Changed mind,1034.1
1252,22244,2025-02-18,Size/fit issue,350.4
1253,22531,2025-02-18,Defective,334.4
1254,22451,2025-02-19,Not as described,710.1
1255,23377,2025-02-19,Defective,1574.1
1256,23393,2025-02-19,Changed mind,157.68
1257,22132,2025-02-19,Size/fit issue,219.0
1258,22860,2025-02-19,Size/fit issue,592.2
1259,23507,2025-02-19,Changed mind,703.04
1260,23386,2025-02-20,Defective,449.0
1261,22918,2025-02-20,Not as described,197.1
1262,22837,2025-02-20,Not as described,898.0
1263,22083,2025-02-20,Late delivery,329.0
1264,22778,2025-02-21,Changed mind,785.74
1265,22243,2025-02-21,Late delivery,404.1
1266,21942,2025-02-21,Defective,458.1
1267,22232,2025-02-21,Late delivery,1679.2
1268,23249,2025-02-22,Size/fit issue,449.0
1269,22891,2025-02-23,Changed mind,3618.27
1270,23336,2025-02-23,Changed mind,827.1
1271,22668,2025-02-23,Not as described,381.65
1272,22174,2025-02-24,Wrong item,449.0
1273,23159,2025-02-24,Size/fit issue,426.55
1274,22453,2025-02-24,Size/fit issue,661.3
1275,23653,2025-02-25,Defective,359.2
1276,23492,2025-02-25,Changed mind,764.1
1277,22593,2025-02-26,Defective,197.1
1278,23905,2025-02-26,Late delivery,509.0
1279,23721,2025-02-26,Changed mind,314.1
1280,22563,2025-02-27,Late delivery,1799.0
1281,22555,2025-02-27,Size/fit issue,449.0
1282,22894,2025-02-27,Wrong item,449.0
1283,23217,2025-02-27,Not as described,1149.0
1284,22535,2025-02-27,Size/fit issue,219.0
1285,23704,2025-02-27,Defective,246.05
1286,23205,2025-02-27,Wrong item,381.65
1287,23445,2025-02-27,Changed mind,1170.49
1288,22488,2025-02-27,Defective,939.0
1289,22979,2025-02-28,Wrong item,798.15
1290,22989,2025-02-28,Defective,657.0
1291,23894,2025-02-28,Late delivery,7649.0
1292,23890,2025-02-28,Wrong item,359.2
1293,22730,2025-03-01,Defective,698.0
1294,23775,2025-03-01,Late delivery,153.3
1295,24065,2025-03-01,Not as described,219.0
1296,23772,2025-03-02,Defective,759.0
1297,23473,2025-03-02,Changed mind,11158.2
1298,23652,2025-03-02,Changed mind,1034.1
1299,23588,2025-03-02,Size/fit issue,449.0
1300,24119,2025-03-02,Changed mind,727.38
1301,23166,2025-03-03,Not as described,404.1
1302,22695,2025-03-03,Changed mind,383.9
1303,24319,2025-03-03,Changed mind,808.2
1304,23435,2025-03-04,Size/fit issue,449.0
1305,23659,2025-03-04,Defective,1376.1
1306,22703,2025-03-04,Late delivery,449.0
1307,22967,2025-03-04,Wrong item,2139.0
1308,23796,2025-03-05,Not as described,368.1
1309,23975,2025-03-05,Size/fit issue,349.0
1310,23521,2025-03-05,Defective,2345.15
1311,23712,2025-03-07,Not as described,390.15
1312,23474,2025-03-07,Defective,449.0
1313,23476,2025-03-08,Size/fit issue,186.15
1314,23533,2025-03-08,Defective,289.0
1315,23261,2025-03-08,Defective,4742.1
1316,23176,2025-03-08,Late delivery,146.3
1317,23058,2025-03-08,Size/fit issue,2068.2
1318,23586,2025-03-09,Changed mind,2483.1
1319,24495,2025-03-11,Wrong item,104878.4
1320,24144,2025-03-11,Wrong item,279.2
1321,24197,2025-03-12,Defective,404.1
1322,23519,2025-03-12,Wrong item,1149.0
1323,23736,2025-03-12,Changed mind,6543.99
1324,24581,2025-03-12,Size/fit issue,404.1
1325,24650,2025-03-13,Not as described,314.3
1326,23481,2025-03-13,Size/fit issue,186.15
1327,23943,2025-03-14,Size/fit issue,2338.2
1328,24321,2025-03-14,Size/fit issue,312.55
1329,24921,2025-03-14,Not as described,479.0
1330,23427,2025-03-14,Not as described,449.0
1331,25043,2025-03-15,Wrong item,1529.0
1332,24573,2025-03-15,Not as described,95.2
1333,24593,2025-03-15,Size/fit issue,449.0
1334,24394,2025-03-15,Changed mind,561.74
1335,23620,2025-03-16,Defective,188.1
1336,25156,2025-03-16,Defective,829.0
1337,24996,2025-03-16,Defective,5579.1
1338,25150,2025-03-16,Size/fit issue,898.0
1339,25048,2025-03-17,Not as described,260.1
1340,23868,2025-03-17,Late delivery,197.1
1341,24116,2025-03-18,Size/fit issue,804.3
1342,24159,2025-03-18,Late delivery,449.0
1343,24800,2025-03-18,Not as described,1034.1
1344,25362,2025-03-19,Wrong item,1554.65
1345,24222,2025-03-19,Changed mind,404.1
1346,24310,2025-03-19,Size/fit issue,1969.0
1347,25019,2025-03-20,Not as described,1118.4
1348,25402,2025-03-20,Size/fit issue,869.0
1349,23897,2025-03-21,Changed mind,236.88
1350,24574,2025-03-21,Defective,438.9
1351,24229,2025-03-21,Changed mind,1646.1
1352,25331,2025-03-21,Not as described,1978.0
1353,24061,2025-03-21,Changed mind,744.39
1354,24484,2025-03-21,Defective,449.0
1355,24798,2025-03-22,Defective,449.0
1356,25368,2025-03-22,Changed mind,2374.2
1357,24464,2025-03-22,Defective,3292.2
1358,25114,2025-03-22,Size/fit issue,1142.1
1359,24244,2025-03-23,Defective,449.0
1360,25045,2025-03-23,Changed mind,1212.3
1361,24057,2025-03-24,Changed mind,10709.1
1362,24623,2025-03-24,Wrong item,259.0
1363,24213,2025-03-24,Wrong item,1137.15
1364,24327,2025-03-24,Changed mind,5489.1
1365,25634,2025-03-24,Size/fit issue,219.0
1366,25573,2025-03-24,Changed mind,1650.1
1367,24400,2025-03-25,Changed mind,827.28
1368,25020,2025-03-26,Defective,208.05
1369,25683,2025-03-26,Defective,7271.1
1370,24233,2025-03-27,Changed mind,2104.2
1371,25247,2025-03-27,Size/fit issue,219.0
1372,24627,2025-03-27,Wrong item,1378.3
1373,24871,2025-03-28,Not as described,449.0
1374,24272,2025-03-28,Not as described,1449.0
1375,24561,2025-03-29,Changed mind,343.48
1376,24541,2025-03-29,Size/fit issue,197.1
1377,24618,2025-03-29,Changed mind,1028.88
1378,26007,2025-03-29,Not as described,219.0
1379,25111,2025-03-30,Not as described,381.65
1380,24600,2025-03-30,Size/fit issue,329.0
1381,26099,2025-03-30,Changed mind,372.96
1382,24470,2025-03-30,Wrong item,589.0
1383,25194,2025-03-31,Wrong item,1135.2
1384,25405,2025-04-01,Size/fit issue,455.05
1385,25591,2025-04-01,Late delivery,418.0
1386,25442,2025-04-01,Late delivery,636.65
1387,25160,2025-04-02,Changed mind,1157.49
1388,24537,2025-04-02,Not as described,4454.1
1389,26149,2025-04-02,Changed mind,848.07
1390,24835,2025-04-02,Defective,449.0
1391,25953,2025-04-02,Changed mind,1511.28
1392,24659,2025-04-02,Size/fit issue,404.1
1393,24592,2025-04-02,Changed mind,1862.1
1394,25225,2025-04-03,Late delivery,314.3
1395,25690,2025-04-04,Defective,5579.1
1396,25780,2025-04-04,Size/fit issue,638.1
1397,24947,2025-04-05,Size/fit issue,2598.0
1398,26028,2025-04-05,Not as described,511.2
1399,25509,2025-04-05,Defective,1969.0
1400,26457,2025-04-05,Changed mind,394.2
1401,26231,2025-04-05,Not as described,197.1
1402,25843,2025-04-06,Size/fit issue,3203.1
1403,26532,2025-04-06,Size/fit issue,898.0
1404,26469,2025-04-06,Wrong item,449.0
1405,25845,2025-04-07,Changed mind,363.69
1406,26468,2025-04-08,Defective,898.0
1407,26020,2025-04-08,Size/fit issue,1564.65
1408,25074,2025-04-08,Not as described,763.3
1409,25899,2025-04-08,Size/fit issue,359.2
1410,26304,2025-04-09,Size/fit issue,4318.0
1411,26331,2025-04-09,Changed mind,343.48
1412,25471,2025-04-09,Late delivery,1489.0
1413,26075,2025-04-09,Changed mind,746.1
1414,25544,2025-04-09,Defective,188.1
1415,26328,2025-04-10,Changed mind,282.69
1416,26122,2025-04-10,Size/fit issue,399.0
1417,25697,2025-04-10,Not as described,658.0
1418,25448,2025-04-10,Wrong item,798.0
1419,25458,2025-04-10,Changed mind,638.1
1420,25890,2025-04-11,Changed mind,404.1
1421,25891,2025-04-11,Size/fit issue,359.2
1422,26659,2025-04-11,Not as described,449.0
1423,25978,2025-04-11,Not as described,1484.1
1424,25549,2025-04-11,Wrong item,1232.1
1425,25914,2025-04-11,Wrong item,1829.0
1426,26916,2025-04-12,Defective,383.2
1427,26794,2025-04-12,Defective,654.4
1428,25387,2025-04-12,Late delivery,2670.3
1429,25728,2025-04-12,Changed mind,1258.2
1430,25517,2025-04-13,Defective,1034.1
1431,27034,2025-04-13,Defective,449.0
1432,25411,2025-04-13,Size/fit issue,197.1
1433,25553,2025-04-14,Not as described,628.6
1434,26517,2025-04-14,Wrong item,6099.0
1435,25880,2025-04-14,Wrong item,3029.55
1436,26408,2025-04-14,Size/fit issue,449.0
1437,26793,2025-04-15,Not as described,314.3
1438,26885,2025-04-15,Changed mind,784.89
1439,26860,2025-04-16,Defective,233.1
1440,26750,2025-04-16,Defective,853.1
1441,25617,2025-04-16,Size/fit issue,2667.0
1442,26436,2025-04-18,Defective,426.55
1443,25717,2025-04-18,Changed mind,534.74
1444,26909,2025-04-18,Size/fit issue,1047.0
1445,27261,2025-04-18,Not as described,449.0
1446,26411,2025-04-18,Wrong item,426.55
1447,26015,2025-04-18,Defective,394.2
1448,25695,2025-04-19,Size/fit issue,751.2
1449,26655,2025-04-19,Not as described,304.3
1450,25822,2025-04-19,Size/fit issue,1212.3
1451,25847,2025-04-19,Changed mind,404.1
1452,27099,2025-04-20,Defective,2068.2
1453,26684,2025-04-20,Changed mind,242.1
1454,26538,2025-04-20,Wrong item,1232.1
1455,26045,2025-04-20,Late delivery,404.1
1456,26646,2025-04-20,Not as described,449.0
1457,26841,2025-04-20,Wrong item,404.1
1458,26584,2025-04-20,Not as described,663.2
1459,26207,2025-04-21,Changed mind,404.1
1460,27081,2025-04-22,Defective,1347.0
1461,25989,2025-04-22,Size/fit issue,409.0
1462,25926,2025-04-22,Size/fit issue,347.65
1463,26861,2025-04-22,Size/fit issue,3994.15
1464,26265,2025-04-22,Size/fit issue,449.0
1465,27764,2025-04-23,Size/fit issue,1347.0
1466,27813,2025-04-23,Defective,1452.55
1467,27857,2025-04-23,Wrong item,404.1
1468,27661,2025-04-23,Defective,898.0
1469,25915,2025-04-23,Not as described,219.0
1470,27841,2025-04-24,Wrong item,1212.3
1471,26672,2025-04-24,Size/fit issue,898.0
1472,27012,2025-04-24,Not as described,599.2
1473,27814,2025-04-24,Defective,449.0
1474,26938,2025-04-24,Defective,1269.0
1475,26602,2025-04-24,Size/fit issue,6199.0
1476,26412,2025-04-25,Not as described,404.1
1477,26547,2025-04-26,Late delivery,404.1
1478,27543,2025-04-26,Size/fit issue,404.1
1479,26427,2025-04-26,Defective,2298.0
1480,27395,2025-04-26,Not as described,1319.0
1481,27290,2025-04-27,Not as described,2247.0
1482,26474,2025-04-27,Defective,426.55
1483,27477,2025-04-27,Size/fit issue,426.55
1484,27987,2025-04-27,Defective,219.0
1485,26370,2025-04-28,Size/fit issue,449.0
1486,26501,2025-04-28,Wrong item,1654.2
1487,26614,2025-04-28,Changed mind,468.18
1488,26685,2025-04-28,Size/fit issue,296.1
1489,28018,2025-04-29,Not as described,449.0
1490,27472,2025-04-29,Defective,628.6
1491,27291,2025-04-29,Not as described,1579.0
1492,27758,2025-04-29,Late delivery,329.0
1493,27584,2025-04-30,Wrong item,699.0
1494,27436,2025-04-30,Changed mind,363.69
1495,27687,2025-04-30,Not as described,1212.3
1496,28103,2025-04-30,Wrong item,1155.15
1497,27925,2025-04-30,Size/fit issue,449.0
1498,28009,2025-04-30,Changed mind,2222.1
1499,27057,2025-04-30,Changed mind,1034.1
1500,27892,2025-05-01,Not as described,177.65
1501,27620,2025-05-01,Wrong item,217.55
1502,28133,2025-05-01,Changed mind,985.68
1503,27094,2025-05-01,Size/fit issue,426.55
1504,28192,2025-05-02,Defective,233.1
1505,26910,2025-05-02,Late delivery,407.15
1506,27225,2025-05-02,Size/fit issue,910.1
1507,27911,2025-05-02,Not as described,246.05
1508,27888,2025-05-02,Defective,449.0
1509,26560,2025-05-02,Size/fit issue,6199.0
1510,27836,2025-05-02,Size/fit issue,208.05
1511,26872,2025-05-03,Wrong item,404.1
1512,27573,2025-05-03,Defective,404.1
1513,27960,2025-05-03,Changed mind,1034.1
1514,26699,2025-05-04,Size/fit issue,989.0
1515,27156,2025-05-04,Size/fit issue,219.0
1516,27859,2025-05-04,Changed mind,452.3
1517,28003,2025-05-04,Wrong item,609.0
1518,27969,2025-05-04,Defective,1212.3
1519,28513,2025-05-04,Late delivery,449.0
1520,28172,2025-05-04,Wrong item,107.1
1521,28672,2025-05-04,Changed mind,404.1
1522,27025,2025-05-05,Defective,639.0
1523,27362,2025-05-05,Not as described,3031.2
1524,28514,2025-05-05,Defective,219.0
1525,26999,2025-05-05,Wrong item,359.2
1526,27488,2025-05-05,Not as described,738.65
1527,28645,2025-05-06,Size/fit issue,329.0
1528,28023,2025-05-06,Not as described,466.2
1529,27927,2025-05-06,Wrong item,804.3
1530,28405,2025-05-06,Defective,989.0
1531,27112,2025-05-06,Size/fit issue,609.0
1532,27353,2025-05-06,Wrong item,186.15
1533,27288,2025-05-06,Changed mind,343.48
1534,27676,2025-05-06,Wrong item,219.0
1535,27122,2025-05-07,Changed mind,827.1
1536,27009,2025-05-07,Defective,107.1
1537,27178,2025-05-07,Not as described,432.65
1538,28608,2025-05-07,Size/fit issue,898.0
1539,27710,2025-05-07,Not as described,229.0
1540,28067,2025-05-07,Changed mind,383.9
1541,28289,2025-05-07,Defective,404.1
1542,28790,2025-05-08,Size/fit issue,426.55
1543,27416,2025-05-08,Wrong item,873.05
1544,28413,2025-05-08,Size/fit issue,624.15
1545,28229,2025-05-09,Defective,230.3
1546,28910,2025-05-09,Changed mind,1376.1
1547,28443,2025-05-09,Not as described,5007.0
1548,28193,2025-05-09,Not as described,958.0
1549,27896,2025-05-09,Not as described,119.0
1550,27623,2025-05-09,Size/fit issue,1091.55
1551,27618,2025-05-09,Wrong item,296.1
1552,27163,2025-05-09,Changed mind,1047.29
1553,27325,2025-05-09,Changed mind,197.1
1554,27799,2025-05-09,Late delivery,381.65
1555,27354,2025-05-09,Not as described,331.55
1556,28227,2025-05-10,Defective,449.0
1557,28474,2025-05-10,Changed mind,64780.2
1558,28212,2025-05-10,Changed mind,363.69
1559,27883,2025-05-10,Size/fit issue,1269.0
1560,27529,2025-05-10,Not as described,438.0
1561,27886,2025-05-10,Size/fit issue,197.1
1562,28882,2025-05-11,Changed mind,412.29
1563,28879,2025-05-11,Defective,853.1
1564,28167,2025-05-11,Not as described,449.0
1565,28839,2025-05-12,Size/fit issue,312.55
1566,28008,2025-05-12,Defective,426.55
1567,29099,2025-05-13,Size/fit issue,5889.05
1568,29123,2025-05-13,Not as described,327.2
1569,28898,2025-05-13,Defective,818.0
1570,28934,2025-05-13,Not as described,359.2
1571,28673,2025-05-13,Defective,432.65
1572,28524,2025-05-13,Size/fit issue,976.65
1573,27900,2025-05-13,Size/fit issue,721.05
1574,27979,2025-05-14,Defective,4619.0
1575,27797,2025-05-14,Defective,296.1
1576,28114,2025-05-14,Size/fit issue,3029.55
1577,28340,2025-05-14,Size/fit issue,197.1
1578,28377,2025-05-15,Changed mind,363.69
1579,28697,2025-05-15,Not as described,426.55
1580,27852,2025-05-15,Defective,517.65
1581,28956,2025-05-15,Size/fit issue,804.3
1582,27846,2025-05-15,Not as described,449.0
1583,28868,2025-05-15,Size/fit issue,369.0
1584,29501,2025-05-16,Not as described,518.0
1585,28265,2025-05-16,Size/fit issue,699.0
1586,28616,2025-05-16,Not as described,449.0
1587,27634,2025-05-17,Defective,426.55
1588,29332,2025-05-18,Changed mind,344.88
1589,28161,2025-05-18,Defective,177.65
1590,28215,2025-05-18,Size/fit issue,449.0
1591,27996,2025-05-19,Not as described,459.0
1592,28381,2025-05-19,Not as described,1826.1
1593,28154,2025-05-20,Not as described,2870.1
1594,29375,2025-05-21,Size/fit issue,919.0
1595,28705,2025-05-21,Size/fit issue,591.3
1596,29554,2025-05-21,Late delivery,583.95
1597,30020,2025-05-21,Size/fit issue,404.1
1598,29594,2025-05-21,Size/fit issue,227.05
1599,28392,2025-05-22,Not as described,1376.1
1600,29104,2025-05-22,Defective,1269.0
1601,29220,2025-05-22,Late delivery,1780.2
1602,29774,2025-05-23,Defective,186.15
1603,29208,2025-05-23,Defective,1449.0
1604,29249,2025-05-24,Not as described,599.0
1605,28464,2025-05-24,Defective,449.0
1606,28911,2025-05-24,Wrong item,449.0
1607,28457,2025-05-24,Late delivery,319.2
1608,29933,2025-05-24,Late delivery,1279.65
1609,30123,2025-05-24,Not as described,650.3
1610,30228,2025-05-24,Size/fit issue,279.65
1611,29803,2025-05-24,Wrong item,1870.55
1612,29994,2025-05-24,Changed mind,383.9
1613,30377,2025-05-25,Wrong item,390.15
1614,29377,2025-05-25,Defective,449.0
1615,29389,2025-05-25,Size/fit issue,426.55
1616,29881,2025-05-26,Defective,2859.0
1617,28401,2025-05-26,Changed mind,592.2
1618,29151,2025-05-26,Size/fit issue,3139.0
1619,30461,2025-05-26,Defective,558.45
1620,29455,2025-05-26,Not as described,381.65
1621,29214,2025-05-27,Not as described,219.0
1622,29018,2025-05-27,Changed mind,128.88
1623,29113,2025-05-27,Changed mind,998.1
1624,29043,2025-05-27,Defective,279.65
1625,29187,2025-05-27,Wrong item,652.65
1626,28894,2025-05-28,Defective,818.0
1627,29478,2025-05-28,Wrong item,426.55
1628,28837,2025-05-28,Size/fit issue,219.0
1629,30251,2025-05-29,Not as described,197.1
1630,28701,2025-05-29,Size/fit issue,372.3
1631,30459,2025-05-29,Defective,1223.1
1632,28777,2025-05-29,Changed mind,985.68
1633,29271,2025-05-29,Not as described,449.0
1634,30105,2025-05-30,Size/fit issue,1669.0
1635,29417,2025-05-30,Size/fit issue,432.65
1636,28966,2025-05-30,Changed mind,3715.47
1637,30030,2025-05-30,Defective,426.55
1638,30865,2025-05-31,Not as described,329.0
1639,28829,2025-05-31,Defective,2338.0
1640,28711,2025-05-31,Wrong item,567.2
1641,30702,2025-05-31,Size/fit issue,359.2
1642,30513,2025-05-31,Defective,718.4
1643,30233,2025-05-31,Late delivery,409.0
1644,30235,2025-05-31,Size/fit issue,509.0
1645,29344,2025-05-31,Not as described,449.0
1646,29650,2025-06-01,Not as described,1149.0
1647,30275,2025-06-01,Defective,658.0
1648,30871,2025-06-01,Not as described,1206.15
1649,30931,2025-06-01,Wrong item,1212.3
1650,29805,2025-06-02,Wrong item,449.0
1651,30771,2025-06-02,Defective,426.55
1652,28871,2025-06-02,Not as described,459.0
1653,30276,2025-06-02,Not as described,898.0
1654,29119,2025-06-03,Not as described,551.2
1655,29920,2025-06-03,Defective,449.0
1656,30670,2025-06-03,Size/fit issue,404.1
1657,30581,2025-06-03,Changed mind,404.1
1658,31143,2025-06-04,Changed mind,332.1
1659,29430,2025-06-04,Wrong item,369.0
1660,31146,2025-06-04,Not as described,404.1
1661,29312,2025-06-04,Defective,1582.4
1662,29388,2025-06-05,Size/fit issue,919.0
1663,29580,2025-06-05,Not as described,188.1
1664,29471,2025-06-05,Size/fit issue,416.1
1665,30822,2025-06-05,Changed mind,404.1
1666,30338,2025-06-06,Changed mind,404.1
1667,31262,2025-06-06,Not as described,329.0
1668,29828,2025-06-06,Defective,314.1
1669,31314,2025-06-06,Changed mind,628.2
1670,31201,2025-06-06,Defective,436.05
1671,31239,2025-06-06,Wrong item,6199.0
1672,30815,2025-06-06,Changed mind,175.18
1673,30182,2025-06-06,Size/fit issue,219.0
1674,29942,2025-06-07,Wrong item,449.0
1675,29661,2025-06-07,Not as described,449.0
1676,29851,2025-06-07,Not as described,188.1
1677,31066,2025-06-07,Size/fit issue,153.3
1678,30120,2025-06-07,Defective,197.1
1679,31216,2025-06-07,Changed mind,266.49
1680,30375,2025-06-07,Defective,7879.0
1681,30492,2025-06-07,Wrong item,207.2
1682,30703,2025-06-08,Defective,329.0
1683,29731,2025-06-08,Late delivery,339.15
1684,29593,2025-06-08,Not as described,755.65
1685,30263,2025-06-08,Changed mind,404.1
1686,30793,2025-06-08,Size/fit issue,404.1
1687,31040,2025-06-09,Changed mind,159.89
1688,30903,2025-06-09,Changed mind,18377.1
1689,30088,2025-06-09,Size/fit issue,329.0
1690,29369,2025-06-09,Changed mind,5270.67
1691,29846,2025-06-09,Defective,426.55
1692,31281,2025-06-10,Defective,658.0
1693,30207,2025-06-10,Late delivery,628.6
1694,30549,2025-06-10,Not as described,349.0
1695,31181,2025-06-10,Changed mind,404.1
1696,29973,2025-06-10,Wrong item,808.2
1697,30420,2025-06-11,Changed mind,282.69
1698,30458,2025-06-11,Not as described,849.15
1699,30759,2025-06-11,Size/fit issue,483.55
1700,29819,2025-06-11,Size/fit issue,1838.0
1701,31591,2025-06-11,Wrong item,839.0
1702,29625,2025-06-12,Changed mind,314.1
1703,29820,2025-06-12,Changed mind,1091.07
1704,30331,2025-06-12,Size/fit issue,409.0
1705,30084,2025-06-13,Changed mind,680.08
1706,31030,2025-06-13,Defective,5518.0
1707,31563,2025-06-13,Changed mind,187.24
1708,31869,2025-06-13,Size/fit issue,1357.55
1709,29830,2025-06-13,Size/fit issue,381.65
1710,31330,2025-06-14,Size/fit issue,2343.45
1711,31157,2025-06-14,Late delivery,186.15
1712,30575,2025-06-14,Defective,449.0
1713,31830,2025-06-14,Size/fit issue,3789.0
1714,31974,2025-06-15,Defective,20419.0
1715,30495,2025-06-16,Size/fit issue,1077.6
1716,30360,2025-06-16,Size/fit issue,449.0
1717,30780,2025-06-16,Defective,409.0
1718,30209,2025-06-16,Defective,432.65
1719,32115,2025-06-17,Changed mind,278.1
1720,31246,2025-06-17,Defective,1077.6
1721,32117,2025-06-17,Not as described,208.05
1722,31411,2025-06-17,Size/fit issue,233.1
1723,31529,2025-06-17,Defective,2098.65
1724,30696,2025-06-18,Not as described,449.0
1725,30288,2025-06-18,Defective,260.1
1726,31648,2025-06-18,Wrong item,449.0
1727,30782,2025-06-19,Changed mind,3513.78
1728,30724,2025-06-20,Not as described,449.0
1729,31989,2025-06-20,Size/fit issue,1952.1
1730,31444,2025-06-20,Changed mind,282.69
1731,31175,2025-06-20,Defective,1478.0
1732,30325,2025-06-20,Defective,119.0
1733,30968,2025-06-20,Changed mind,242.1
1734,32281,2025-06-20,Changed mind,1160.1
1735,30640,2025-06-20,Not as described,409.0
1736,32101,2025-06-20,Changed mind,404.1
1737,32577,2025-06-21,Changed mind,428.49
1738,30592,2025-06-21,Size/fit issue,208.05
1739,32308,2025-06-22,Size/fit issue,5718.0
1740,31238,2025-06-23,Defective,826.2
1741,32638,2025-06-23,Changed mind,281.3
1742,30866,2025-06-23,Size/fit issue,898.0
1743,30757,2025-06-23,Wrong item,359.1
1744,30916,2025-06-24,Late delivery,763.3
1745,31493,2025-06-24,Defective,219.0
1746,32698,2025-06-24,Size/fit issue,567.2
1747,31160,2025-06-24,Size/fit issue,296.1
1748,31571,2025-06-24,Size/fit issue,1776.6
1749,32226,2025-06-24,Changed mind,363.69
1750,31405,2025-06-24,Late delivery,359.2
1751,31459,2025-06-24,Defective,525.3
1752,32112,2025-06-24,Defective,296.1
1753,31484,2025-06-25,Size/fit issue,699.0
1754,31326,2025-06-25,Size/fit issue,1034.1
1755,31348,2025-06-25,Size/fit issue,381.65
1756,31283,2025-06-25,Size/fit issue,381.65
1757,31467,2025-06-25,Late delivery,449.0
1758,31487,2025-06-25,Defective,6254.1
1759,30844,2025-06-25,Size/fit issue,1091.55
1760,31025,2025-06-25,Not as described,2232.3
1761,31202,2025-06-26,Size/fit issue,609.0
1762,32441,2025-06-26,Wrong item,808.2
1763,32564,2025-06-26,Changed mind,187.24
1764,32626,2025-06-26,Defective,804.3
1765,30972,2025-06-26,Defective,449.0
1766,31764,2025-06-27,Late delivery,329.0
1767,31998,2025-06-27,Size/fit issue,449.0
1768,32131,2025-06-27,Defective,4798.0
1769,32876,2025-06-28,Not as described,1183.2
1770,31361,2025-06-28,Size/fit issue,777.0
1771,31056,2025-06-28,Size/fit issue,381.65
1772,32301,2025-06-28,Changed mind,5694.3
1773,31462,2025-06-28,Size/fit issue,418.0
1774,32680,2025-06-28,Late delivery,559.0
1775,33074,2025-06-28,Changed mind,1376.1
1776,32911,2025-06-28,Not as described,319.0
1777,32706,2025-06-28,Not as described,449.0
1778,31947,2025-06-28,Defective,381.65
1779,32314,2025-06-29,Defective,449.0
1780,31073,2025-06-29,Changed mind,275.94
1781,31338,2025-06-29,Not as described,5127.0
1782,31834,2025-06-29,Wrong item,898.0
1783,32053,2025-06-29,Not as described,1144.95
1784,31450,2025-06-29,Size/fit issue,370.3
1785,32065,2025-06-30,Defective,426.55
1786,31911,2025-06-30,Not as described,426.55
1787,31722,2025-06-30,Changed mind,332.1
1788,32649,2025-06-30,Changed mind,1654.56
1789,32579,2025-07-01,Defective,1829.0
1790,32132,2025-07-01,Not as described,1149.0
1791,31548,2025-07-01,Size/fit issue,431.1
1792,32040,2025-07-01,Not as described,629.1
1793,31452,2025-07-01,Defective,233.1
1794,32532,2025-07-01,Late delivery,15869.0
1795,32774,2025-07-01,Size/fit issue,175.2
1796,31633,2025-07-01,Not as described,602.65
1797,32303,2025-07-01,Wrong item,449.0
1798,32498,2025-07-02,Changed mind,383.9
1799,32816,2025-07-02,Size/fit issue,274.55
1800,31925,2025-07-02,Late delivery,296.1
1801,32121,2025-07-03,Size/fit issue,259.0
1802,32515,2025-07-03,Not as described,426.55
1803,33240,2025-07-04,Size/fit issue,449.0
1804,33191,2025-07-04,Defective,426.55
1805,32799,2025-07-04,Wrong item,1118.0
1806,32541,2025-07-04,Size/fit issue,219.0
1807,31815,2025-07-04,Changed mind,197.1
1808,32837,2025-07-04,Size/fit issue,2898.0
1809,32669,2025-07-05,Changed mind,808.2
1810,33384,2025-07-05,Not as described,381.65
1811,33539,2025-07-06,Size/fit issue,449.0
1812,32028,2025-07-06,Defective,381.65
1813,32692,2025-07-06,Not as described,219.0
1814,32313,2025-07-06,Defective,1646.1
1815,31874,2025-07-06,Changed mind,404.1
1816,33678,2025-07-07,Late delivery,3705.15
1817,31689,2025-07-07,Not as described,763.3
1818,32775,2025-07-07,Not as described,429.0
1819,33589,2025-07-07,Defective,11547.0
1820,32607,2025-07-07,Size/fit issue,449.0
1821,32913,2025-07-07,Changed mind,1307.3
1822,33788,2025-07-07,Size/fit issue,426.55
1823,32552,2025-07-07,Changed mind,404.1
1824,31975,2025-07-07,Late delivery,449.0
1825,33719,2025-07-08,Changed mind,404.1
1826,31848,2025-07-08,Not as described,882.55
1827,34120,2025-07-09,Wrong item,219.0
1828,32815,2025-07-09,Not as described,388.55
1829,33450,2025-07-09,Changed mind,440.37
1830,32646,2025-07-09,Size/fit issue,197.1
1831,32172,2025-07-09,Size/fit issue,208.05
1832,32179,2025-07-10,Defective,2269.55
1833,34119,2025-07-10,Not as described,808.2
1834,34058,2025-07-10,Wrong item,219.0
1835,32408,2025-07-10,Not as described,426.55
1836,33639,2025-07-11,Changed mind,282.87
1837,33984,2025-07-11,Size/fit issue,219.0
1838,32977,2025-07-11,Not as described,119.0
1839,34149,2025-07-12,Wrong item,226.1
1840,33317,2025-07-12,Not as described,449.0
1841,34445,2025-07-12,Changed mind,638.1
1842,34136,2025-07-12,Wrong item,503.1
1843,32670,2025-07-12,Defective,426.55
1844,32859,2025-07-12,Wrong item,372.3
1845,33109,2025-07-13,Not as described,898.0
1846,34117,2025-07-13,Changed mind,296.1
1847,33805,2025-07-13,Changed mind,845.1
1848,32959,2025-07-13,Not as described,349.0
1849,34543,2025-07-13,Size/fit issue,359.2
1850,33373,2025-07-13,Size/fit issue,808.2
1851,33182,2025-07-14,Wrong item,1052.1
1852,33781,2025-07-14,Size/fit issue,56039.55
1853,33459,2025-07-14,Not as described,426.55
1854,33935,2025-07-14,Late delivery,698.0
1855,34425,2025-07-14,Changed mind,1406.07
1856,32946,2025-07-15,Size/fit issue,13014.05
1857,33190,2025-07-15,Changed mind,412.29
1858,34486,2025-07-15,Defective,404.1
1859,34060,2025-07-15,Changed mind,187.24
1860,34656,2025-07-16,Size/fit issue,197.1
1861,32642,2025-07-16,Changed mind,3325.68
1862,34686,2025-07-16,Size/fit issue,1347.0
1863,33927,2025-07-16,Defective,197.1
1864,32536,2025-07-16,Defective,1149.0
1865,34673,2025-07-16,Not as described,179.0
1866,33166,2025-07-17,Not as described,709.0
1867,33064,2025-07-17,Size/fit issue,479.0
1868,32733,2025-07-17,Size/fit issue,727.3
1869,32600,2025-07-17,Size/fit issue,1378.0
1870,33683,2025-07-17,Not as described,359.2
1871,32565,2025-07-17,Changed mind,374.49
1872,34478,2025-07-17,Not as described,1590.3
1873,32506,2025-07-17,Size/fit issue,219.0
1874,32507,2025-07-17,Defective,489.3
1875,32587,2025-07-18,Wrong item,458.1
1876,32996,2025-07-18,Size/fit issue,309.0
1877,32935,2025-07-18,Defective,309.0
1878,33464,2025-07-19,Late delivery,1118.0
1879,33681,2025-07-19,Size/fit issue,404.1
1880,33308,2025-07-19,Changed mind,755.1
1881,34775,2025-07-20,Wrong item,1279.65
1882,34648,2025-07-21,Size/fit issue,3658.0
1883,33363,2025-07-21,Defective,449.0
1884,33108,2025-07-21,Defective,2298.0
1885,35208,2025-07-22,Defective,449.0
1886,35005,2025-07-22,Not as described,782.1
1887,33229,2025-07-22,Size/fit issue,629.1
1888,33612,2025-07-22,Defective,919.0
1889,34659,2025-07-22,Size/fit issue,381.65
1890,33537,2025-07-22,Not as described,279.65
1891,33745,2025-07-22,Wrong item,853.1
1892,34436,2025-07-23,Size/fit issue,840.65
1893,35401,2025-07-23,Not as described,197.1
1894,34779,2025-07-23,Wrong item,429.0
1895,33081,2025-07-23,Wrong item,60837.6
1896,34042,2025-07-23,Changed mind,197.1
1897,33276,2025-07-23,Size/fit issue,449.0
1898,34441,2025-07-23,Defective,509.0
1899,35372,2025-07-23,Defective,186.15
1900,34905,2025-07-23,Not as described,426.55
1901,34070,2025-07-23,Size/fit issue,197.1
1902,34220,2025-07-24,Defective,88327.2
1903,34286,2025-07-24,Defective,449.0
1904,34622,2025-07-24,Changed mind,363.69
1905,34181,2025-07-24,Defective,1600.2
1906,34208,2025-07-24,Not as described,658.0
1907,35600,2025-07-25,Wrong item,359.2
1908,33817,2025-07-25,Size/fit issue,369.0
1909,35096,2025-07-25,Size/fit issue,404.1
1910,34362,2025-07-25,Not as described,359.1
1911,33739,2025-07-25,Changed mind,808.2
1912,35422,2025-07-25,Changed mind,404.1
1913,33951,2025-07-26,Changed mind,343.48
1914,34958,2025-07-26,Wrong item,2852.1
1915,33828,2025-07-26,Defective,247.2
1916,33755,2025-07-26,Changed mind,1270.89
1917,34595,2025-07-26,Not as described,479.0
1918,34628,2025-07-26,Defective,426.55
1919,34607,2025-07-26,Changed mind,404.1
1920,34920,2025-07-26,Changed mind,1212.3
1921,34925,2025-07-26,Size/fit issue,449.0
1922,34432,2025-07-26,Changed mind,1069.47
1923,35787,2025-07-26,Changed mind,1340.1
1924,33929,2025-07-27,Changed mind,708.8
1925,35137,2025-07-27,Defective,314.3
1926,35333,2025-07-28,Not as described,449.0
1927,33654,2025-07-28,Changed mind,314.1
1928,35236,2025-07-28,Size/fit issue,449.0
1929,35069,2025-07-28,Size/fit issue,898.0
1930,35494,2025-07-28,Changed mind,20933.1
1931,34726,2025-07-28,Not as described,119.0
1932,34041,2025-07-29,Changed mind,377.1
1933,34976,2025-07-29,Size/fit issue,197.1
1934,35699,2025-07-29,Defective,279.65
1935,35633,2025-07-30,Changed mind,727.38
1936,34116,2025-07-30,Defective,6199.0
1937,33685,2025-07-30,Defective,449.0
1938,33899,2025-07-30,Size/fit issue,4367.2
1939,35269,2025-07-30,Not as described,309.0
1940,34262,2025-07-30,Defective,388.55
1941,35498,2025-07-31,Defective,2693.65
1942,35599,2025-07-31,Not as described,197.1
1943,35389,2025-07-31,Not as described,286.3
1944,35340,2025-07-31,Defective,1096.2
1945,35635,2025-07-31,Wrong item,379.05
1946,34025,2025-07-31,Not as described,839.0
1947,36338,2025-08-01,Wrong item,919.0
1948,36162,2025-08-01,Size/fit issue,449.0
1949,34347,2025-08-02,Not as described,746.1
1950,34038,2025-08-02,Size/fit issue,239.0
1951,35904,2025-08-02,Size/fit issue,8045.1
1952,36327,2025-08-02,Size/fit issue,153.3
1953,34711,2025-08-02,Defective,381.65
1954,34610,2025-08-02,Defective,349.0
1955,35822,2025-08-03,Wrong item,312.55
1956,35272,2025-08-03,Defective,389.3
1957,35344,2025-08-03,Changed mind,4735.84
1958,36301,2025-08-03,Defective,426.55
1959,35551,2025-08-03,Defective,898.0
1960,36328,2025-08-03,Size/fit issue,381.65
1961,35090,2025-08-03,Wrong item,359.2
1962,35610,2025-08-03,Size/fit issue,449.0
1963,36441,2025-08-03,Size/fit issue,339.0
1964,34536,2025-08-03,Changed mind,1323.36
1965,36247,2025-08-04,Changed mind,827.1
1966,36528,2025-08-04,Wrong item,1149.0
1967,35322,2025-08-04,Changed mind,494.1
1968,36337,2025-08-04,Size/fit issue,692.3
1969,34496,2025-08-04,Defective,349.0
1970,36181,2025-08-04,Defective,426.55
1971,36259,2025-08-05,Changed mind,404.1
1972,36764,2025-08-05,Size/fit issue,919.0
1973,36279,2025-08-05,Wrong item,449.0
1974,34842,2025-08-05,Defective,449.0
1975,34528,2025-08-05,Not as described,1223.2
1976,35399,2025-08-05,Changed mind,1481.49
1977,36444,2025-08-05,Defective,449.0
1978,36147,2025-08-06,Not as described,459.0
1979,35396,2025-08-06,Size/fit issue,449.0
1980,36607,2025-08-06,Late delivery,898.0
1981,34267,2025-08-06,Changed mind,1100.88
1982,34977,2025-08-06,Size/fit issue,449.0
1983,34592,2025-08-06,Changed mind,686.97
1984,35795,2025-08-07,Not as described,2757.0
1985,34556,2025-08-07,Size/fit issue,436.05
1986,34456,2025-08-07,Defective,438.0
1987,35058,2025-08-07,Size/fit issue,404.1
1988,35007,2025-08-08,Not as described,296.1
1989,34573,2025-08-08,Size/fit issue,2298.0
1990,36613,2025-08-08,Changed mind,1212.3
1991,35832,2025-08-08,Size/fit issue,409.0
1992,36529,2025-08-08,Not as described,219.0
1993,34906,2025-08-08,Changed mind,209.79
1994,36307,2025-08-09,Changed mind,294.48
1995,34796,2025-08-09,Not as described,808.2
1996,34818,2025-08-09,Not as described,558.45
1997,34662,2025-08-09,Changed mind,532.17
1998,36160,2025-08-10,Wrong item,449.0
1999,35836,2025-08-10,Size/fit issue,664.05
2000,34855,2025-08-10,Not as described,840.65
2001,35553,2025-08-10,Changed mind,954.18
2002,36436,2025-08-10,Not as described,426.55
2003,35038,2025-08-10,Defective,209.0
2004,35523,2025-08-10,Wrong item,628.6
2005,36663,2025-08-11,Defective,449.0
2006,36393,2025-08-11,Size/fit issue,449.0
2007,35993,2025-08-11,Not as described,942.9
2008,34986,2025-08-11,Size/fit issue,239.0
2009,36339,2025-08-11,Defective,558.45
2010,36025,2025-08-11,Defective,449.0
2011,36286,2025-08-12,Defective,674.1
2012,35933,2025-08-12,Defective,3288.65
2013,36731,2025-08-12,Not as described,263.2
2014,36889,2025-08-12,Not as described,209.0
2015,35733,2025-08-12,Defective,844.55
2016,35065,2025-08-12,Size/fit issue,1149.0
2017,36823,2025-08-12,Size/fit issue,404.1
2018,36003,2025-08-12,Defective,699.0
2019,37416,2025-08-13,Wrong item,458.1
2020,36605,2025-08-13,Size/fit issue,449.0
2021,37084,2025-08-13,Defective,197.1
2022,35226,2025-08-13,Changed mind,250.29
2023,37408,2025-08-13,Wrong item,839.0
2024,36961,2025-08-13,Late delivery,3976.2
2025,36545,2025-08-14,Not as described,359.1
2026,35752,2025-08-14,Size/fit issue,4985.1
2027,35050,2025-08-14,Changed mind,281.3
2028,36011,2025-08-14,Wrong item,1227.0
2029,37275,2025-08-14,Not as described,449.0
2030,36916,2025-08-15,Not as described,449.0
2031,37733,2025-08-15,Not as described,738.15
2032,36922,2025-08-15,Late delivery,359.2
2033,36376,2025-08-15,Size/fit issue,8079.0
2034,37220,2025-08-15,Size/fit issue,998.1
2035,36368,2025-08-15,Size/fit issue,594.15
2036,37373,2025-08-16,Not as described,1187.1
2037,35596,2025-08-16,Size/fit issue,2399.0
2038,37143,2025-08-16,Changed mind,3930.48
2039,35264,2025-08-16,Changed mind,575.1
2040,37749,2025-08-16,Changed mind,343.48
2041,35369,2025-08-17,Size/fit issue,4044.15
2042,35788,2025-08-17,Size/fit issue,827.1
2043,35630,2025-08-17,Not as described,432.65
2044,37182,2025-08-17,Defective,449.0
2045,37043,2025-08-17,Not as described,625.1
2046,36315,2025-08-17,Wrong item,239.0
2047,35626,2025-08-17,Defective,3292.2
2048,38049,2025-08-18,Changed mind,1772.1
2049,37899,2025-08-18,Defective,4339.3
2050,35528,2025-08-18,Not as described,347.65
2051,35957,2025-08-18,Changed mind,3692.79
2052,35996,2025-08-19,Late delivery,309.0
2053,36800,2025-08-19,Size/fit issue,332.1
2054,36180,2025-08-19,Size/fit issue,98004.15
2055,37955,2025-08-19,Defective,1829.0
2056,36686,2025-08-20,Late delivery,359.1
2057,37496,2025-08-20,Size/fit issue,296.1
2058,38296,2025-08-20,Wrong item,1538.1
2059,36352,2025-08-21,Defective,449.0
2060,38367,2025-08-21,Size/fit issue,233.1
2061,36398,2025-08-21,Size/fit issue,1149.0
2062,36313,2025-08-21,Not as described,404.1
2063,37063,2025-08-21,Changed mind,913.68
2064,36679,2025-08-21,Not as described,919.2
2065,37956,2025-08-21,Late delivery,309.0
2066,37493,2025-08-21,Late delivery,4338.0
2067,37855,2025-08-22,Size/fit issue,898.0
2068,36050,2025-08-22,Defective,440.3
2069,36761,2025-08-22,Size/fit issue,449.0
2070,37826,2025-08-22,Defective,296.1
2071,38106,2025-08-22,Not as described,426.55
2072,37696,2025-08-22,Not as described,1289.0
2073,38112,2025-08-22,Changed mind,1160.1
2074,37187,2025-08-23,Defective,23037.0
2075,37225,2025-08-23,Wrong item,898.0
2076,38662,2025-08-23,Changed mind,383.9
2077,36561,2025-08-23,Defective,208.05
2078,35997,2025-08-23,Size/fit issue,197.1
2079,37996,2025-08-23,Changed mind,251.68
2080,36333,2025-08-23,Defective,1149.0
2081,36669,2025-08-24,Size/fit issue,175.2
2082,38649,2025-08-24,Not as described,1449.0
2083,37252,2025-08-24,Defective,509.0
2084,37149,2025-08-25,Wrong item,3599.55
2085,36674,2025-08-25,Wrong item,1149.0
2086,37973,2025-08-25,Changed mind,5579.1
2087,37283,2025-08-25,Changed mind,982.4
2088,36728,2025-08-25,Not as described,449.0
2089,37280,2025-08-25,Not as described,239.0
2090,38391,2025-08-25,Defective,781.15
2091,38627,2025-08-25,Wrong item,407.15
2092,38943,2025-08-26,Size/fit issue,259.0
2093,38633,2025-08-26,Changed mind,404.1
2094,37908,2025-08-26,Changed mind,8755.74
2095,37957,2025-08-26,Size/fit issue,404.1
2096,37631,2025-08-26,Not as described,818.0
2097,36743,2025-08-26,Late delivery,381.65
2098,36525,2025-08-26,Wrong item,219.0
2099,38947,2025-08-26,Defective,259.0
2100,36590,2025-08-27,Size/fit issue,312.55
2101,37000,2025-08-27,Not as described,808.2
2102,38245,2025-08-27,Defective,355.3
2103,38999,2025-08-27,Defective,143.2
2104,37766,2025-08-27,Size/fit issue,1055.2
2105,36611,2025-08-27,Not as described,219.0
2106,37554,2025-08-27,Not as described,12398.0
2107,38659,2025-08-27,Size/fit issue,918.0
2108,38149,2025-08-28,Wrong item,219.0
2109,38482,2025-08-28,Defective,332.1
2110,37610,2025-08-28,Not as described,718.4
2111,37857,2025-08-28,Defective,873.05
2112,37230,2025-08-28,Defective,208.05
2113,37047,2025-08-29,Changed mind,177.39
2114,37087,2025-08-29,Wrong item,898.0
2115,38997,2025-08-29,Not as described,2029.0
2116,38075,2025-08-29,Not as described,518.0
2117,39234,2025-08-30,Wrong item,449.0
2118,39229,2025-08-30,Changed mind,167.54
2119,36603,2025-08-30,Not as described,278.1
2120,36827,2025-08-30,Defective,217.55
2121,37877,2025-08-30,Defective,449.0
2122,39044,2025-08-31,Defective,449.0
2123,36748,2025-08-31,Late delivery,763.3
2124,38032,2025-08-31,Size/fit issue,1149.0
2125,39017,2025-08-31,Size/fit issue,197.1
2126,38926,2025-08-31,Size/fit issue,1838.0
2127,36826,2025-09-01,Not as described,449.0
2128,38134,2025-09-01,Size/fit issue,449.0
2129,36858,2025-09-01,Changed mind,1304.1
2130,38977,2025-09-01,Defective,381.65
2131,38250,2025-09-02,Not as described,312.55
2132,38430,2025-09-02,Wrong item,1412.1
2133,37569,2025-09-02,Not as described,455.05
2134,38829,2025-09-02,Changed mind,4679.1
2135,38009,2025-09-02,Not as described,808.2
2136,37942,2025-09-02,Wrong item,259.0
2137,38018,2025-09-02,Size/fit issue,426.55
2138,39353,2025-09-03,Size/fit issue,865.3
2139,39769,2025-09-03,Defective,502.55
2140,37020,2025-09-03,Defective,369.0
2141,37257,2025-09-03,Not as described,349.0
2142,39401,2025-09-03,Defective,381.65
2143,37474,2025-09-03,Defective,449.0
2144,37638,2025-09-03,Not as described,738.65
2145,39312,2025-09-03,Defective,592.2
2146,39442,2025-09-03,Late delivery,449.0
2147,38900,2025-09-04,Changed mind,363.69
2148,37400,2025-09-04,Size/fit issue,2183.1
2149,39916,2025-09-04,Size/fit issue,1279.65
2150,39399,2025-09-04,Wrong item,559.0
2151,38846,2025-09-04,Changed mind,1421.1
2152,38663,2025-09-04,Defective,167.2
2153,37643,2025-09-05,Size/fit issue,426.55
2154,38008,2025-09-05,Not as described,599.0
2155,39346,2025-09-05,Wrong item,1529.0
2156,39288,2025-09-05,Changed mind,363.69
2157,39077,2025-09-06,Changed mind,930.69
2158,38599,2025-09-06,Size/fit issue,449.0
2159,39088,2025-09-06,Not as described,449.0
2160,39809,2025-09-07,Defective,404.1
2161,38679,2025-09-07,Not as described,808.2
2162,37514,2025-09-07,Changed mind,5579.1
2163,37806,2025-09-07,Wrong item,438.0
2164,39548,2025-09-07,Defective,509.0
2165,39696,2025-09-07,Not as described,898.0
2166,38547,2025-09-07,Size/fit issue,1877.65
2167,39369,2025-09-07,Changed mind,288.54
2168,39494,2025-09-08,Defective,1554.65
2169,38131,2025-09-08,Wrong item,404.1
2170,38725,2025-09-08,Size/fit issue,479.0
2171,39902,2025-09-08,Defective,636.65
2172,39722,2025-09-08,Defective,889.0
2173,40153,2025-09-09,Size/fit issue,208.05
2174,39785,2025-09-09,Defective,4418.0
2175,38905,2025-09-09,Defective,836.1
2176,39844,2025-09-09,Defective,749.0
2177,38184,2025-09-09,Changed mind,413.1
2178,39995,2025-09-09,Wrong item,449.0
2179,38618,2025-09-10,Size/fit issue,808.2
2180,39246,2025-09-10,Wrong item,1838.0
2181,40631,2025-09-10,Not as described,309.0
2182,38428,2025-09-10,Size/fit issue,426.55
2183,39365,2025-09-10,Wrong item,3418.0
2184,39117,2025-09-10,Defective,494.1
2185,38088,2025-09-10,Not as described,989.0
2186,39096,2025-09-10,Defective,381.65
2187,38567,2025-09-10,Defective,219.0
2188,39086,2025-09-11,Changed mind,363.69
2189,40354,2025-09-11,Not as described,2757.0
2190,39729,2025-09-11,Changed mind,1399.19
2191,38132,2025-09-11,Size/fit issue,987.0
2192,38231,2025-09-11,Wrong item,381.65
2193,37915,2025-09-11,Defective,1304.1
2194,38434,2025-09-12,Defective,227.05
2195,39629,2025-09-12,Wrong item,1569.0
2196,39377,2025-09-12,Wrong item,3169.0
2197,40268,2025-09-12,Size/fit issue,449.0
2198,40629,2025-09-12,Size/fit issue,329.0
2199,37916,2025-09-12,Not as described,449.0
2200,39671,2025-09-13,Size/fit issue,449.0
2201,38130,2025-09-13,Late delivery,6899.0
2202,40181,2025-09-13,Not as described,329.0
2203,38539,2025-09-13,Late delivery,449.0
2204,40596,2025-09-13,Defective,449.0
2205,39534,2025-09-14,Defective,818.1
2206,38957,2025-09-14,Size/fit issue,58989.0
2207,41072,2025-09-14,Late delivery,1502.1
2208,39213,2025-09-14,Defective,449.0
2209,39781,2025-09-14,Changed mind,343.48
2210,38525,2025-09-15,Size/fit issue,404.1
2211,39174,2025-09-15,Defective,940.95
2212,38312,2025-09-15,Size/fit issue,683.1
2213,39343,2025-09-15,Changed mind,476.1
2214,39163,2025-09-15,Not as described,1018.0
2215,39868,2025-09-15,Late delivery,219.0
2216,40577,2025-09-15,Defective,167.2
2217,40988,2025-09-15,Late delivery,449.0
2218,40620,2025-09-16,Changed mind,343.48
2219,38534,2025-09-16,Not as described,1646.1
2220,40580,2025-09-16,Wrong item,1889.1
2221,39300,2025-09-16,Changed mind,1142.1
2222,39836,2025-09-16,Defective,314.3
2223,39929,2025-09-16,Wrong item,426.55
2224,41213,2025-09-16,Defective,898.0
2225,38717,2025-09-16,Not as described,1669.0
2226,39059,2025-09-16,Defective,449.0
2227,39904,2025-09-16,Wrong item,426.55
2228,38488,2025-09-16,Changed mind,845.6
2229,40760,2025-09-16,Defective,9898.2
2230,38790,2025-09-17,Defective,449.0
2231,41045,2025-09-17,Size/fit issue,186.15
2232,38735,2025-09-17,Changed mind,890.1
2233,38713,2025-09-17,Defective,719.0
2234,38822,2025-09-17,Late delivery,1418.65
2235,38514,2025-09-17,Size/fit issue,1169.0
2236,39849,2025-09-17,Changed mind,1898.1
2237,38616,2025-09-17,Changed mind,266.49
2238,39364,2025-09-18,Defective,4103.1
2239,40411,2025-09-18,Wrong item,449.0
2240,40918,2025-09-18,Defective,219.0
2241,39659,2025-09-18,Size/fit issue,179.0
2242,40489,2025-09-19,Changed mind,1481.49
2243,41459,2025-09-20,Not as described,404.1
2244,41099,2025-09-20,Size/fit issue,430.2
2245,41745,2025-09-20,Not as described,580.3
2246,41311,2025-09-20,Not as described,1304.1
2247,39273,2025-09-20,Not as described,898.0
2248,39591,2025-09-20,Size/fit issue,322.05
2249,40130,2025-09-20,Not as described,853.1
2250,41060,2025-09-21,Size/fit issue,426.55
2251,40547,2025-09-21,Defective,399.0
2252,39260,2025-09-21,Size/fit issue,426.55
2253,41292,2025-09-21,Changed mind,305.24
2254,41411,2025-09-22,Late delivery,349.0
2255,41686,2025-09-22,Changed mind,744.39
2256,41768,2025-09-22,Defective,9898.0
2257,40286,2025-09-22,Size/fit issue,1669.0
2258,39130,2025-09-22,Not as described,287.1
2259,41944,2025-09-22,Changed mind,785.74
2260,41533,2025-09-22,Not as described,219.0
2261,41750,2025-09-22,Defective,208.05
2262,41859,2025-09-23,Size/fit issue,1617.3
2263,41971,2025-09-23,Not as described,902.3
2264,40306,2025-09-23,Defective,829.0
2265,41500,2025-09-23,Size/fit issue,509.0
2266,41355,2025-09-23,Size/fit issue,882.55
2267,39196,2025-09-23,Wrong item,381.65
2268,40980,2025-09-23,Wrong item,808.2
2269,41274,2025-09-23,Size/fit issue,214.2
2270,40159,2025-09-24,Changed mind,206.1
2271,41804,2025-09-24,Changed mind,296.1
2272,41508,2025-09-24,Size/fit issue,296.1
2273,41095,2025-09-24,Size/fit issue,381.65
2274,39937,2025-09-24,Changed mind,96.39
2275,41456,2025-09-25,Wrong item,2362.65
2276,41882,2025-09-25,Not as described,449.0
2277,40392,2025-09-25,Size/fit issue,1969.0
2278,40010,2025-09-25,Changed mind,493.29
2279,41776,2025-09-25,Size/fit issue,426.55
2280,40192,2025-09-26,Not as described,438.0
2281,41693,2025-09-27,Wrong item,746.1
2282,40597,2025-09-27,Not as described,269.0
2283,41810,2025-09-27,Size/fit issue,449.0
2284,40258,2025-09-27,Changed mind,137.97
2285,41927,2025-09-27,Not as described,2662.2
2286,42258,2025-09-28,Defective,1367.05
2287,40534,2025-09-28,Not as described,449.0
2288,41189,2025-09-28,Defective,759.0
2289,41811,2025-09-28,Defective,559.0
2290,40546,2025-09-28,Size/fit issue,808.2
2291,40736,2025-09-28,Size/fit issue,449.0
2292,40508,2025-09-28,Size/fit issue,219.0
2293,42416,2025-09-29,Not as described,404.1
2294,39996,2025-09-29,Size/fit issue,1925.1
2295,42593,2025-09-29,Not as described,359.2
2296,40078,2025-09-29,Defective,663.2
2297,41457,2025-09-30,Defective,404.1
2298,40743,2025-09-30,Not as described,381.65
2299,41392,2025-10-01,Defective,219.0
2300,40961,2025-10-01,Changed mind,197.1
2301,41913,2025-10-01,Size/fit issue,404.1
2302,42536,2025-10-01,Wrong item,804.3
2303,40172,2025-10-01,Changed mind,1212.3
2304,42670,2025-10-01,Size/fit issue,699.0
2305,42098,2025-10-01,Size/fit issue,925.65
2306,41100,2025-10-01,Size/fit issue,449.0
2307,41278,2025-10-01,Wrong item,314.3
2308,40747,2025-10-01,Defective,1767.2
2309,41669,2025-10-02,Wrong item,404.1
2310,40203,2025-10-02,Not as described,449.0
2311,40635,2025-10-02,Defective,728.1
2312,41179,2025-10-02,Size/fit issue,369.0
2313,41734,2025-10-02,Wrong item,1554.65
2314,41637,2025-10-02,Defective,1988.1
2315,42130,2025-10-02,Wrong item,426.55
2316,42303,2025-10-03,Size/fit issue,381.65
2317,42551,2025-10-03,Not as described,208.05
2318,40429,2025-10-03,Changed mind,315.36
2319,41101,2025-10-03,Defective,1279.65
2320,40851,2025-10-03,Changed mind,233.1
2321,41865,2025-10-03,Changed mind,930.69
2322,40421,2025-10-03,Not as described,219.0
2323,40383,2025-10-04,Size/fit issue,735.2
2324,42317,2025-10-04,Not as described,429.0
2325,42878,2025-10-04,Changed mind,383.9
2326,42587,2025-10-04,Wrong item,381.65
2327,41542,2025-10-04,Size/fit issue,186.15
2328,41458,2025-10-05,Defective,217.55
2329,42360,2025-10-05,Changed mind,2912.36
2330,41393,2025-10-05,Changed mind,419.58
2331,41662,2025-10-05,Size/fit issue,1529.0
2332,41379,2025-10-05,Size/fit issue,449.0
2333,42571,2025-10-05,Size/fit issue,152.15
2334,41031,2025-10-05,Defective,436.05
2335,41619,2025-10-05,Changed mind,808.2
2336,41884,2025-10-06,Changed mind,404.1
2337,42135,2025-10-06,Wrong item,1827.0
2338,43426,2025-10-06,Size/fit issue,197.1
2339,43146,2025-10-06,Defective,6199.0
2340,43604,2025-10-06,Wrong item,718.4
2341,41670,2025-10-06,Defective,873.05
2342,42539,2025-10-06,Defective,449.0
2343,41088,2025-10-07,Changed mind,377.1
2344,42924,2025-10-07,Defective,329.0
2345,41742,2025-10-08,Changed mind,281.3
2346,40940,2025-10-08,Defective,4454.1
2347,43755,2025-10-08,Changed mind,727.38
2348,42964,2025-10-08,Changed mind,808.2
2349,40889,2025-10-08,Size/fit issue,808.2
2350,41150,2025-10-08,Changed mind,363.69
2351,43334,2025-10-08,Size/fit issue,278.1
2352,43067,2025-10-08,Not as described,404.1
2353,43688,2025-10-08,Not as described,1596.3
2354,42421,2025-10-08,Size/fit issue,1953.3
2355,41306,2025-10-08,Changed mind,392.44
2356,42032,2025-10-09,Defective,350.4
2357,43280,2025-10-09,Wrong item,449.0
2358,41423,2025-10-09,Defective,404.1
2359,41841,2025-10-09,Changed mind,808.2
2360,43007,2025-10-09,Size/fit issue,119.0
2361,43976,2025-10-09,Defective,898.0
2362,41400,2025-10-09,Size/fit issue,449.0
2363,43178,2025-10-09,Late delivery,3926.15
2364,42357,2025-10-09,Size/fit issue,1537.1
2365,43114,2025-10-09,Size/fit issue,399.0
2366,41028,2025-10-09,Wrong item,449.0
2367,41232,2025-10-10,Late delivery,1297.95
2368,43607,2025-10-10,Defective,368.1
2369,43510,2025-10-10,Defective,404.1
2370,42345,2025-10-10,Defective,1562.3
2371,43425,2025-10-10,Size/fit issue,208.05
2372,42022,2025-10-11,Defective,219.0
2373,42392,2025-10-11,Changed mind,404.1
2374,42384,2025-10-11,Changed mind,233.1
2375,41854,2025-10-11,Defective,1829.0
2376,41617,2025-10-11,Size/fit issue,413.1
2377,43239,2025-10-11,Changed mind,2968.2
2378,41866,2025-10-11,Size/fit issue,296.1
2379,41316,2025-10-11,Not as described,413.1
2380,44271,2025-10-11,Size/fit issue,5718.0
2381,43059,2025-10-11,Size/fit issue,4467.0
2382,41989,2025-10-11,Changed mind,767.79
2383,42508,2025-10-11,Not as described,186.15
2384,41356,2025-10-12,Not as described,1149.0
2385,43362,2025-10-12,Defective,167.2
2386,41705,2025-10-12,Defective,6199.0
2387,44210,2025-10-12,Defective,449.0
2388,43189,2025-10-12,Changed mind,404.1
2389,43756,2025-10-13,Size/fit issue,1459.0
2390,42967,2025-10-13,Wrong item,335.3
2391,41478,2025-10-13,Size/fit issue,1829.0
2392,42819,2025-10-13,Changed mind,799.47
2393,43955,2025-10-13,Defective,1419.0
2394,42718,2025-10-13,Changed mind,3256.7
2395,43783,2025-10-13,Size/fit issue,599.0
2396,41896,2025-10-14,Defective,219.0
2397,43989,2025-10-14,Defective,1347.0
2398,44322,2025-10-14,Late delivery,492.1
2399,44555,2025-10-14,Changed mind,404.1
2400,42068,2025-10-15,Not as described,5539.0
2401,44645,2025-10-15,Wrong item,413.1
2402,43043,2025-10-15,Size/fit issue,699.0
2403,43410,2025-10-15,Changed mind,236.88
2404,43647,2025-10-15,Changed mind,386.1
2405,44445,2025-10-15,Size/fit issue,449.0
2406,44647,2025-10-16,Defective,203.15
2407,41845,2025-10-16,Defective,404.1
2408,43254,2025-10-16,Defective,873.05
2409,44389,2025-10-16,Defective,209.0
2410,44416,2025-10-16,Defective,263.2
2411,43786,2025-10-16,Changed mind,1698.57
2412,43796,2025-10-16,Defective,404.1
2413,43271,2025-10-17,Wrong item,439.2
2414,42833,2025-10-17,Not as described,438.0
2415,43444,2025-10-17,Not as described,438.0
2416,44016,2025-10-17,Size/fit issue,1690.05
2417,43336,2025-10-17,Size/fit issue,4690.3
2418,42719,2025-10-17,Not as described,263.2
2419,43045,2025-10-17,Size/fit issue,312.55
2420,43996,2025-10-17,Changed mind,1212.3
2421,44338,2025-10-18,Changed mind,323.28
2422,44328,2025-10-18,Defective,2392.6
2423,44100,2025-10-18,Not as described,2298.0
2424,42326,2025-10-18,Size/fit issue,853.1
2425,43659,2025-10-18,Not as described,449.0
2426,42260,2025-10-18,Size/fit issue,2718.0
2427,44765,2025-10-18,Changed mind,3325.68
2428,42023,2025-10-18,Changed mind,404.1
2429,43492,2025-10-18,Not as described,426.55
2430,43025,2025-10-19,Changed mind,103769.1
2431,45121,2025-10-19,Size/fit issue,208.05
2432,43378,2025-10-19,Not as described,6218.0
2433,42382,2025-10-19,Wrong item,476.1
2434,44237,2025-10-19,Size/fit issue,1223.2
2435,43457,2025-10-19,Wrong item,186.15
2436,44822,2025-10-19,Changed mind,970.79
2437,43733,2025-10-19,Defective,673.55
2438,44634,2025-10-19,Changed mind,413.1
2439,42744,2025-10-19,Changed mind,3292.2
2440,45151,2025-10-19,Size/fit issue,197.1
2441,42816,2025-10-19,Changed mind,404.1
2442,43241,2025-10-20,Changed mind,195.8
2443,43628,2025-10-20,Size/fit issue,999.0
2444,43088,2025-10-20,Wrong item,5949.15
2445,42140,2025-10-20,Changed mind,2358.95
2446,45289,2025-10-20,Not as described,849.0
2447,44791,2025-10-20,Defective,1205.3
2448,42366,2025-10-21,Size/fit issue,1799.0
2449,42365,2025-10-21,Changed mind,1212.3
2450,44638,2025-10-21,Size/fit issue,1699.55
2451,43908,2025-10-21,Defective,426.55
2452,42402,2025-10-21,Defective,219.0
2453,43489,2025-10-22,Size/fit issue,10683.65
2454,42827,2025-10-22,Not as described,7428.05
2455,45575,2025-10-22,Not as described,4058.0
2456,42931,2025-10-22,Size/fit issue,179.0
2457,44470,2025-10-22,Changed mind,167.54
2458,44985,2025-10-23,Defective,359.2
2459,42870,2025-10-23,Changed mind,646.56
2460,44283,2025-10-23,Size/fit issue,426.55
2461,43330,2025-10-24,Wrong item,369.0
2462,45638,2025-10-25,Wrong item,426.55
2463,45674,2025-10-25,Defective,209.0
2464,43197,2025-10-25,Defective,119.0
2465,46070,2025-10-25,Not as described,798.15
2466,43475,2025-10-25,Not as described,219.0
2467,44302,2025-10-25,Changed mind,343.48
2468,45689,2025-10-25,Wrong item,449.0
2469,43181,2025-10-25,Defective,2621.05
2470,45022,2025-10-26,Defective,208.05
2471,45806,2025-10-26,Size/fit issue,359.1
2472,44713,2025-10-26,Defective,426.55
2473,43360,2025-10-26,Not as described,1529.0
2474,44790,2025-10-26,Defective,674.1
2475,43544,2025-10-26,Not as described,2710.65
2476,43724,2025-10-27,Late delivery,153.3
2477,43939,2025-10-27,Defective,639.0
2478,43464,2025-10-27,Changed mind,366.8
2479,44548,2025-10-27,Size/fit issue,369.0
2480,43329,2025-10-28,Size/fit issue,381.65
2481,43655,2025-10-28,Size/fit issue,219.0
2482,46457,2025-10-28,Changed mind,686.97
2483,45928,2025-10-28,Not as described,1377.0
2484,43256,2025-10-28,Size/fit issue,404.1
2485,46236,2025-10-29,Defective,431.1
2486,46536,2025-10-30,Size/fit issue,449.0
2487,46460,2025-10-30,Size/fit issue,8939.0
2488,45357,2025-10-30,Not as described,404.1
2489,46167,2025-10-30,Defective,898.0
2490,45237,2025-10-30,Changed mind,169.29
2491,46134,2025-10-30,Not as described,755.65
2492,45781,2025-10-30,Changed mind,1646.1
2493,46844,2025-10-31,Changed mind,296.1
2494,45760,2025-10-31,Size/fit issue,1376.1
2495,44807,2025-11-01,Changed mind,137.97
2496,45610,2025-11-01,Changed mind,314.1
2497,46220,2025-11-01,Size/fit issue,7578.0
2498,46014,2025-11-01,Defective,407.15
2499,44417,2025-11-01,Size/fit issue,483.55
2500,44083,2025-11-01,Changed mind,404.1
2501,44855,2025-11-02,Defective,1623.55
2502,45398,2025-11-02,Size/fit issue,1419.0
2503,45637,2025-11-02,Changed mind,404.1
2504,44217,2025-11-02,Changed mind,794.3
2505,46040,2025-11-02,Size/fit issue,449.0
2506,44354,2025-11-02,Defective,709.0
2507,45931,2025-11-02,Changed mind,1769.0
2508,44080,2025-11-03,Late delivery,449.0
2509,44244,2025-11-03,Changed mind,343.48
2510,46507,2025-11-03,Defective,559.0
2511,44145,2025-11-03,Defective,214.2
2512,43918,2025-11-03,Changed mind,4985.1
2513,46075,2025-11-03,Changed mind,686.97
2514,45737,2025-11-04,Size/fit issue,889.0
2515,45624,2025-11-04,Size/fit issue,431.1
2516,46087,2025-11-04,Late delivery,459.0
2517,44056,2025-11-04,Size/fit issue,865.3
2518,47030,2025-11-04,Size/fit issue,399.0
2519,46408,2025-11-04,Defective,1414.55
2520,46722,2025-11-04,Not as described,311.2
2521,44066,2025-11-04,Changed mind,1351.89
2522,45411,2025-11-05,Defective,2183.1
2523,44672,2025-11-05,Size/fit issue,449.0
2524,44813,2025-11-05,Changed mind,1212.3
2525,46366,2025-11-05,Defective,208.05
2526,46219,2025-11-05,Defective,449.0
2527,44494,2025-11-05,Size/fit issue,1149.0
2528,47083,2025-11-05,Size/fit issue,449.0
2529,44359,2025-11-05,Defective,206.1
2530,44396,2025-11-05,Defective,4966.2
2531,46902,2025-11-06,Size/fit issue,312.55
2532,46165,2025-11-06,Wrong item,836.1
2533,47227,2025-11-06,Changed mind,359.1
2534,47438,2025-11-06,Changed mind,3117.69
2535,47009,2025-11-06,Changed mind,206.1
2536,46529,2025-11-07,Changed mind,1646.1
2537,45065,2025-11-07,Defective,219.0
2538,44385,2025-11-07,Wrong item,853.1
2539,46884,2025-11-07,Changed mind,494.1
2540,45238,2025-11-07,Changed mind,177.39
2541,46627,2025-11-08,Wrong item,376.2
2542,44919,2025-11-08,Not as described,230.3
2543,47735,2025-11-08,Size/fit issue,4318.0
2544,47283,2025-11-08,Not as described,309.0
2545,44743,2025-11-08,Not as described,1091.55
2546,47576,2025-11-08,Changed mind,708.8
2547,47249,2025-11-09,Defective,449.0
2548,47392,2025-11-09,Size/fit issue,1520.65
2549,45406,2025-11-09,Changed mind,266.49
2550,46393,2025-11-09,Defective,2870.1
2551,44617,2025-11-09,Defective,404.1
2552,45763,2025-11-10,Size/fit issue,449.0
2553,48089,2025-11-10,Size/fit issue,800.1
2554,46382,2025-11-10,Wrong item,426.55
2555,47046,2025-11-10,Size/fit issue,5579.1
2556,44909,2025-11-10,Wrong item,314.3
2557,45786,2025-11-11,Wrong item,1953.3
2558,45010,2025-11-11,Not as described,359.2
2559,46431,2025-11-11,Not as described,483.55
2560,47152,2025-11-12,Size/fit issue,898.0
2561,46277,2025-11-12,Changed mind,1085.54
2562,45921,2025-11-12,Size/fit issue,808.2
2563,45123,2025-11-12,Size/fit issue,314.3
2564,45382,2025-11-12,Changed mind,363.69
2565,45696,2025-11-12,Changed mind,764.1
2566,47031,2025-11-12,Defective,627.0
2567,48265,2025-11-13,Defective,455.05
2568,47855,2025-11-13,Wrong item,449.65
2569,48022,2025-11-13,Size/fit issue,1347.0
2570,45776,2025-11-13,Defective,1554.65
2571,48038,2025-11-13,Not as described,1109.0
2572,48132,2025-11-13,Size/fit issue,449.0
2573,45908,2025-11-14,Defective,219.0
2574,47345,2025-11-14,Late delivery,890.1
2575,45297,2025-11-14,Not as described,1529.0
2576,47445,2025-11-14,Defective,429.0
2577,46058,2025-11-14,Changed mind,1646.1
2578,46111,2025-11-15,Defective,449.0
2579,45586,2025-11-15,Defective,1780.2
2580,46524,2025-11-15,Defective,898.0
2581,45436,2025-11-15,Changed mind,548.1
2582,46184,2025-11-16,Changed mind,197.1
2583,48071,2025-11-16,Size/fit issue,1089.0
2584,46153,2025-11-16,Size/fit issue,1838.0
2585,48255,2025-11-16,Wrong item,197.1
2586,45626,2025-11-16,Changed mind,5445.27
2587,47130,2025-11-16,Late delivery,449.0
2588,46107,2025-11-16,Size/fit issue,376.2
2589,46613,2025-11-16,Changed mind,144.99
2590,48893,2025-11-16,Defective,359.2
2591,47117,2025-11-17,Not as described,440.3
2592,47903,2025-11-17,Defective,4197.1
2593,48546,2025-11-17,Defective,657.0
2594,48391,2025-11-17,Late delivery,664.05
2595,48607,2025-11-17,Size/fit issue,6949.0
2596,48380,2025-11-17,Not as described,1034.1
2597,48937,2025-11-18,Changed mind,351.14
2598,48502,2025-11-18,Changed mind,727.38
2599,47361,2025-11-18,Wrong item,919.0
2600,45779,2025-11-18,Not as described,2183.1
2601,46735,2025-11-18,Size/fit issue,99368.1
2602,48111,2025-11-18,Size/fit issue,2097.0
2603,48806,2025-11-18,Not as described,989.0
2604,48605,2025-11-19,Defective,449.0
2605,46986,2025-11-19,Defective,207.2
2606,47741,2025-11-19,Size/fit issue,449.0
2607,49361,2025-11-19,Defective,679.2
2608,46257,2025-11-19,Defective,1689.1
2609,46117,2025-11-19,Wrong item,709.0
2610,47579,2025-11-19,Size/fit issue,350.4
2611,46966,2025-11-19,Changed mind,159.89
2612,48953,2025-11-20,Defective,329.0
2613,46777,2025-11-20,Not as described,1279.65
2614,48163,2025-11-20,Size/fit issue,359.2
2615,48808,2025-11-20,Changed mind,197.1
2616,46211,2025-11-20,Changed mind,404.1
2617,47016,2025-11-20,Defective,381.65
2618,48195,2025-11-20,Size/fit issue,208.05
2619,49137,2025-11-20,Not as described,219.0
2620,46021,2025-11-20,Size/fit issue,209.0
2621,47491,2025-11-20,Not as described,449.0
2622,48686,2025-11-21,Size/fit issue,209.0
2623,47002,2025-11-21,Not as described,219.0
2624,46252,2025-11-21,Size/fit issue,754.2
2625,48153,2025-11-21,Defective,898.0
2626,49498,2025-11-21,Size/fit issue,246.05
2627,49496,2025-11-21,Not as described,455.05
2628,48662,2025-11-21,Size/fit issue,449.0
2629,46109,2025-11-21,Size/fit issue,409.0
2630,46495,2025-11-21,Late delivery,449.0
2631,49225,2025-11-21,Size/fit issue,359.2
2632,46768,2025-11-21,Not as described,209.0
2633,48114,2025-11-22,Defective,107.1
2634,48859,2025-11-22,Size/fit issue,732.9
2635,47348,2025-11-22,Changed mind,845.6
2636,49240,2025-11-22,Not as described,889.0
2637,46607,2025-11-22,Defective,209.0
2638,47875,2025-11-22,Size/fit issue,5925.6
2639,49413,2025-11-22,Late delivery,404.1
2640,48658,2025-11-23,Not as described,827.1
2641,48539,2025-11-23,Changed mind,383.9
2642,48336,2025-11-23,Wrong item,826.2
2643,48541,2025-11-23,Not as described,381.65
2644,47003,2025-11-23,Size/fit issue,459.0
2645,48115,2025-11-23,Wrong item,1149.0
2646,48907,2025-11-23,Defective,404.1
2647,46583,2025-11-23,Defective,1218.0
2648,49713,2025-11-23,Not as described,233.1
2649,46620,2025-11-24,Size/fit issue,1077.6
2650,49101,2025-11-24,Changed mind,1316.88
2651,48676,2025-11-24,Defective,431.1
2652,49028,2025-11-24,Not as described,449.0
2653,49230,2025-11-25,Defective,607.2
2654,48372,2025-11-25,Size/fit issue,426.55
2655,46809,2025-11-25,Late delivery,898.0
2656,48711,2025-11-25,Changed mind,998.1
2657,48705,2025-11-25,Size/fit issue,449.0
2658,46672,2025-11-25,Changed mind,5021.19
2659,48407,2025-11-25,Not as described,1174.6
2660,50005,2025-11-25,Size/fit issue,329.0
2661,49449,2025-11-25,Defective,349.0
2662,47508,2025-11-26,Not as described,998.1
2663,49507,2025-11-26,Changed mind,404.1
2664,47705,2025-11-26,Defective,1527.0
2665,49069,2025-11-26,Not as described,186.15
2666,49768,2025-11-26,Changed mind,214.2
2667,48335,2025-11-26,Size/fit issue,721.05
2668,46855,2025-11-26,Defective,449.0
2669,47486,2025-11-27,Changed mind,350.1
2670,47878,2025-11-27,Wrong item,1222.65
2671,50034,2025-11-27,Defective,219.0
2672,49893,2025-11-27,Size/fit issue,449.0
2673,47375,2025-11-27,Changed mind,2201.58
2674,49355,2025-11-27,Changed mind,3366.99
2675,50375,2025-11-27,Defective,449.0
2676,48454,2025-11-28,Changed mind,233.1
2677,48660,2025-11-28,Not as described,3464.1
2678,49979,2025-11-28,Defective,449.0
2679,50213,2025-11-28,Size/fit issue,247.2
2680,47278,2025-11-28,Not as described,6199.0
2681,47165,2025-11-28,Changed mind,214.2
2682,50444,2025-11-28,Late delivery,449.0
2683,47839,2025-11-28,Size/fit issue,1240.15
2684,49510,2025-11-29,Size/fit issue,998.1
2685,50394,2025-11-29,Wrong item,1709.0
2686,49777,2025-11-29,Size/fit issue,1359.0
2687,50675,2025-11-29,Not as described,233.1
2688,47628,2025-11-29,Defective,449.0
2689,49560,2025-11-29,Defective,246.05
2690,48761,2025-11-29,Late delivery,449.0
2691,48990,2025-11-29,Changed mind,2792.07
2692,49573,2025-11-29,Size/fit issue,449.0
2693,48879,2025-11-29,Defective,426.55
2694,49650,2025-11-30,Changed mind,404.1
2695,47641,2025-11-30,Changed mind,128.88
2696,50206,2025-11-30,Changed mind,404.1
2697,49310,2025-11-30,Size/fit issue,219.0
2698,50106,2025-11-30,Wrong item,219.0
2699,47945,2025-11-30,Not as described,718.4
2700,50069,2025-11-30,Size/fit issue,399.0
2701,47294,2025-11-30,Not as described,1359.0
2702,49928,2025-11-30,Late delivery,449.0
2703,48158,2025-12-01,Size/fit issue,698.0
2704,49390,2025-12-01,Changed mind,233.1
2705,49842,2025-12-01,Size/fit issue,359.2
2706,47661,2025-12-01,Late delivery,449.0
2707,48200,2025-12-01,Size/fit issue,219.0
2708,47814,2025-12-01,Changed mind,862.2
2709,50419,2025-12-02,Defective,6999.0
2710,50129,2025-12-02,Size/fit issue,818.0
2711,48055,2025-12-02,Changed mind,1304.1
2712,48563,2025-12-02,Not as described,416.1
2713,49396,2025-12-02,Defective,2209.0
2714,50207,2025-12-02,Late delivery,404.1
2715,50457,2025-12-02,Defective,329.0
2716,48712,2025-12-02,Not as described,381.65
2717,50729,2025-12-02,Changed mind,363.69
2718,48760,2025-12-02,Defective,459.0
2719,47989,2025-12-03,Defective,388.55
2720,49298,2025-12-03,Late delivery,919.0
2721,50843,2025-12-03,Size/fit issue,967.1
2722,49775,2025-12-03,Changed mind,404.1
2723,48833,2025-12-03,Wrong item,658.0
2724,48849,2025-12-03,Not as described,1619.1
2725,48877,2025-12-03,Changed mind,1504.98
2726,50788,2025-12-03,Not as described,312.55
2727,48467,2025-12-03,Changed mind,383.9
2728,50756,2025-12-03,Changed mind,296.1
2729,48540,2025-12-04,Wrong item,449.0
2730,50159,2025-12-04,Size/fit issue,426.55
2731,51379,2025-12-04,Defective,197.1
2732,51320,2025-12-04,Size/fit issue,578.55
2733,48791,2025-12-05,Not as described,1212.3
2734,50179,2025-12-05,Size/fit issue,449.0
2735,51283,2025-12-05,Size/fit issue,711.55
2736,48338,2025-12-05,Wrong item,1838.0
2737,51271,2025-12-05,Not as described,873.05
2738,51184,2025-12-05,Size/fit issue,246.05
2739,48197,2025-12-06,Not as described,449.0
2740,51105,2025-12-06,Defective,5499.0
2741,50528,2025-12-06,Not as described,269.0
2742,51131,2025-12-06,Not as described,898.0
2743,49401,2025-12-06,Not as described,449.0
2744,49009,2025-12-06,Defective,459.0
2745,49204,2025-12-06,Changed mind,387.99
2746,50004,2025-12-06,Changed mind,282.87
2747,51404,2025-12-07,Changed mind,296.1
2748,50186,2025-12-07,Defective,709.0
2749,51600,2025-12-07,Changed mind,22814.1
2750,49466,2025-12-07,Not as described,418.0
2751,48346,2025-12-07,Size/fit issue,449.0
2752,50373,2025-12-07,Not as described,219.0
2753,50368,2025-12-07,Wrong item,404.1
2754,50677,2025-12-07,Defective,449.0
2755,49508,2025-12-08,Size/fit issue,449.0
2756,50065,2025-12-08,Changed mind,1304.1
2757,49033,2025-12-09,Wrong item,449.0
2758,49907,2025-12-09,Size/fit issue,1527.0
2759,49934,2025-12-09,Defective,438.0
2760,49163,2025-12-09,Defective,3169.0
2761,50804,2025-12-09,Defective,564.3
2762,50535,2025-12-09,Not as described,459.0
2763,49982,2025-12-09,Defective,426.55
2764,49108,2025-12-09,Size/fit issue,1149.0
2765,48657,2025-12-10,Wrong item,887.2
2766,51551,2025-12-10,Not as described,639.0
2767,51002,2025-12-10,Size/fit issue,1212.3
2768,49201,2025-12-10,Wrong item,9118.0
2769,50826,2025-12-11,Not as described,449.0
2770,50405,2025-12-11,Not as described,177.65
2771,51546,2025-12-11,Defective,11158.2
2772,50273,2025-12-11,Changed mind,6235.38
2773,49808,2025-12-11,Late delivery,279.65
2774,50407,2025-12-11,Defective,175.2
2775,49821,2025-12-11,Changed mind,827.1
2776,50888,2025-12-11,Not as described,804.3
2777,50877,2025-12-12,Not as described,3447.0
2778,51907,2025-12-12,Not as described,2759.0
2779,51701,2025-12-12,Changed mind,383.9
2780,49193,2025-12-12,Changed mind,404.1
2781,50519,2025-12-12,Size/fit issue,230.3
2782,52410,2025-12-12,Size/fit issue,419.0
2783,52199,2025-12-12,Not as described,2757.0
2784,52071,2025-12-13,Size/fit issue,763.3
2785,49891,2025-12-13,Changed mind,2626.2
2786,49464,2025-12-13,Defective,1569.0
2787,51547,2025-12-13,Defective,409.0
2788,52439,2025-12-13,Size/fit issue,479.0
2789,50710,2025-12-13,Defective,416.1
2790,51771,2025-12-13,Not as described,1429.0
2791,52174,2025-12-13,Size/fit issue,1221.45
2792,49314,2025-12-13,Wrong item,399.0
2793,49955,2025-12-13,Late delivery,381.65
2794,49863,2025-12-13,Changed mind,404.1
2795,49147,2025-12-13,Not as described,259.0
2796,50757,2025-12-14,Changed mind,343.48
2797,50203,2025-12-14,Defective,329.0
2798,52074,2025-12-14,Changed mind,387.99
2799,49836,2025-12-14,Not as described,572.6
2800,50174,2025-12-14,Wrong item,449.0
2801,49180,2025-12-14,Size/fit issue,198.55
2802,51804,2025-12-14,Late delivery,898.0
2803,50161,2025-12-14,Size/fit issue,503.1
2804,50064,2025-12-14,Changed mind,727.38
2805,50758,2025-12-14,Wrong item,636.65
2806,51037,2025-12-14,Changed mind,413.1
2807,50884,2025-12-15,Not as described,426.55
2808,49594,2025-12-15,Changed mind,592.2
2809,50727,2025-12-15,Not as described,219.0
2810,49892,2025-12-15,Not as described,359.2
2811,50617,2025-12-15,Not as described,198736.2
2812,50724,2025-12-15,Changed mind,452.79
2813,51034,2025-12-15,Changed mind,930.69
2814,51210,2025-12-15,Wrong item,10114.15
2815,51090,2025-12-15,Changed mind,404.1
2816,50564,2025-12-16,Changed mind,282.87
2817,49557,2025-12-16,Defective,595.65
2818,49549,2025-12-16,Not as described,699.0
2819,50986,2025-12-16,Changed mind,808.2
2820,49669,2025-12-16,Size/fit issue,759.0
2821,51674,2025-12-16,Defective,1212.3
2822,53087,2025-12-16,Not as described,359.2
2823,52933,2025-12-16,Defective,381.65
2824,52630,2025-12-17,Not as described,312.55
2825,51501,2025-12-17,Late delivery,381.65
2826,52164,2025-12-17,Changed mind,404.1
2827,52210,2025-12-17,Defective,219.0
2828,51019,2025-12-18,Size/fit issue,764.1
2829,49762,2025-12-18,Size/fit issue,5889.05
2830,52332,2025-12-18,Defective,599.0
2831,49739,2025-12-18,Defective,873.05
2832,52380,2025-12-18,Changed mind,1457.19
2833,52823,2025-12-18,Not as described,188.1
2834,52085,2025-12-18,Not as described,483.55
2835,52167,2025-12-18,Size/fit issue,418.0
2836,50634,2025-12-18,Changed mind,1258.2
2837,51247,2025-12-18,Wrong item,359.2
2838,52421,2025-12-19,Not as described,1347.0
2839,53080,2025-12-19,Late delivery,5579.1
2840,52528,2025-12-19,Size/fit issue,449.0
2841,52707,2025-12-20,Size/fit issue,479.0
2842,53397,2025-12-20,Size/fit issue,359.2
2843,53643,2025-12-20,Defective,219.0
2844,53329,2025-12-20,Defective,829.0
2845,53203,2025-12-20,Defective,359.2
2846,50453,2025-12-20,Not as described,829.0
2847,52781,2025-12-20,Size/fit issue,197.1
2848,51715,2025-12-21,Not as described,449.0
2849,51367,2025-12-21,Not as described,359.1
2850,53500,2025-12-21,Size/fit issue,426.55
2851,52776,2025-12-21,Not as described,449.0
2852,50925,2025-12-21,Defective,389.0
2853,51530,2025-12-21,Not as described,763.3
2854,51531,2025-12-21,Changed mind,503.1
2855,52297,2025-12-21,Size/fit issue,359.2
2856,52352,2025-12-22,Wrong item,312.55
2857,53882,2025-12-22,Changed mind,1100.88
2858,52027,2025-12-22,Late delivery,827.1
2859,50934,2025-12-22,Defective,548.1
2860,50222,2025-12-22,Late delivery,404.1
2861,53689,2025-12-22,Size/fit issue,219.0
2862,51359,2025-12-22,Not as described,808.2
2863,50950,2025-12-22,Not as described,937.65
2864,50517,2025-12-22,Defective,1070.3
2865,51791,2025-12-23,Size/fit issue,359.2
2866,53932,2025-12-23,Size/fit issue,381.65
2867,52754,2025-12-23,Changed mind,251.68
2868,53624,2025-12-23,Defective,1291.05
2869,50827,2025-12-24,Defective,939.55
2870,52954,2025-12-24,Wrong item,919.0
2871,50999,2025-12-24,Size/fit issue,381.65
2872,50576,2025-12-24,Not as described,368.1
2873,53917,2025-12-24,Size/fit issue,1018.0
2874,50635,2025-12-24,Defective,449.0
2875,51368,2025-12-24,Changed mind,575.1
2876,53873,2025-12-24,Not as described,459.0
2877,51539,2025-12-25,Changed mind,531.36
2878,53339,2025-12-25,Size/fit issue,1188.3
2879,51954,2025-12-25,Changed mind,383.9
2880,53980,2025-12-25,Not as described,329.0
2881,51883,2025-12-25,Not as described,2032.05
2882,51041,2025-12-25,Changed mind,617.76
2883,53272,2025-12-25,Defective,449.0
2884,52065,2025-12-26,Changed mind,350.1
2885,50984,2025-12-26,Defective,426.55
2886,53193,2025-12-26,Wrong item,416.1
2887,51818,2025-12-26,Not as described,839.0
2888,52170,2025-12-26,Defective,438.0
2889,51139,2025-12-26,Changed mind,404.1
2890,51808,2025-12-26,Late delivery,531.05
2891,53817,2025-12-26,Size/fit issue,1969.0
2892,52685,2025-12-26,Not as described,219.0
2893,53972,2025-12-27,Late delivery,698.0
2894,53477,2025-12-27,Size/fit issue,2068.2
2895,52494,2025-12-27,Defective,449.0
2896,53963,2025-12-27,Defective,1291.05
2897,53661,2025-12-27,Size/fit issue,749.0
2898,52526,2025-12-27,Defective,296.1
2899,52177,2025-12-27,Size/fit issue,709.0
2900,53002,2025-12-27,Wrong item,898.0
2901,52301,2025-12-28,Late delivery,381.65
2902,51520,2025-12-28,Size/fit issue,2757.0
2903,51080,2025-12-28,Changed mind,2022.3
2904,51133,2025-12-28,Changed mind,1862.1
2905,51664,2025-12-28,Defective,1091.55
2906,52676,2025-12-28,Defective,183.2
2907,51154,2025-12-28,Wrong item,449.0
2908,52768,2025-12-28,Defective,449.0
2909,52962,2025-12-28,Size/fit issue,479.0
2910,52881,2025-12-29,Changed mind,431.1
2911,52934,2025-12-29,Defective,1149.0
2912,53918,2025-12-29,Changed mind,215.1
2913,52451,2025-12-29,Not as described,808.2
2914,52275,2025-12-29,Wrong item,327.2
2915,52579,2025-12-29,Defective,3109.0
2916,52715,2025-12-29,Late delivery,449.0
2917,51484,2025-12-29,Not as described,449.0
2918,52571,2025-12-30,Defective,381.65
2919,52214,2025-12-30,Size/fit issue,689.0
2920,51605,2025-12-30,Changed mind,736.29
2921,51815,2025-12-30,Defective,186.15
2922,54002,2025-12-30,Wrong item,186.15
2923,53008,2025-12-30,Changed mind,5003.28
2924,51757,2025-12-30,Size/fit issue,197.1
2925,51675,2025-12-31,Late delivery,404.1
2926,52888,2025-12-31,Wrong item,409.0
2927,53177,2025-12-31,Not as described,229.0
2928,53923,2025-12-31,Defective,198736.2
2929,53998,2025-12-31,Size/fit issue,359.2
2930,52145,2025-12-31,Not as described,296.1
2931,53805,2025-12-31,Not as described,449.0
2932,53593,2025-12-31,Not as described,1829.0
2933,53195,2025-12-31,Changed mind,674.1
2934,52091,2025-12-31,Defective,919.0
2935,53436,2025-12-31,Not as described,2538.0
2936,52997,2025-12-31,Size/fit issue,449.0
2937,52081,2025-12-31,Size/fit issue,449.0
2938,52876,2025-12-31,Changed mind,383.9
2939,53488,2025-12-31,Changed mind,664.2
2940,53793,2025-12-31,Wrong item,449.0
2941,53438,2025-12-31,Defective,449.0
2942,52654,2025-12-31,Size/fit issue,1018.0
2943,53554,2025-12-31,Not as described,1091.55
2944,53762,2025-12-31,Late delivery,647.2
2945,53995,2025-12-31,Not as described,306.6
2946,53992,2025-12-31,Changed mind,404.1
2947,54012,2025-12-31,Changed mind,363.69
2948,53284,2025-12-31,Changed mind,383.9
2949,53428,2025-12-31,Changed mind,1034.1
2950,53420,2025-12-31,Changed mind,404.1
2951,54001,2025-12-31,Size/fit issue,404.1
2952,54018,2025-12-31,Late delivery,1034.1
2953,53049,2025-12-31,Changed mind,727.38
2954,52988,2025-12-31,Wrong item,288.15
2955,52018,2025-12-31,Defective,449.0
2956,52480,2025-12-31,Defective,559.3
2957,53047,2025-12-31,Defective,593.3
2958,53479,2025-12-31,Size/fit issue,808.2
2959,52303,2025-12-31,Size/fit issue,639.0
2960,54010,2025-12-31,Wrong item,208.05
2961,53941,2025-12-31,Defective,14847.3
2962,52471,2025-12-31,Size/fit issue,449.0
2963,53068,2025-12-31,Size/fit issue,349.0
2964,53742,2025-12-31,Not as described,404.1
2965,53099,2025-12-31,Wrong item,186.15
2966,52656,2025-12-31,Defective,312.55
2967,53766,2025-12-31,Defective,404.1
2968,53367,2025-12-31,Wrong item,749.0
2969,53648,2025-12-31,Wrong item,449.0
2970,52689,2025-12-31,Not as described,5518.0
2971,52379,2025-12-31,Wrong item,426.55
2972,53800,2025-12-31,Not as described,449.0
2973,53004,2025-12-31,Defective,404.1
2974,53675,2025-12-31,Changed mind,371.79
2975,53687,2025-12-31,Defective,449.0
2976,53036,2025-12-31,Size/fit issue,426.55
2977,52055,2025-12-31,Wrong item,1669.0
2978,53540,2025-12-31,Size/fit issue,1205.55
2979,53060,2025-12-31,Size/fit issue,449.0
2980,53003,2025-12-31,Defective,509.0
2981,53611,2025-12-31,Size/fit issue,827.1
2982,53293,2025-12-31,Size/fit issue,566.3
2983,53962,2025-12-31,Size/fit issue,5889.05
